parent_id,parent_name,rake,style,count
1,Airport Lake,-132,normal oblique,2
1,Airport Lake,-121,normal oblique,5
1,Airport Lake,-114,normal oblique,4
1,Airport Lake,-112,normal oblique,3
1,Airport Lake,-110,normal,5
1,Airport Lake,-107,normal,10
1,Airport Lake,-104,normal,5
1,Airport Lake,-102,normal,6
1,Airport Lake,-90,normal,50
2,Almanor,-135,normal oblique,197
4,Anacapa - Dume [2],33,reverse oblique,12
4,Anacapa - Dume [2],34,reverse oblique,249
4,Anacapa - Dume [2],35,reverse oblique,177
4,Anacapa - Dume [2],36,reverse oblique,144
4,Anacapa - Dume [2],37,reverse oblique,113
4,Anacapa - Dume [2],38,reverse oblique,136
4,Anacapa - Dume [2],39,reverse oblique,116
4,Anacapa - Dume [2],40,reverse oblique,198
4,Anacapa - Dume [2],41,reverse oblique,248
4,Anacapa - Dume [2],42,reverse oblique,498
4,Anacapa - Dume [2],43,reverse oblique,510
4,Anacapa - Dume [2],44,reverse oblique,777
4,Anacapa - Dume [2],45,reverse oblique,644
4,Anacapa - Dume [2],46,reverse oblique,1103
4,Anacapa - Dume [2],47,reverse oblique,929
4,Anacapa - Dume [2],48,reverse oblique,1055
4,Anacapa - Dume [2],49,reverse oblique,809
4,Anacapa - Dume [2],50,reverse oblique,1018
4,Anacapa - Dume [2],51,reverse oblique,956
4,Anacapa - Dume [2],52,reverse oblique,1270
4,Anacapa - Dume [2],53,reverse oblique,1061
4,Anacapa - Dume [2],54,reverse oblique,1291
4,Anacapa - Dume [2],55,reverse oblique,1027
4,Anacapa - Dume [2],56,reverse oblique,1211
4,Anacapa - Dume [2],57,reverse oblique,1110
4,Anacapa - Dume [2],58,reverse oblique,1542
4,Anacapa - Dume [2],59,reverse oblique,1360
4,Anacapa - Dume [2],60,reverse oblique,1662
4,Anacapa - Dume [2],61,reverse oblique,1325
4,Anacapa - Dume [2],62,reverse oblique,1468
4,Anacapa - Dume [2],63,reverse oblique,1247
4,Anacapa - Dume [2],64,reverse oblique,1384
4,Anacapa - Dume [2],65,reverse oblique,1239
4,Anacapa - Dume [2],66,reverse oblique,1313
4,Anacapa - Dume [2],67,reverse oblique,975
4,Anacapa - Dume [2],68,reverse oblique,1045
4,Anacapa - Dume [2],69,reverse oblique,854
4,Anacapa - Dume [2],70,reverse,1091
4,Anacapa - Dume [2],71,reverse,814
4,Anacapa - Dume [2],72,reverse,850
4,Anacapa - Dume [2],73,reverse,625
4,Anacapa - Dume [2],74,reverse,713
4,Anacapa - Dume [2],75,reverse,500
4,Anacapa - Dume [2],76,reverse,674
4,Anacapa - Dume [2],77,reverse,380
4,Anacapa - Dume [2],78,reverse,590
4,Anacapa - Dume [2],79,reverse,391
4,Anacapa - Dume [2],80,reverse,435
4,Anacapa - Dume [2],81,reverse,346
4,Anacapa - Dume [2],82,reverse,285
4,Anacapa - Dume [2],83,reverse,272
4,Anacapa - Dume [2],84,reverse,225
4,Anacapa - Dume [2],85,reverse,201
4,Anacapa - Dume [2],86,reverse,266
4,Anacapa - Dume [2],87,reverse,90
4,Anacapa - Dume [2],88,reverse,103
4,Anacapa - Dume [2],89,reverse,86
4,Anacapa - Dume [2],90,reverse,97
4,Anacapa - Dume [2],91,reverse,47
4,Anacapa - Dume [2],92,reverse,97
4,Anacapa - Dume [2],93,reverse,48
4,Anacapa - Dume [2],94,reverse,58
4,Anacapa - Dume [2],95,reverse,54
4,Anacapa - Dume [2],96,reverse,65
4,Anacapa - Dume [2],97,reverse,28
4,Anacapa - Dume [2],98,reverse,54
4,Anacapa - Dume [2],99,reverse,25
4,Anacapa - Dume [2],100,reverse,56
4,Anacapa - Dume [2],101,reverse,25
4,Anacapa - Dume [2],102,reverse,26
4,Anacapa - Dume [2],103,reverse,41
4,Anacapa - Dume [2],104,reverse,14
4,Anacapa - Dume [2],105,reverse,15
4,Anacapa - Dume [2],106,reverse,37
4,Anacapa - Dume [2],107,reverse,4
4,Anacapa - Dume [2],108,reverse,4
4,Anacapa - Dume [2],109,reverse,2
4,Anacapa - Dume [2],110,reverse oblique,34
4,Anacapa - Dume [2],111,reverse oblique,4
4,Anacapa - Dume [2],113,reverse oblique,18
4,Anacapa - Dume [2],114,reverse oblique,10
4,Anacapa - Dume [2],116,reverse oblique,8
4,Anacapa - Dume [2],117,reverse oblique,12
4,Anacapa - Dume [2],118,reverse oblique,3
4,Anacapa - Dume [2],119,reverse oblique,9
4,Anacapa - Dume [2],120,reverse oblique,11
4,Anacapa - Dume [2],121,reverse oblique,9
4,Anacapa - Dume [2],122,reverse oblique,6
4,Anacapa - Dume [2],124,reverse oblique,2
4,Anacapa - Dume [2],125,reverse oblique,15
4,Anacapa - Dume [2],127,reverse oblique,8
4,Anacapa - Dume [2],128,reverse oblique,9
4,Anacapa - Dume [2],130,reverse oblique,8
4,Anacapa - Dume [2],131,reverse oblique,9
4,Anacapa - Dume [2],132,reverse oblique,18
4,Anacapa - Dume [2],133,reverse oblique,8
4,Anacapa - Dume [2],134,reverse oblique,20
4,Anacapa - Dume [2],135,reverse oblique,22
4,Anacapa - Dume [2],136,reverse oblique,13
4,Anacapa - Dume [2],137,reverse oblique,6
4,Anacapa - Dume [2],138,reverse oblique,20
4,Anacapa - Dume [2],139,reverse oblique,11
4,Anacapa - Dume [2],140,reverse oblique,15
4,Anacapa - Dume [2],141,reverse oblique,13
4,Anacapa - Dume [2],142,reverse oblique,16
4,Anacapa - Dume [2],143,reverse oblique,8
4,Anacapa - Dume [2],144,reverse oblique,24
4,Anacapa - Dume [2],145,reverse oblique,19
4,Anacapa - Dume [2],146,reverse oblique,28
4,Anacapa - Dume [2],147,reverse oblique,25
4,Anacapa - Dume [2],148,reverse oblique,29
4,Anacapa - Dume [2],149,reverse oblique,14
4,Anacapa - Dume [2],150,reverse oblique,24
4,Anacapa - Dume [2],151,reverse oblique,26
4,Anacapa - Dume [2],152,reverse oblique,18
4,Anacapa - Dume [2],153,reverse oblique,21
4,Anacapa - Dume [2],154,reverse oblique,12
4,Anacapa - Dume [2],155,reverse oblique,21
4,Anacapa - Dume [2],156,reverse oblique,9
4,Anacapa - Dume [2],157,reverse oblique,9
4,Anacapa - Dume [2],158,reverse oblique,8
4,Anacapa - Dume [2],159,reverse oblique,4
4,Anacapa - Dume [2],162,strike-slip,2
4,Anacapa - Dume [2],164,strike-slip,2
5,Anaheim,48,reverse oblique,2
5,Anaheim,49,reverse oblique,5
5,Anaheim,50,reverse oblique,5
5,Anaheim,51,reverse oblique,5
5,Anaheim,52,reverse oblique,18
5,Anaheim,53,reverse oblique,26
5,Anaheim,54,reverse oblique,32
5,Anaheim,55,reverse oblique,22
5,Anaheim,56,reverse oblique,23
5,Anaheim,57,reverse oblique,27
5,Anaheim,58,reverse oblique,30
5,Anaheim,59,reverse oblique,24
5,Anaheim,60,reverse oblique,31
5,Anaheim,61,reverse oblique,21
5,Anaheim,62,reverse oblique,32
5,Anaheim,63,reverse oblique,31
5,Anaheim,64,reverse oblique,32
5,Anaheim,65,reverse oblique,23
5,Anaheim,66,reverse oblique,33
5,Anaheim,67,reverse oblique,29
5,Anaheim,68,reverse oblique,39
5,Anaheim,69,reverse oblique,23
5,Anaheim,70,reverse,27
5,Anaheim,71,reverse,24
5,Anaheim,72,reverse,42
5,Anaheim,73,reverse,23
5,Anaheim,74,reverse,31
5,Anaheim,75,reverse,15
5,Anaheim,76,reverse,10
5,Anaheim,77,reverse,10
5,Anaheim,78,reverse,5
5,Anaheim,79,reverse,10
5,Anaheim,80,reverse,13
5,Anaheim,82,reverse,7
5,Anaheim,83,reverse,3
5,Anaheim,84,reverse,5
5,Anaheim,87,reverse,5
5,Anaheim,90,reverse,77
5,Anaheim,93,reverse,5
5,Anaheim,99,reverse,3
5,Anaheim,100,reverse,2
5,Anaheim,104,reverse,5
6,Ash Hill,180,strike-slip,112
7,Baker,-177,strike-slip,27
7,Baker,-176,strike-slip,50
7,Baker,-175,strike-slip,68
7,Baker,-174,strike-slip,80
7,Baker,-173,strike-slip,70
7,Baker,-172,strike-slip,162
7,Baker,-171,strike-slip,507
7,Baker,-170,strike-slip,702
7,Baker,-169,strike-slip,673
7,Baker,-168,strike-slip,742
7,Baker,-167,strike-slip,344
7,Baker,-166,strike-slip,202
7,Baker,-165,strike-slip,74
7,Baker,-164,strike-slip,36
7,Baker,-163,strike-slip,9
7,Baker,-162,strike-slip,5
7,Baker,-161,strike-slip,2
7,Baker,180,strike-slip,1170
8,Bartlett Springs,107,reverse,2
8,Bartlett Springs,108,reverse,5
8,Bartlett Springs,109,reverse,2
8,Bartlett Springs,110,reverse oblique,9
8,Bartlett Springs,111,reverse oblique,7
8,Bartlett Springs,112,reverse oblique,9
8,Bartlett Springs,113,reverse oblique,9
8,Bartlett Springs,115,reverse oblique,14
8,Bartlett Springs,116,reverse oblique,15
8,Bartlett Springs,117,reverse oblique,5
8,Bartlett Springs,118,reverse oblique,22
8,Bartlett Springs,119,reverse oblique,20
8,Bartlett Springs,120,reverse oblique,23
8,Bartlett Springs,121,reverse oblique,10
8,Bartlett Springs,122,reverse oblique,30
8,Bartlett Springs,123,reverse oblique,11
8,Bartlett Springs,124,reverse oblique,28
8,Bartlett Springs,125,reverse oblique,35
8,Bartlett Springs,126,reverse oblique,22
8,Bartlett Springs,127,reverse oblique,32
8,Bartlett Springs,128,reverse oblique,29
8,Bartlett Springs,129,reverse oblique,20
8,Bartlett Springs,130,reverse oblique,68
8,Bartlett Springs,131,reverse oblique,39
8,Bartlett Springs,132,reverse oblique,41
8,Bartlett Springs,133,reverse oblique,54
8,Bartlett Springs,134,reverse oblique,46
8,Bartlett Springs,135,reverse oblique,26
8,Bartlett Springs,136,reverse oblique,83
8,Bartlett Springs,137,reverse oblique,39
8,Bartlett Springs,138,reverse oblique,86
8,Bartlett Springs,139,reverse oblique,63
8,Bartlett Springs,140,reverse oblique,93
8,Bartlett Springs,141,reverse oblique,59
8,Bartlett Springs,142,reverse oblique,134
8,Bartlett Springs,143,reverse oblique,113
8,Bartlett Springs,144,reverse oblique,78
8,Bartlett Springs,145,reverse oblique,66
8,Bartlett Springs,146,reverse oblique,126
8,Bartlett Springs,147,reverse oblique,135
8,Bartlett Springs,148,reverse oblique,106
8,Bartlett Springs,149,reverse oblique,116
8,Bartlett Springs,150,reverse oblique,125
8,Bartlett Springs,151,reverse oblique,165
8,Bartlett Springs,152,reverse oblique,171
8,Bartlett Springs,153,reverse oblique,107
8,Bartlett Springs,154,reverse oblique,168
8,Bartlett Springs,155,reverse oblique,103
8,Bartlett Springs,156,reverse oblique,205
8,Bartlett Springs,157,reverse oblique,134
8,Bartlett Springs,158,reverse oblique,151
8,Bartlett Springs,159,reverse oblique,64
8,Bartlett Springs,160,strike-slip,156
8,Bartlett Springs,161,strike-slip,143
8,Bartlett Springs,162,strike-slip,214
8,Bartlett Springs,163,strike-slip,116
8,Bartlett Springs,164,strike-slip,189
8,Bartlett Springs,165,strike-slip,163
8,Bartlett Springs,166,strike-slip,188
8,Bartlett Springs,167,strike-slip,209
8,Bartlett Springs,168,strike-slip,566
8,Bartlett Springs,169,strike-slip,394
8,Bartlett Springs,170,strike-slip,521
8,Bartlett Springs,171,strike-slip,299
8,Bartlett Springs,172,strike-slip,678
8,Bartlett Springs,173,strike-slip,672
8,Bartlett Springs,174,strike-slip,1193
8,Bartlett Springs,175,strike-slip,793
8,Bartlett Springs,176,strike-slip,231
8,Bartlett Springs,177,strike-slip,169
8,Bartlett Springs,178,strike-slip,23
8,Bartlett Springs,180,strike-slip,14966
9,Battle Creek,90,reverse,77
10,Bear River,90,reverse,275
10,Bear River,120,reverse oblique,11
10,Bear River,123,reverse oblique,10
10,Bear River,126,reverse oblique,9
10,Bear River,129,reverse oblique,8
10,Bear River,131,reverse oblique,11
10,Bear River,132,reverse oblique,7
10,Bear River,134,reverse oblique,10
10,Bear River,137,reverse oblique,15
10,Bear River,139,reverse oblique,11
10,Bear River,140,reverse oblique,8
10,Bear River,142,reverse oblique,15
10,Bear River,144,reverse oblique,7
10,Bear River,145,reverse oblique,9
10,Bear River,146,reverse oblique,11
10,Bear River,148,reverse oblique,28
10,Bear River,151,reverse oblique,16
10,Bear River,152,reverse oblique,5
10,Bear River,154,reverse oblique,8
10,Bear River,155,reverse oblique,9
10,Bear River,156,reverse oblique,7
10,Bear River,157,reverse oblique,4
10,Bear River,159,reverse oblique,5
10,Bear River,160,strike-slip,6
10,Bear River,163,strike-slip,14
10,Bear River,166,strike-slip,4
10,Bear River,167,strike-slip,3
10,Bear River,168,strike-slip,2
10,Bear River,169,strike-slip,3
10,Bear River,171,strike-slip,2
10,Bear River,173,strike-slip,2
11,Bennett Valley,177,strike-slip,9
11,Bennett Valley,178,strike-slip,268
11,Bennett Valley,179,strike-slip,885
11,Bennett Valley,180,strike-slip,13046
12,Bicycle Lake,0,strike-slip,34
13,Big Lagoon - Bald Mountain,90,reverse,1122
13,Big Lagoon - Bald Mountain,93,reverse,66
13,Big Lagoon - Bald Mountain,94,reverse,101
13,Big Lagoon - Bald Mountain,95,reverse,66
13,Big Lagoon - Bald Mountain,96,reverse,81
13,Big Lagoon - Bald Mountain,97,reverse,90
13,Big Lagoon - Bald Mountain,98,reverse,93
13,Big Lagoon - Bald Mountain,99,reverse,80
13,Big Lagoon - Bald Mountain,100,reverse,96
13,Big Lagoon - Bald Mountain,101,reverse,83
13,Big Lagoon - Bald Mountain,102,reverse,88
13,Big Lagoon - Bald Mountain,103,reverse,99
13,Big Lagoon - Bald Mountain,104,reverse,98
13,Big Lagoon - Bald Mountain,105,reverse,79
13,Big Lagoon - Bald Mountain,106,reverse,102
13,Big Lagoon - Bald Mountain,107,reverse,100
13,Big Lagoon - Bald Mountain,108,reverse,146
13,Big Lagoon - Bald Mountain,109,reverse,108
13,Big Lagoon - Bald Mountain,110,reverse oblique,123
13,Big Lagoon - Bald Mountain,111,reverse oblique,102
13,Big Lagoon - Bald Mountain,112,reverse oblique,60
13,Big Lagoon - Bald Mountain,113,reverse oblique,146
13,Big Lagoon - Bald Mountain,114,reverse oblique,13
13,Big Lagoon - Bald Mountain,115,reverse oblique,96
13,Big Lagoon - Bald Mountain,116,reverse oblique,75
13,Big Lagoon - Bald Mountain,117,reverse oblique,58
13,Big Lagoon - Bald Mountain,118,reverse oblique,84
13,Big Lagoon - Bald Mountain,119,reverse oblique,78
13,Big Lagoon - Bald Mountain,120,reverse oblique,58
13,Big Lagoon - Bald Mountain,121,reverse oblique,54
13,Big Lagoon - Bald Mountain,122,reverse oblique,79
13,Big Lagoon - Bald Mountain,123,reverse oblique,31
13,Big Lagoon - Bald Mountain,124,reverse oblique,65
13,Big Lagoon - Bald Mountain,125,reverse oblique,64
13,Big Lagoon - Bald Mountain,126,reverse oblique,50
13,Big Lagoon - Bald Mountain,127,reverse oblique,48
13,Big Lagoon - Bald Mountain,128,reverse oblique,50
13,Big Lagoon - Bald Mountain,129,reverse oblique,28
13,Big Lagoon - Bald Mountain,130,reverse oblique,81
13,Big Lagoon - Bald Mountain,131,reverse oblique,45
13,Big Lagoon - Bald Mountain,132,reverse oblique,35
13,Big Lagoon - Bald Mountain,133,reverse oblique,56
13,Big Lagoon - Bald Mountain,134,reverse oblique,31
13,Big Lagoon - Bald Mountain,135,reverse oblique,36
13,Big Lagoon - Bald Mountain,136,reverse oblique,51
13,Big Lagoon - Bald Mountain,137,reverse oblique,29
13,Big Lagoon - Bald Mountain,138,reverse oblique,37
13,Big Lagoon - Bald Mountain,139,reverse oblique,34
13,Big Lagoon - Bald Mountain,140,reverse oblique,42
13,Big Lagoon - Bald Mountain,141,reverse oblique,22
13,Big Lagoon - Bald Mountain,142,reverse oblique,44
13,Big Lagoon - Bald Mountain,143,reverse oblique,36
13,Big Lagoon - Bald Mountain,144,reverse oblique,34
13,Big Lagoon - Bald Mountain,145,reverse oblique,24
13,Big Lagoon - Bald Mountain,146,reverse oblique,21
13,Big Lagoon - Bald Mountain,147,reverse oblique,39
13,Big Lagoon - Bald Mountain,148,reverse oblique,17
13,Big Lagoon - Bald Mountain,149,reverse oblique,23
13,Big Lagoon - Bald Mountain,150,reverse oblique,15
13,Big Lagoon - Bald Mountain,151,reverse oblique,13
13,Big Lagoon - Bald Mountain,152,reverse oblique,36
13,Big Lagoon - Bald Mountain,153,reverse oblique,12
13,Big Lagoon - Bald Mountain,154,reverse oblique,12
13,Big Lagoon - Bald Mountain,155,reverse oblique,14
13,Big Lagoon - Bald Mountain,156,reverse oblique,25
13,Big Lagoon - Bald Mountain,157,reverse oblique,15
13,Big Lagoon - Bald Mountain,158,reverse oblique,13
13,Big Lagoon - Bald Mountain,159,reverse oblique,7
13,Big Lagoon - Bald Mountain,160,strike-slip,11
13,Big Lagoon - Bald Mountain,161,strike-slip,9
13,Big Lagoon - Bald Mountain,162,strike-slip,25
13,Big Lagoon - Bald Mountain,163,strike-slip,13
13,Big Lagoon - Bald Mountain,164,strike-slip,8
13,Big Lagoon - Bald Mountain,165,strike-slip,8
13,Big Lagoon - Bald Mountain,166,strike-slip,10
13,Big Lagoon - Bald Mountain,167,strike-slip,8
13,Big Lagoon - Bald Mountain,168,strike-slip,18
13,Big Lagoon - Bald Mountain,169,strike-slip,4
13,Big Lagoon - Bald Mountain,170,strike-slip,6
13,Big Lagoon - Bald Mountain,171,strike-slip,4
13,Big Lagoon - Bald Mountain,172,strike-slip,12
14,Big Pine (center),50,reverse oblique,2
14,Big Pine (center),51,reverse oblique,2
14,Big Pine (center),52,reverse oblique,3
14,Big Pine (center),54,reverse oblique,9
14,Big Pine (center),55,reverse oblique,5
14,Big Pine (center),56,reverse oblique,4
14,Big Pine (center),57,reverse oblique,3
14,Big Pine (center),58,reverse oblique,5
14,Big Pine (center),60,reverse oblique,4
14,Big Pine (center),62,reverse oblique,5
14,Big Pine (center),76,reverse,10
14,Big Pine (center),77,reverse,5
14,Big Pine (center),79,reverse,5
14,Big Pine (center),80,reverse,10
14,Big Pine (center),82,reverse,5
14,Big Pine (center),83,reverse,5
14,Big Pine (center),88,reverse,14
14,Big Pine (center),89,reverse,5
14,Big Pine (center),90,reverse,187
14,Big Pine (center),106,reverse,5
14,Big Pine (center),113,reverse oblique,5
14,Big Pine (center),120,reverse oblique,5
14,Big Pine (center),123,reverse oblique,5
14,Big Pine (center),125,reverse oblique,4
14,Big Pine (center),126,reverse oblique,5
14,Big Pine (center),127,reverse oblique,3
14,Big Pine (center),129,reverse oblique,2
14,Big Pine (center),134,reverse oblique,5
14,Big Pine (center),135,reverse oblique,5
14,Big Pine (center),137,reverse oblique,9
14,Big Pine (center),139,reverse oblique,3
14,Big Pine (center),140,reverse oblique,5
14,Big Pine (center),141,reverse oblique,2
14,Big Pine (center),142,reverse oblique,5
14,Big Pine (center),143,reverse oblique,5
14,Big Pine (center),145,reverse oblique,9
14,Big Pine (center),147,reverse oblique,8
14,Big Pine (center),149,reverse oblique,12
14,Big Pine (center),150,reverse oblique,5
14,Big Pine (center),151,reverse oblique,4
14,Big Pine (center),152,reverse oblique,5
14,Big Pine (center),153,reverse oblique,8
14,Big Pine (center),154,reverse oblique,7
14,Big Pine (center),156,reverse oblique,10
14,Big Pine (center),157,reverse oblique,9
14,Big Pine (center),158,reverse oblique,13
14,Big Pine (center),159,reverse oblique,4
14,Big Pine (center),160,strike-slip,7
14,Big Pine (center),161,strike-slip,7
14,Big Pine (center),162,strike-slip,10
14,Big Pine (center),163,strike-slip,9
14,Big Pine (center),164,strike-slip,14
14,Big Pine (center),165,strike-slip,14
14,Big Pine (center),166,strike-slip,14
14,Big Pine (center),167,strike-slip,14
14,Big Pine (center),168,strike-slip,23
14,Big Pine (center),169,strike-slip,19
14,Big Pine (center),170,strike-slip,28
14,Big Pine (center),171,strike-slip,14
14,Big Pine (center),172,strike-slip,7
14,Big Pine (center),173,strike-slip,48
14,Big Pine (center),174,strike-slip,125
14,Big Pine (center),175,strike-slip,94
14,Big Pine (center),176,strike-slip,36
15,Big Pine (east),45,reverse oblique,16
15,Big Pine (east),50,reverse oblique,4
15,Big Pine (east),51,reverse oblique,3
15,Big Pine (east),52,reverse oblique,4
15,Big Pine (east),54,reverse oblique,9
15,Big Pine (east),55,reverse oblique,4
15,Big Pine (east),56,reverse oblique,3
15,Big Pine (east),57,reverse oblique,2
15,Big Pine (east),58,reverse oblique,3
15,Big Pine (east),60,reverse oblique,2
15,Big Pine (east),62,reverse oblique,2
15,Big Pine (east),76,reverse,7
15,Big Pine (east),77,reverse,4
15,Big Pine (east),79,reverse,3
15,Big Pine (east),80,reverse,5
15,Big Pine (east),82,reverse,2
15,Big Pine (east),83,reverse,2
15,Big Pine (east),88,reverse,20
15,Big Pine (east),89,reverse,4
15,Big Pine (east),106,reverse,7
15,Big Pine (east),113,reverse oblique,4
15,Big Pine (east),120,reverse oblique,4
15,Big Pine (east),123,reverse oblique,4
15,Big Pine (east),125,reverse oblique,4
15,Big Pine (east),126,reverse oblique,4
15,Big Pine (east),127,reverse oblique,4
15,Big Pine (east),129,reverse oblique,4
15,Big Pine (east),132,reverse oblique,2
15,Big Pine (east),134,reverse oblique,8
15,Big Pine (east),135,reverse oblique,4
15,Big Pine (east),137,reverse oblique,8
15,Big Pine (east),139,reverse oblique,4
15,Big Pine (east),140,reverse oblique,4
15,Big Pine (east),141,reverse oblique,4
15,Big Pine (east),142,reverse oblique,4
15,Big Pine (east),143,reverse oblique,4
15,Big Pine (east),145,reverse oblique,12
15,Big Pine (east),147,reverse oblique,8
15,Big Pine (east),148,reverse oblique,3
15,Big Pine (east),149,reverse oblique,12
15,Big Pine (east),150,reverse oblique,4
15,Big Pine (east),151,reverse oblique,4
15,Big Pine (east),152,reverse oblique,4
15,Big Pine (east),153,reverse oblique,12
15,Big Pine (east),154,reverse oblique,8
15,Big Pine (east),156,reverse oblique,11
15,Big Pine (east),157,reverse oblique,8
15,Big Pine (east),158,reverse oblique,16
15,Big Pine (east),159,reverse oblique,4
15,Big Pine (east),160,strike-slip,8
15,Big Pine (east),161,strike-slip,13
15,Big Pine (east),162,strike-slip,12
15,Big Pine (east),163,strike-slip,12
15,Big Pine (east),164,strike-slip,23
15,Big Pine (east),165,strike-slip,16
15,Big Pine (east),166,strike-slip,22
15,Big Pine (east),167,strike-slip,20
15,Big Pine (east),168,strike-slip,33
15,Big Pine (east),169,strike-slip,31
15,Big Pine (east),170,strike-slip,45
15,Big Pine (east),171,strike-slip,34
15,Big Pine (east),172,strike-slip,21
15,Big Pine (east),173,strike-slip,63
15,Big Pine (east),174,strike-slip,171
15,Big Pine (east),175,strike-slip,165
15,Big Pine (east),176,strike-slip,135
15,Big Pine (east),177,strike-slip,115
15,Big Pine (east),178,strike-slip,46
15,Big Pine (east),179,strike-slip,4
16,Big Pine (west),76,reverse,2
16,Big Pine (west),77,reverse,3
16,Big Pine (west),79,reverse,2
16,Big Pine (west),80,reverse,3
16,Big Pine (west),82,reverse,2
16,Big Pine (west),83,reverse,3
16,Big Pine (west),90,reverse,302
16,Big Pine (west),91,reverse,6
16,Big Pine (west),92,reverse,20
16,Big Pine (west),93,reverse,18
16,Big Pine (west),94,reverse,24
16,Big Pine (west),95,reverse,22
16,Big Pine (west),96,reverse,22
16,Big Pine (west),97,reverse,14
16,Big Pine (west),98,reverse,20
16,Big Pine (west),99,reverse,12
16,Big Pine (west),100,reverse,10
16,Big Pine (west),101,reverse,8
16,Big Pine (west),102,reverse,10
16,Big Pine (west),103,reverse,6
16,Big Pine (west),104,reverse,8
16,Big Pine (west),105,reverse,6
16,Big Pine (west),106,reverse,2
16,Big Pine (west),107,reverse,4
16,Big Pine (west),108,reverse,4
16,Big Pine (west),110,reverse oblique,4
16,Big Pine (west),112,reverse oblique,2
16,Big Pine (west),113,reverse oblique,2
16,Big Pine (west),115,reverse oblique,2
16,Big Pine (west),118,reverse oblique,2
16,Big Pine (west),120,reverse oblique,2
16,Big Pine (west),121,reverse oblique,2
16,Big Pine (west),122,reverse oblique,2
16,Big Pine (west),126,reverse oblique,2
16,Big Pine (west),127,reverse oblique,2
16,Big Pine (west),128,reverse oblique,2
17,Blackwater,180,strike-slip,275
18,Blue Cut,0,strike-slip,442
20,Brawley [2],150,reverse oblique,35
20,Brawley [2],151,reverse oblique,35
20,Brawley [2],152,reverse oblique,20
20,Brawley [2],153,reverse oblique,15
20,Brawley [2],154,reverse oblique,35
20,Brawley [2],155,reverse oblique,44
20,Brawley [2],156,reverse oblique,20
20,Brawley [2],157,reverse oblique,24
20,Brawley [2],158,reverse oblique,31
20,Brawley [2],159,reverse oblique,30
20,Brawley [2],160,strike-slip,27
20,Brawley [2],161,strike-slip,52
20,Brawley [2],162,strike-slip,20
20,Brawley [2],163,strike-slip,84
20,Brawley [2],164,strike-slip,64
20,Brawley [2],165,strike-slip,66
20,Brawley [2],166,strike-slip,168
20,Brawley [2],167,strike-slip,189
20,Brawley [2],168,strike-slip,212
20,Brawley [2],169,strike-slip,138
20,Brawley [2],170,strike-slip,213
20,Brawley [2],171,strike-slip,175
20,Brawley [2],172,strike-slip,194
20,Brawley [2],173,strike-slip,417
20,Brawley [2],174,strike-slip,223
20,Brawley [2],175,strike-slip,379
20,Brawley [2],176,strike-slip,540
20,Brawley [2],177,strike-slip,830
20,Brawley [2],178,strike-slip,2339
20,Brawley [2],179,strike-slip,6212
20,Brawley [2],180,strike-slip,53192
21,Breckenridge,-90,normal,32
21,Breckenridge,-87,normal,10
21,Breckenridge,-86,normal,8
21,Breckenridge,-85,normal,12
21,Breckenridge,-84,normal,12
21,Breckenridge,-83,normal,12
21,Breckenridge,-82,normal,8
21,Breckenridge,-81,normal,4
21,Breckenridge,-80,normal,8
21,Breckenridge,-79,normal,6
21,Breckenridge,-78,normal,2
21,Breckenridge,-77,normal,6
21,Breckenridge,-76,normal,2
21,Breckenridge,-75,normal,2
21,Breckenridge,-74,normal,2
21,Breckenridge,-73,normal,8
21,Breckenridge,-72,normal,4
21,Breckenridge,-70,normal oblique,4
21,Breckenridge,-69,normal oblique,4
21,Breckenridge,-68,normal oblique,4
21,Breckenridge,-67,normal oblique,2
21,Breckenridge,-66,normal oblique,4
21,Breckenridge,-65,normal oblique,6
21,Breckenridge,-64,normal oblique,2
21,Breckenridge,-63,normal oblique,2
21,Breckenridge,-60,normal oblique,4
21,Breckenridge,-59,normal oblique,4
21,Breckenridge,-58,normal oblique,2
21,Breckenridge,-56,normal oblique,2
21,Breckenridge,-54,normal oblique,4
21,Breckenridge,-53,normal oblique,2
21,Breckenridge,-52,normal oblique,2
21,Breckenridge,-50,normal oblique,2
21,Breckenridge,-46,normal oblique,2
21,Breckenridge,-42,normal oblique,2
21,Breckenridge,-39,normal oblique,4
21,Breckenridge,-38,normal oblique,2
21,Breckenridge,-37,normal oblique,2
21,Breckenridge,-36,normal oblique,2
21,Breckenridge,-28,normal oblique,2
21,Breckenridge,-22,normal oblique,2
21,Breckenridge,-20,strike-slip,2
21,Breckenridge,-19,strike-slip,2
21,Breckenridge,-18,strike-slip,2
21,Breckenridge,-17,strike-slip,2
21,Breckenridge,-15,strike-slip,2
21,Breckenridge,-14,strike-slip,2
21,Breckenridge,-13,strike-slip,2
21,Breckenridge,-11,strike-slip,2
21,Breckenridge,-6,strike-slip,2
21,Breckenridge,-2,strike-slip,2
21,Breckenridge,0,strike-slip,2
21,Breckenridge,2,strike-slip,2
21,Breckenridge,6,strike-slip,2
21,Breckenridge,8,strike-slip,2
21,Breckenridge,10,strike-slip,2
21,Breckenridge,16,strike-slip,2
21,Breckenridge,19,strike-slip,2
21,Breckenridge,22,reverse oblique,2
21,Breckenridge,25,reverse oblique,2
21,Breckenridge,30,reverse oblique,2
21,Breckenridge,31,reverse oblique,4
21,Breckenridge,36,reverse oblique,2
21,Breckenridge,40,reverse oblique,2
21,Breckenridge,41,reverse oblique,2
21,Breckenridge,46,reverse oblique,2
21,Breckenridge,49,reverse oblique,2
21,Breckenridge,51,reverse oblique,2
21,Breckenridge,52,reverse oblique,2
21,Breckenridge,53,reverse oblique,2
22,Bullion Mountains,180,strike-slip,90
23,Burnt Mountain,180,strike-slip,7
24,Butano,98,reverse,2
24,Butano,100,reverse,4
24,Butano,102,reverse,7
24,Butano,104,reverse,6
24,Butano,107,reverse,14
24,Butano,108,reverse,5
24,Butano,109,reverse,5
24,Butano,110,reverse oblique,4
24,Butano,111,reverse oblique,24
24,Butano,112,reverse oblique,2
24,Butano,113,reverse oblique,5
24,Butano,114,reverse oblique,9
24,Butano,115,reverse oblique,19
24,Butano,116,reverse oblique,10
24,Butano,117,reverse oblique,11
24,Butano,118,reverse oblique,18
24,Butano,119,reverse oblique,20
24,Butano,120,reverse oblique,18
24,Butano,121,reverse oblique,32
24,Butano,122,reverse oblique,17
24,Butano,123,reverse oblique,48
24,Butano,124,reverse oblique,45
24,Butano,125,reverse oblique,35
24,Butano,126,reverse oblique,50
24,Butano,127,reverse oblique,47
24,Butano,128,reverse oblique,86
24,Butano,129,reverse oblique,69
24,Butano,130,reverse oblique,120
24,Butano,131,reverse oblique,100
24,Butano,132,reverse oblique,136
24,Butano,133,reverse oblique,165
24,Butano,134,reverse oblique,274
24,Butano,135,reverse oblique,270
24,Butano,136,reverse oblique,295
24,Butano,137,reverse oblique,255
24,Butano,138,reverse oblique,429
24,Butano,139,reverse oblique,385
24,Butano,140,reverse oblique,589
24,Butano,141,reverse oblique,503
24,Butano,142,reverse oblique,616
24,Butano,143,reverse oblique,571
24,Butano,144,reverse oblique,703
24,Butano,145,reverse oblique,564
24,Butano,146,reverse oblique,738
24,Butano,147,reverse oblique,658
24,Butano,148,reverse oblique,1002
24,Butano,149,reverse oblique,901
24,Butano,150,reverse oblique,1190
24,Butano,151,reverse oblique,1031
24,Butano,152,reverse oblique,1551
24,Butano,153,reverse oblique,1346
24,Butano,154,reverse oblique,1766
24,Butano,155,reverse oblique,1554
24,Butano,156,reverse oblique,1910
24,Butano,157,reverse oblique,1775
24,Butano,158,reverse oblique,2091
24,Butano,159,reverse oblique,1967
24,Butano,160,strike-slip,2691
24,Butano,161,strike-slip,2204
24,Butano,162,strike-slip,3008
24,Butano,163,strike-slip,2802
24,Butano,164,strike-slip,3846
24,Butano,165,strike-slip,3525
24,Butano,166,strike-slip,5199
24,Butano,167,strike-slip,5245
24,Butano,168,strike-slip,7387
24,Butano,169,strike-slip,7343
24,Butano,170,strike-slip,10659
24,Butano,171,strike-slip,11020
24,Butano,172,strike-slip,16457
24,Butano,173,strike-slip,15394
24,Butano,174,strike-slip,24025
24,Butano,175,strike-slip,25913
24,Butano,176,strike-slip,39063
24,Butano,177,strike-slip,33692
24,Butano,178,strike-slip,27640
24,Butano,179,strike-slip,41967
25,Cady,0,strike-slip,72
26,Calico - Hidalgo,0,strike-slip,54
26,Calico - Hidalgo,180,strike-slip,2945
27,Camp Rock,180,strike-slip,1704
28,Canada David,-127,normal oblique,2
28,Canada David,-125,normal oblique,2
28,Canada David,-122,normal oblique,2
28,Canada David,-119,normal oblique,2
28,Canada David,-117,normal oblique,3
28,Canada David,-115,normal oblique,5
28,Canada David,-112,normal oblique,3
28,Canada David,-111,normal oblique,2
28,Canada David,-110,normal,3
28,Canada David,-107,normal,5
28,Canada David,-104,normal,3
28,Canada David,-103,normal,2
28,Canada David,-102,normal,3
28,Canada David,-99,normal,5
28,Canada David,-96,normal,3
28,Canada David,-90,normal,7
29,Carlsbad,90,reverse,248
29,Carlsbad,92,reverse,23
29,Carlsbad,93,reverse,37
29,Carlsbad,94,reverse,71
29,Carlsbad,95,reverse,27
29,Carlsbad,96,reverse,99
29,Carlsbad,97,reverse,33
29,Carlsbad,98,reverse,54
29,Carlsbad,99,reverse,30
29,Carlsbad,100,reverse,49
29,Carlsbad,101,reverse,55
29,Carlsbad,102,reverse,50
29,Carlsbad,103,reverse,32
29,Carlsbad,104,reverse,36
29,Carlsbad,105,reverse,45
29,Carlsbad,106,reverse,45
29,Carlsbad,107,reverse,42
29,Carlsbad,108,reverse,40
29,Carlsbad,109,reverse,36
29,Carlsbad,110,reverse oblique,58
29,Carlsbad,111,reverse oblique,47
29,Carlsbad,112,reverse oblique,54
29,Carlsbad,113,reverse oblique,33
29,Carlsbad,114,reverse oblique,60
29,Carlsbad,115,reverse oblique,56
29,Carlsbad,116,reverse oblique,43
29,Carlsbad,117,reverse oblique,28
29,Carlsbad,118,reverse oblique,48
29,Carlsbad,119,reverse oblique,53
29,Carlsbad,120,reverse oblique,36
29,Carlsbad,121,reverse oblique,37
29,Carlsbad,122,reverse oblique,60
29,Carlsbad,123,reverse oblique,47
29,Carlsbad,124,reverse oblique,54
29,Carlsbad,125,reverse oblique,46
29,Carlsbad,126,reverse oblique,45
29,Carlsbad,127,reverse oblique,33
29,Carlsbad,128,reverse oblique,49
29,Carlsbad,129,reverse oblique,23
29,Carlsbad,130,reverse oblique,70
29,Carlsbad,131,reverse oblique,21
29,Carlsbad,132,reverse oblique,41
29,Carlsbad,133,reverse oblique,19
29,Carlsbad,134,reverse oblique,39
29,Carlsbad,135,reverse oblique,26
29,Carlsbad,136,reverse oblique,24
29,Carlsbad,137,reverse oblique,26
29,Carlsbad,138,reverse oblique,28
29,Carlsbad,139,reverse oblique,16
29,Carlsbad,140,reverse oblique,26
29,Carlsbad,141,reverse oblique,38
29,Carlsbad,142,reverse oblique,19
29,Carlsbad,143,reverse oblique,16
29,Carlsbad,144,reverse oblique,26
29,Carlsbad,145,reverse oblique,23
29,Carlsbad,146,reverse oblique,22
29,Carlsbad,147,reverse oblique,30
29,Carlsbad,148,reverse oblique,27
29,Carlsbad,149,reverse oblique,37
29,Carlsbad,150,reverse oblique,25
29,Carlsbad,151,reverse oblique,23
29,Carlsbad,152,reverse oblique,36
29,Carlsbad,153,reverse oblique,32
29,Carlsbad,154,reverse oblique,53
29,Carlsbad,155,reverse oblique,37
29,Carlsbad,156,reverse oblique,56
29,Carlsbad,157,reverse oblique,53
29,Carlsbad,158,reverse oblique,67
29,Carlsbad,159,reverse oblique,67
29,Carlsbad,160,strike-slip,95
29,Carlsbad,161,strike-slip,77
29,Carlsbad,162,strike-slip,123
29,Carlsbad,163,strike-slip,101
29,Carlsbad,164,strike-slip,157
29,Carlsbad,165,strike-slip,129
29,Carlsbad,166,strike-slip,209
29,Carlsbad,167,strike-slip,179
29,Carlsbad,168,strike-slip,260
29,Carlsbad,169,strike-slip,239
29,Carlsbad,170,strike-slip,319
29,Carlsbad,171,strike-slip,295
29,Carlsbad,172,strike-slip,384
29,Carlsbad,173,strike-slip,303
29,Carlsbad,174,strike-slip,423
29,Carlsbad,175,strike-slip,231
29,Carlsbad,176,strike-slip,24
29,Carlsbad,177,strike-slip,6
30,Casmalia,48,reverse oblique,3
30,Casmalia,50,reverse oblique,4
30,Casmalia,51,reverse oblique,8
30,Casmalia,52,reverse oblique,4
30,Casmalia,53,reverse oblique,9
30,Casmalia,54,reverse oblique,12
30,Casmalia,55,reverse oblique,18
30,Casmalia,56,reverse oblique,18
30,Casmalia,57,reverse oblique,18
30,Casmalia,58,reverse oblique,21
30,Casmalia,59,reverse oblique,17
30,Casmalia,60,reverse oblique,17
30,Casmalia,61,reverse oblique,20
30,Casmalia,62,reverse oblique,17
30,Casmalia,63,reverse oblique,11
30,Casmalia,64,reverse oblique,13
30,Casmalia,65,reverse oblique,13
30,Casmalia,66,reverse oblique,11
30,Casmalia,67,reverse oblique,13
30,Casmalia,68,reverse oblique,13
30,Casmalia,69,reverse oblique,15
30,Casmalia,70,reverse,13
30,Casmalia,71,reverse,12
30,Casmalia,72,reverse,26
30,Casmalia,73,reverse,5
30,Casmalia,74,reverse,13
30,Casmalia,75,reverse,29
30,Casmalia,76,reverse,18
30,Casmalia,77,reverse,26
30,Casmalia,78,reverse,17
30,Casmalia,79,reverse,7
30,Casmalia,80,reverse,17
30,Casmalia,81,reverse,30
30,Casmalia,82,reverse,31
30,Casmalia,83,reverse,21
30,Casmalia,84,reverse,38
30,Casmalia,85,reverse,30
30,Casmalia,86,reverse,19
30,Casmalia,87,reverse,38
30,Casmalia,88,reverse,8
30,Casmalia,89,reverse,8
30,Casmalia,90,reverse,386
30,Casmalia,91,reverse,8
30,Casmalia,92,reverse,8
30,Casmalia,94,reverse,8
30,Casmalia,95,reverse,20
30,Casmalia,96,reverse,8
30,Casmalia,97,reverse,32
30,Casmalia,98,reverse,12
30,Casmalia,99,reverse,13
30,Casmalia,100,reverse,37
30,Casmalia,101,reverse,8
30,Casmalia,102,reverse,32
30,Casmalia,103,reverse,13
30,Casmalia,104,reverse,54
30,Casmalia,106,reverse,35
30,Casmalia,107,reverse,32
30,Casmalia,108,reverse,13
30,Casmalia,109,reverse,32
30,Casmalia,110,reverse oblique,37
30,Casmalia,111,reverse oblique,37
30,Casmalia,112,reverse oblique,23
30,Casmalia,113,reverse oblique,45
30,Casmalia,114,reverse oblique,40
30,Casmalia,115,reverse oblique,29
30,Casmalia,116,reverse oblique,20
30,Casmalia,117,reverse oblique,73
30,Casmalia,118,reverse oblique,16
30,Casmalia,119,reverse oblique,38
30,Casmalia,120,reverse oblique,36
30,Casmalia,121,reverse oblique,54
30,Casmalia,122,reverse oblique,46
30,Casmalia,123,reverse oblique,46
30,Casmalia,124,reverse oblique,75
30,Casmalia,125,reverse oblique,29
30,Casmalia,126,reverse oblique,72
30,Casmalia,127,reverse oblique,45
30,Casmalia,128,reverse oblique,68
30,Casmalia,129,reverse oblique,46
30,Casmalia,130,reverse oblique,42
30,Casmalia,131,reverse oblique,48
30,Casmalia,132,reverse oblique,66
30,Casmalia,133,reverse oblique,40
30,Casmalia,134,reverse oblique,48
30,Casmalia,135,reverse oblique,8
30,Casmalia,136,reverse oblique,127
30,Casmalia,137,reverse oblique,24
30,Casmalia,138,reverse oblique,56
30,Casmalia,139,reverse oblique,50
30,Casmalia,140,reverse oblique,38
30,Casmalia,141,reverse oblique,31
30,Casmalia,142,reverse oblique,64
30,Casmalia,143,reverse oblique,53
30,Casmalia,144,reverse oblique,50
30,Casmalia,145,reverse oblique,57
30,Casmalia,146,reverse oblique,58
30,Casmalia,147,reverse oblique,73
30,Casmalia,148,reverse oblique,64
30,Casmalia,149,reverse oblique,48
30,Casmalia,150,reverse oblique,67
30,Casmalia,151,reverse oblique,57
30,Casmalia,152,reverse oblique,84
30,Casmalia,153,reverse oblique,49
30,Casmalia,154,reverse oblique,87
30,Casmalia,155,reverse oblique,73
30,Casmalia,156,reverse oblique,99
30,Casmalia,157,reverse oblique,75
30,Casmalia,158,reverse oblique,104
30,Casmalia,159,reverse oblique,102
30,Casmalia,160,strike-slip,120
30,Casmalia,161,strike-slip,106
30,Casmalia,162,strike-slip,120
30,Casmalia,163,strike-slip,121
30,Casmalia,164,strike-slip,109
30,Casmalia,165,strike-slip,116
30,Casmalia,166,strike-slip,117
30,Casmalia,167,strike-slip,113
30,Casmalia,168,strike-slip,177
30,Casmalia,169,strike-slip,139
30,Casmalia,170,strike-slip,203
30,Casmalia,171,strike-slip,213
30,Casmalia,172,strike-slip,282
30,Casmalia,173,strike-slip,188
30,Casmalia,174,strike-slip,278
30,Casmalia,175,strike-slip,329
30,Casmalia,176,strike-slip,363
30,Casmalia,177,strike-slip,260
30,Casmalia,178,strike-slip,210
30,Casmalia,179,strike-slip,46
31,Cedar Mountain - Mahogany Mountain,-90,normal,665
32,Cerro Prieto,180,strike-slip,352
33,Channel Islands,40,reverse oblique,2
33,Channel Islands,41,reverse oblique,2
33,Channel Islands,42,reverse oblique,8
33,Channel Islands,43,reverse oblique,2
33,Channel Islands,44,reverse oblique,29
33,Channel Islands,45,reverse oblique,66
33,Channel Islands,46,reverse oblique,126
33,Channel Islands,47,reverse oblique,109
33,Channel Islands,48,reverse oblique,114
33,Channel Islands,49,reverse oblique,95
33,Channel Islands,50,reverse oblique,108
33,Channel Islands,51,reverse oblique,87
33,Channel Islands,52,reverse oblique,134
33,Channel Islands,53,reverse oblique,95
33,Channel Islands,54,reverse oblique,183
33,Channel Islands,55,reverse oblique,146
33,Channel Islands,56,reverse oblique,211
33,Channel Islands,57,reverse oblique,204
33,Channel Islands,58,reverse oblique,295
33,Channel Islands,59,reverse oblique,283
33,Channel Islands,60,reverse oblique,339
33,Channel Islands,61,reverse oblique,225
33,Channel Islands,62,reverse oblique,392
33,Channel Islands,63,reverse oblique,289
33,Channel Islands,64,reverse oblique,377
33,Channel Islands,65,reverse oblique,282
33,Channel Islands,66,reverse oblique,412
33,Channel Islands,67,reverse oblique,266
33,Channel Islands,68,reverse oblique,345
33,Channel Islands,69,reverse oblique,339
33,Channel Islands,70,reverse,421
33,Channel Islands,71,reverse,322
33,Channel Islands,72,reverse,431
33,Channel Islands,73,reverse,265
33,Channel Islands,74,reverse,332
33,Channel Islands,75,reverse,283
33,Channel Islands,76,reverse,287
33,Channel Islands,77,reverse,194
33,Channel Islands,78,reverse,201
33,Channel Islands,79,reverse,151
33,Channel Islands,80,reverse,177
33,Channel Islands,81,reverse,172
33,Channel Islands,82,reverse,141
33,Channel Islands,83,reverse,95
33,Channel Islands,84,reverse,149
33,Channel Islands,85,reverse,118
33,Channel Islands,86,reverse,96
33,Channel Islands,87,reverse,50
33,Channel Islands,88,reverse,37
33,Channel Islands,89,reverse,12
33,Channel Islands,90,reverse,155
33,Channel Islands,91,reverse,21
33,Channel Islands,92,reverse,28
33,Channel Islands,93,reverse,32
33,Channel Islands,94,reverse,32
33,Channel Islands,95,reverse,30
33,Channel Islands,96,reverse,43
33,Channel Islands,97,reverse,20
33,Channel Islands,98,reverse,42
33,Channel Islands,99,reverse,24
33,Channel Islands,100,reverse,42
33,Channel Islands,101,reverse,24
33,Channel Islands,102,reverse,49
33,Channel Islands,103,reverse,36
33,Channel Islands,104,reverse,43
33,Channel Islands,105,reverse,29
33,Channel Islands,106,reverse,41
33,Channel Islands,107,reverse,37
33,Channel Islands,108,reverse,36
33,Channel Islands,109,reverse,34
33,Channel Islands,110,reverse oblique,37
33,Channel Islands,111,reverse oblique,30
33,Channel Islands,112,reverse oblique,49
33,Channel Islands,113,reverse oblique,24
33,Channel Islands,114,reverse oblique,37
33,Channel Islands,115,reverse oblique,18
33,Channel Islands,116,reverse oblique,19
33,Channel Islands,117,reverse oblique,23
33,Channel Islands,118,reverse oblique,16
33,Channel Islands,119,reverse oblique,17
33,Channel Islands,120,reverse oblique,14
33,Channel Islands,121,reverse oblique,6
33,Channel Islands,122,reverse oblique,8
33,Channel Islands,123,reverse oblique,2
33,Channel Islands,124,reverse oblique,4
33,Channel Islands,125,reverse oblique,6
33,Channel Islands,126,reverse oblique,2
34,Channel Islands (ramp),44,reverse oblique,4
34,Channel Islands (ramp),46,reverse oblique,2
34,Channel Islands (ramp),47,reverse oblique,2
34,Channel Islands (ramp),48,reverse oblique,5
34,Channel Islands (ramp),49,reverse oblique,2
34,Channel Islands (ramp),50,reverse oblique,5
34,Channel Islands (ramp),51,reverse oblique,9
34,Channel Islands (ramp),52,reverse oblique,11
34,Channel Islands (ramp),53,reverse oblique,8
34,Channel Islands (ramp),54,reverse oblique,17
34,Channel Islands (ramp),55,reverse oblique,4
34,Channel Islands (ramp),56,reverse oblique,19
34,Channel Islands (ramp),57,reverse oblique,26
34,Channel Islands (ramp),58,reverse oblique,20
34,Channel Islands (ramp),59,reverse oblique,14
34,Channel Islands (ramp),60,reverse oblique,18
34,Channel Islands (ramp),61,reverse oblique,35
34,Channel Islands (ramp),62,reverse oblique,26
34,Channel Islands (ramp),63,reverse oblique,18
34,Channel Islands (ramp),64,reverse oblique,33
34,Channel Islands (ramp),65,reverse oblique,44
34,Channel Islands (ramp),66,reverse oblique,25
34,Channel Islands (ramp),67,reverse oblique,30
34,Channel Islands (ramp),68,reverse oblique,24
34,Channel Islands (ramp),69,reverse oblique,45
34,Channel Islands (ramp),70,reverse,49
34,Channel Islands (ramp),71,reverse,39
34,Channel Islands (ramp),72,reverse,60
34,Channel Islands (ramp),73,reverse,37
34,Channel Islands (ramp),74,reverse,52
34,Channel Islands (ramp),75,reverse,66
34,Channel Islands (ramp),76,reverse,50
34,Channel Islands (ramp),77,reverse,46
34,Channel Islands (ramp),78,reverse,47
34,Channel Islands (ramp),79,reverse,38
34,Channel Islands (ramp),80,reverse,50
34,Channel Islands (ramp),81,reverse,49
34,Channel Islands (ramp),82,reverse,57
34,Channel Islands (ramp),83,reverse,39
34,Channel Islands (ramp),84,reverse,74
34,Channel Islands (ramp),85,reverse,57
34,Channel Islands (ramp),86,reverse,45
34,Channel Islands (ramp),87,reverse,52
34,Channel Islands (ramp),88,reverse,44
34,Channel Islands (ramp),89,reverse,30
34,Channel Islands (ramp),90,reverse,163
34,Channel Islands (ramp),91,reverse,32
34,Channel Islands (ramp),92,reverse,36
34,Channel Islands (ramp),93,reverse,35
34,Channel Islands (ramp),94,reverse,51
34,Channel Islands (ramp),95,reverse,40
34,Channel Islands (ramp),96,reverse,55
34,Channel Islands (ramp),97,reverse,26
34,Channel Islands (ramp),98,reverse,52
34,Channel Islands (ramp),99,reverse,57
34,Channel Islands (ramp),100,reverse,39
34,Channel Islands (ramp),101,reverse,34
34,Channel Islands (ramp),102,reverse,58
34,Channel Islands (ramp),103,reverse,57
34,Channel Islands (ramp),104,reverse,64
34,Channel Islands (ramp),105,reverse,40
34,Channel Islands (ramp),106,reverse,83
34,Channel Islands (ramp),107,reverse,56
34,Channel Islands (ramp),108,reverse,79
34,Channel Islands (ramp),109,reverse,62
34,Channel Islands (ramp),110,reverse oblique,57
34,Channel Islands (ramp),111,reverse oblique,43
34,Channel Islands (ramp),112,reverse oblique,67
34,Channel Islands (ramp),113,reverse oblique,30
34,Channel Islands (ramp),114,reverse oblique,58
34,Channel Islands (ramp),115,reverse oblique,24
34,Channel Islands (ramp),116,reverse oblique,29
34,Channel Islands (ramp),117,reverse oblique,16
34,Channel Islands (ramp),118,reverse oblique,16
34,Channel Islands (ramp),119,reverse oblique,12
34,Channel Islands (ramp),120,reverse oblique,10
34,Channel Islands (ramp),121,reverse oblique,8
34,Channel Islands (ramp),122,reverse oblique,7
34,Channel Islands (ramp),123,reverse oblique,4
34,Channel Islands (ramp),124,reverse oblique,6
34,Channel Islands (ramp),125,reverse oblique,4
36,Chino [2],150,reverse oblique,16
36,Chino [2],158,reverse oblique,4
36,Chino [2],160,strike-slip,3
36,Chino [2],161,strike-slip,4
36,Chino [2],163,strike-slip,9
36,Chino [2],166,strike-slip,9
36,Chino [2],168,strike-slip,3
36,Chino [2],169,strike-slip,6
36,Chino [2],170,strike-slip,8
36,Chino [2],171,strike-slip,9
36,Chino [2],172,strike-slip,10
36,Chino [2],173,strike-slip,12
36,Chino [2],174,strike-slip,12
36,Chino [2],175,strike-slip,22
36,Chino [2],176,strike-slip,60
36,Chino [2],177,strike-slip,34
36,Chino [2],178,strike-slip,20
37,Clamshell - Sawpit,40,reverse oblique,2
37,Clamshell - Sawpit,41,reverse oblique,2
37,Clamshell - Sawpit,42,reverse oblique,4
37,Clamshell - Sawpit,43,reverse oblique,4
37,Clamshell - Sawpit,44,reverse oblique,10
37,Clamshell - Sawpit,45,reverse oblique,14
37,Clamshell - Sawpit,46,reverse oblique,22
37,Clamshell - Sawpit,47,reverse oblique,22
37,Clamshell - Sawpit,48,reverse oblique,22
37,Clamshell - Sawpit,49,reverse oblique,10
37,Clamshell - Sawpit,50,reverse oblique,14
37,Clamshell - Sawpit,51,reverse oblique,16
37,Clamshell - Sawpit,52,reverse oblique,12
37,Clamshell - Sawpit,53,reverse oblique,14
37,Clamshell - Sawpit,54,reverse oblique,20
37,Clamshell - Sawpit,55,reverse oblique,8
37,Clamshell - Sawpit,56,reverse oblique,14
37,Clamshell - Sawpit,57,reverse oblique,12
37,Clamshell - Sawpit,58,reverse oblique,26
37,Clamshell - Sawpit,59,reverse oblique,20
37,Clamshell - Sawpit,60,reverse oblique,12
37,Clamshell - Sawpit,61,reverse oblique,24
37,Clamshell - Sawpit,62,reverse oblique,24
37,Clamshell - Sawpit,63,reverse oblique,12
37,Clamshell - Sawpit,64,reverse oblique,16
37,Clamshell - Sawpit,65,reverse oblique,12
37,Clamshell - Sawpit,66,reverse oblique,12
37,Clamshell - Sawpit,67,reverse oblique,6
37,Clamshell - Sawpit,68,reverse oblique,10
37,Clamshell - Sawpit,69,reverse oblique,8
37,Clamshell - Sawpit,70,reverse,10
37,Clamshell - Sawpit,71,reverse,2
37,Clamshell - Sawpit,72,reverse,2
37,Clamshell - Sawpit,73,reverse,6
37,Clamshell - Sawpit,74,reverse,6
37,Clamshell - Sawpit,75,reverse,4
37,Clamshell - Sawpit,76,reverse,8
37,Clamshell - Sawpit,77,reverse,4
37,Clamshell - Sawpit,78,reverse,20
37,Clamshell - Sawpit,79,reverse,10
37,Clamshell - Sawpit,80,reverse,16
37,Clamshell - Sawpit,81,reverse,14
37,Clamshell - Sawpit,82,reverse,30
37,Clamshell - Sawpit,83,reverse,40
37,Clamshell - Sawpit,84,reverse,30
37,Clamshell - Sawpit,85,reverse,46
37,Clamshell - Sawpit,86,reverse,102
37,Clamshell - Sawpit,87,reverse,64
37,Clamshell - Sawpit,88,reverse,84
37,Clamshell - Sawpit,89,reverse,10
37,Clamshell - Sawpit,90,reverse,374
37,Clamshell - Sawpit,91,reverse,10
37,Clamshell - Sawpit,92,reverse,20
37,Clamshell - Sawpit,93,reverse,22
37,Clamshell - Sawpit,94,reverse,50
37,Clamshell - Sawpit,95,reverse,58
37,Clamshell - Sawpit,96,reverse,66
37,Clamshell - Sawpit,97,reverse,64
37,Clamshell - Sawpit,98,reverse,54
37,Clamshell - Sawpit,99,reverse,50
37,Clamshell - Sawpit,100,reverse,64
37,Clamshell - Sawpit,101,reverse,38
37,Clamshell - Sawpit,102,reverse,36
37,Clamshell - Sawpit,103,reverse,16
37,Clamshell - Sawpit,104,reverse,28
37,Clamshell - Sawpit,105,reverse,24
37,Clamshell - Sawpit,106,reverse,16
37,Clamshell - Sawpit,107,reverse,10
37,Clamshell - Sawpit,108,reverse,16
37,Clamshell - Sawpit,109,reverse,12
37,Clamshell - Sawpit,110,reverse oblique,16
37,Clamshell - Sawpit,111,reverse oblique,10
37,Clamshell - Sawpit,112,reverse oblique,6
37,Clamshell - Sawpit,113,reverse oblique,8
37,Clamshell - Sawpit,114,reverse oblique,6
37,Clamshell - Sawpit,115,reverse oblique,4
37,Clamshell - Sawpit,116,reverse oblique,2
37,Clamshell - Sawpit,118,reverse oblique,8
37,Clamshell - Sawpit,119,reverse oblique,4
37,Clamshell - Sawpit,120,reverse oblique,2
37,Clamshell - Sawpit,122,reverse oblique,2
37,Clamshell - Sawpit,124,reverse oblique,2
37,Clamshell - Sawpit,126,reverse oblique,2
37,Clamshell - Sawpit,127,reverse oblique,2
37,Clamshell - Sawpit,129,reverse oblique,2
37,Clamshell - Sawpit,132,reverse oblique,4
37,Clamshell - Sawpit,133,reverse oblique,2
37,Clamshell - Sawpit,143,reverse oblique,2
37,Clamshell - Sawpit,151,reverse oblique,2
38,Clayton,94,reverse,20
38,Clayton,95,reverse,10
38,Clayton,96,reverse,30
38,Clayton,97,reverse,17
38,Clayton,98,reverse,13
38,Clayton,99,reverse,18
38,Clayton,100,reverse,26
38,Clayton,101,reverse,32
38,Clayton,102,reverse,29
38,Clayton,103,reverse,30
38,Clayton,104,reverse,36
38,Clayton,105,reverse,27
38,Clayton,106,reverse,26
38,Clayton,107,reverse,9
38,Clayton,108,reverse,32
38,Clayton,109,reverse,15
38,Clayton,110,reverse oblique,15
38,Clayton,111,reverse oblique,14
38,Clayton,112,reverse oblique,18
38,Clayton,113,reverse oblique,3
38,Clayton,114,reverse oblique,18
38,Clayton,115,reverse oblique,20
38,Clayton,116,reverse oblique,23
38,Clayton,117,reverse oblique,18
38,Clayton,118,reverse oblique,8
38,Clayton,119,reverse oblique,15
38,Clayton,120,reverse oblique,15
38,Clayton,121,reverse oblique,9
38,Clayton,122,reverse oblique,14
38,Clayton,123,reverse oblique,9
38,Clayton,124,reverse oblique,12
38,Clayton,125,reverse oblique,11
38,Clayton,126,reverse oblique,9
38,Clayton,127,reverse oblique,9
38,Clayton,128,reverse oblique,8
38,Clayton,129,reverse oblique,15
38,Clayton,130,reverse oblique,6
38,Clayton,131,reverse oblique,3
38,Clayton,132,reverse oblique,21
38,Clayton,133,reverse oblique,6
38,Clayton,134,reverse oblique,8
38,Clayton,135,reverse oblique,12
38,Clayton,136,reverse oblique,14
38,Clayton,137,reverse oblique,11
38,Clayton,138,reverse oblique,9
38,Clayton,139,reverse oblique,14
38,Clayton,140,reverse oblique,12
38,Clayton,141,reverse oblique,20
38,Clayton,142,reverse oblique,3
38,Clayton,143,reverse oblique,20
38,Clayton,144,reverse oblique,15
38,Clayton,145,reverse oblique,5
38,Clayton,146,reverse oblique,15
38,Clayton,147,reverse oblique,17
38,Clayton,148,reverse oblique,17
38,Clayton,149,reverse oblique,24
38,Clayton,150,reverse oblique,26
38,Clayton,151,reverse oblique,21
38,Clayton,152,reverse oblique,29
38,Clayton,153,reverse oblique,20
38,Clayton,154,reverse oblique,32
38,Clayton,155,reverse oblique,35
38,Clayton,156,reverse oblique,35
38,Clayton,157,reverse oblique,48
38,Clayton,158,reverse oblique,52
38,Clayton,159,reverse oblique,42
38,Clayton,160,strike-slip,48
38,Clayton,161,strike-slip,44
38,Clayton,162,strike-slip,67
38,Clayton,163,strike-slip,48
38,Clayton,164,strike-slip,58
38,Clayton,165,strike-slip,47
38,Clayton,166,strike-slip,66
38,Clayton,167,strike-slip,41
38,Clayton,168,strike-slip,91
38,Clayton,169,strike-slip,93
38,Clayton,170,strike-slip,112
38,Clayton,171,strike-slip,12
38,Clayton,180,strike-slip,62
39,Cleghorn,0,strike-slip,29
39,Cleghorn,34,reverse oblique,4
39,Cleghorn,42,reverse oblique,3
39,Cleghorn,45,reverse oblique,4
39,Cleghorn,53,reverse oblique,9
39,Cleghorn,57,reverse oblique,24
39,Cleghorn,58,reverse oblique,4
39,Cleghorn,59,reverse oblique,21
39,Cleghorn,60,reverse oblique,4
39,Cleghorn,61,reverse oblique,24
39,Cleghorn,62,reverse oblique,5
39,Cleghorn,63,reverse oblique,6
39,Cleghorn,64,reverse oblique,22
39,Cleghorn,65,reverse oblique,6
39,Cleghorn,66,reverse oblique,3
39,Cleghorn,67,reverse oblique,6
39,Cleghorn,68,reverse oblique,20
39,Cleghorn,69,reverse oblique,2
39,Cleghorn,70,reverse,16
39,Cleghorn,71,reverse,11
39,Cleghorn,72,reverse,17
39,Cleghorn,73,reverse,15
39,Cleghorn,74,reverse,27
39,Cleghorn,75,reverse,12
39,Cleghorn,76,reverse,32
39,Cleghorn,77,reverse,25
39,Cleghorn,78,reverse,38
39,Cleghorn,79,reverse,56
39,Cleghorn,80,reverse,54
39,Cleghorn,81,reverse,51
39,Cleghorn,82,reverse,99
39,Cleghorn,83,reverse,36
39,Cleghorn,84,reverse,51
39,Cleghorn,85,reverse,39
39,Cleghorn,86,reverse,24
39,Cleghorn,87,reverse,14
39,Cleghorn,89,reverse,4
39,Cleghorn,99,reverse,2
39,Cleghorn,103,reverse,3
39,Cleghorn,107,reverse,4
39,Cleghorn,116,reverse oblique,2
39,Cleghorn,119,reverse oblique,3
39,Cleghorn,122,reverse oblique,4
39,Cleghorn,129,reverse oblique,2
39,Cleghorn,132,reverse oblique,3
39,Cleghorn,134,reverse oblique,4
39,Cleghorn,139,reverse oblique,2
39,Cleghorn,140,reverse oblique,3
39,Cleghorn,142,reverse oblique,4
39,Cleghorn,146,reverse oblique,2
39,Cleghorn,147,reverse oblique,3
39,Cleghorn,148,reverse oblique,4
39,Cleghorn,151,reverse oblique,2
39,Cleghorn,152,reverse oblique,3
39,Cleghorn,155,reverse oblique,2
39,Cleghorn,180,strike-slip,1841
40,Cleghorn Lake,180,strike-slip,346
41,Cleghorn Pass,180,strike-slip,16
42,Collayomi,180,strike-slip,77
43,Compton,41,reverse oblique,1
43,Compton,42,reverse oblique,4
43,Compton,43,reverse oblique,8
43,Compton,44,reverse oblique,10
43,Compton,45,reverse oblique,11
43,Compton,46,reverse oblique,27
43,Compton,47,reverse oblique,39
43,Compton,48,reverse oblique,46
43,Compton,49,reverse oblique,32
43,Compton,50,reverse oblique,41
43,Compton,51,reverse oblique,39
43,Compton,52,reverse oblique,56
43,Compton,53,reverse oblique,41
43,Compton,54,reverse oblique,52
43,Compton,55,reverse oblique,48
43,Compton,56,reverse oblique,71
43,Compton,57,reverse oblique,67
43,Compton,58,reverse oblique,94
43,Compton,59,reverse oblique,85
43,Compton,60,reverse oblique,91
43,Compton,61,reverse oblique,107
43,Compton,62,reverse oblique,124
43,Compton,63,reverse oblique,81
43,Compton,64,reverse oblique,132
43,Compton,65,reverse oblique,96
43,Compton,66,reverse oblique,126
43,Compton,67,reverse oblique,104
43,Compton,68,reverse oblique,157
43,Compton,69,reverse oblique,134
43,Compton,70,reverse,159
43,Compton,71,reverse,131
43,Compton,72,reverse,194
43,Compton,73,reverse,144
43,Compton,74,reverse,163
43,Compton,75,reverse,118
43,Compton,76,reverse,145
43,Compton,77,reverse,121
43,Compton,78,reverse,142
43,Compton,79,reverse,113
43,Compton,80,reverse,87
43,Compton,81,reverse,97
43,Compton,82,reverse,85
43,Compton,83,reverse,65
43,Compton,84,reverse,59
43,Compton,85,reverse,35
43,Compton,86,reverse,73
43,Compton,87,reverse,29
43,Compton,88,reverse,37
43,Compton,89,reverse,51
43,Compton,90,reverse,141
43,Compton,91,reverse,68
43,Compton,92,reverse,28
43,Compton,93,reverse,53
43,Compton,94,reverse,60
43,Compton,95,reverse,53
43,Compton,96,reverse,50
43,Compton,97,reverse,52
43,Compton,98,reverse,44
43,Compton,99,reverse,44
43,Compton,100,reverse,45
43,Compton,101,reverse,47
43,Compton,102,reverse,59
43,Compton,103,reverse,45
43,Compton,104,reverse,59
43,Compton,105,reverse,47
43,Compton,106,reverse,70
43,Compton,107,reverse,45
43,Compton,108,reverse,68
43,Compton,109,reverse,37
43,Compton,110,reverse oblique,49
43,Compton,111,reverse oblique,59
43,Compton,112,reverse oblique,38
43,Compton,113,reverse oblique,40
43,Compton,114,reverse oblique,45
43,Compton,115,reverse oblique,34
43,Compton,116,reverse oblique,44
43,Compton,117,reverse oblique,31
43,Compton,118,reverse oblique,42
43,Compton,119,reverse oblique,40
43,Compton,120,reverse oblique,36
43,Compton,121,reverse oblique,43
43,Compton,122,reverse oblique,45
43,Compton,123,reverse oblique,39
43,Compton,124,reverse oblique,43
43,Compton,125,reverse oblique,30
43,Compton,126,reverse oblique,37
43,Compton,127,reverse oblique,31
43,Compton,128,reverse oblique,31
43,Compton,129,reverse oblique,38
43,Compton,130,reverse oblique,15
43,Compton,131,reverse oblique,39
43,Compton,132,reverse oblique,27
43,Compton,133,reverse oblique,32
43,Compton,134,reverse oblique,27
43,Compton,135,reverse oblique,16
43,Compton,136,reverse oblique,37
43,Compton,137,reverse oblique,21
43,Compton,138,reverse oblique,30
43,Compton,139,reverse oblique,23
43,Compton,140,reverse oblique,22
43,Compton,141,reverse oblique,25
43,Compton,142,reverse oblique,22
43,Compton,143,reverse oblique,27
43,Compton,144,reverse oblique,21
43,Compton,145,reverse oblique,27
43,Compton,146,reverse oblique,20
43,Compton,147,reverse oblique,28
43,Compton,148,reverse oblique,25
43,Compton,149,reverse oblique,25
43,Compton,150,reverse oblique,18
43,Compton,151,reverse oblique,10
43,Compton,152,reverse oblique,21
43,Compton,153,reverse oblique,13
43,Compton,154,reverse oblique,20
43,Compton,155,reverse oblique,10
43,Compton,156,reverse oblique,13
43,Compton,157,reverse oblique,10
43,Compton,158,reverse oblique,6
43,Compton,159,reverse oblique,4
43,Compton,160,strike-slip,4
44,Concord,113,reverse oblique,2
44,Concord,117,reverse oblique,3
44,Concord,119,reverse oblique,2
44,Concord,123,reverse oblique,3
44,Concord,124,reverse oblique,3
44,Concord,125,reverse oblique,3
44,Concord,127,reverse oblique,3
44,Concord,130,reverse oblique,2
44,Concord,131,reverse oblique,6
44,Concord,132,reverse oblique,5
44,Concord,134,reverse oblique,3
44,Concord,135,reverse oblique,6
44,Concord,136,reverse oblique,3
44,Concord,138,reverse oblique,3
44,Concord,139,reverse oblique,11
44,Concord,141,reverse oblique,6
44,Concord,142,reverse oblique,3
44,Concord,143,reverse oblique,9
44,Concord,144,reverse oblique,11
44,Concord,146,reverse oblique,18
44,Concord,148,reverse oblique,14
44,Concord,149,reverse oblique,3
44,Concord,150,reverse oblique,15
44,Concord,151,reverse oblique,12
44,Concord,152,reverse oblique,11
44,Concord,153,reverse oblique,18
44,Concord,154,reverse oblique,18
44,Concord,155,reverse oblique,17
44,Concord,156,reverse oblique,24
44,Concord,157,reverse oblique,11
44,Concord,158,reverse oblique,38
44,Concord,159,reverse oblique,29
44,Concord,160,strike-slip,47
44,Concord,161,strike-slip,45
44,Concord,162,strike-slip,48
44,Concord,163,strike-slip,48
44,Concord,164,strike-slip,54
44,Concord,165,strike-slip,51
44,Concord,166,strike-slip,66
44,Concord,167,strike-slip,57
44,Concord,168,strike-slip,63
44,Concord,169,strike-slip,51
44,Concord,170,strike-slip,63
44,Concord,171,strike-slip,78
44,Concord,172,strike-slip,135
44,Concord,173,strike-slip,174
44,Concord,174,strike-slip,225
44,Concord,175,strike-slip,120
44,Concord,176,strike-slip,42
44,Concord,177,strike-slip,24
44,Concord,178,strike-slip,3
44,Concord,180,strike-slip,252
45,Contra Costa (Briones) [2],175,strike-slip,6
45,Contra Costa (Briones) [2],176,strike-slip,44
45,Contra Costa (Briones) [2],177,strike-slip,134
45,Contra Costa (Briones) [2],178,strike-slip,244
45,Contra Costa (Briones) [2],179,strike-slip,170
45,Contra Costa (Briones) [2],180,strike-slip,4522
46,Contra Costa (Dillon Point) [2],142,reverse oblique,2
46,Contra Costa (Dillon Point) [2],145,reverse oblique,4
46,Contra Costa (Dillon Point) [2],146,reverse oblique,2
46,Contra Costa (Dillon Point) [2],148,reverse oblique,4
46,Contra Costa (Dillon Point) [2],150,reverse oblique,4
46,Contra Costa (Dillon Point) [2],152,reverse oblique,8
46,Contra Costa (Dillon Point) [2],153,reverse oblique,4
46,Contra Costa (Dillon Point) [2],154,reverse oblique,8
46,Contra Costa (Dillon Point) [2],155,reverse oblique,12
46,Contra Costa (Dillon Point) [2],156,reverse oblique,4
46,Contra Costa (Dillon Point) [2],157,reverse oblique,8
46,Contra Costa (Dillon Point) [2],158,reverse oblique,8
46,Contra Costa (Dillon Point) [2],159,reverse oblique,16
46,Contra Costa (Dillon Point) [2],160,strike-slip,16
46,Contra Costa (Dillon Point) [2],161,strike-slip,20
46,Contra Costa (Dillon Point) [2],162,strike-slip,24
46,Contra Costa (Dillon Point) [2],163,strike-slip,32
46,Contra Costa (Dillon Point) [2],164,strike-slip,38
46,Contra Costa (Dillon Point) [2],165,strike-slip,44
46,Contra Costa (Dillon Point) [2],166,strike-slip,40
46,Contra Costa (Dillon Point) [2],167,strike-slip,42
46,Contra Costa (Dillon Point) [2],168,strike-slip,54
46,Contra Costa (Dillon Point) [2],169,strike-slip,32
46,Contra Costa (Dillon Point) [2],170,strike-slip,32
46,Contra Costa (Dillon Point) [2],171,strike-slip,6
46,Contra Costa (Dillon Point) [2],172,strike-slip,8
46,Contra Costa (Dillon Point) [2],174,strike-slip,8
46,Contra Costa (Dillon Point) [2],175,strike-slip,12
46,Contra Costa (Dillon Point) [2],176,strike-slip,108
46,Contra Costa (Dillon Point) [2],177,strike-slip,496
46,Contra Costa (Dillon Point) [2],178,strike-slip,984
46,Contra Costa (Dillon Point) [2],179,strike-slip,730
46,Contra Costa (Dillon Point) [2],180,strike-slip,16154
47,Contra Costa (Lafayette),174,strike-slip,2
47,Contra Costa (Lafayette),175,strike-slip,26
47,Contra Costa (Lafayette),176,strike-slip,146
47,Contra Costa (Lafayette),177,strike-slip,512
47,Contra Costa (Lafayette),178,strike-slip,982
47,Contra Costa (Lafayette),179,strike-slip,676
47,Contra Costa (Lafayette),180,strike-slip,16658
48,Contra Costa (Lake Chabot) [2],145,reverse oblique,2
48,Contra Costa (Lake Chabot) [2],148,reverse oblique,2
48,Contra Costa (Lake Chabot) [2],152,reverse oblique,4
48,Contra Costa (Lake Chabot) [2],154,reverse oblique,4
48,Contra Costa (Lake Chabot) [2],155,reverse oblique,6
48,Contra Costa (Lake Chabot) [2],156,reverse oblique,2
48,Contra Costa (Lake Chabot) [2],157,reverse oblique,4
48,Contra Costa (Lake Chabot) [2],158,reverse oblique,4
48,Contra Costa (Lake Chabot) [2],159,reverse oblique,8
48,Contra Costa (Lake Chabot) [2],160,strike-slip,10
48,Contra Costa (Lake Chabot) [2],161,strike-slip,14
48,Contra Costa (Lake Chabot) [2],162,strike-slip,16
48,Contra Costa (Lake Chabot) [2],163,strike-slip,22
48,Contra Costa (Lake Chabot) [2],164,strike-slip,28
48,Contra Costa (Lake Chabot) [2],165,strike-slip,30
48,Contra Costa (Lake Chabot) [2],166,strike-slip,38
48,Contra Costa (Lake Chabot) [2],167,strike-slip,42
48,Contra Costa (Lake Chabot) [2],168,strike-slip,54
48,Contra Costa (Lake Chabot) [2],169,strike-slip,32
48,Contra Costa (Lake Chabot) [2],170,strike-slip,32
48,Contra Costa (Lake Chabot) [2],171,strike-slip,6
48,Contra Costa (Lake Chabot) [2],172,strike-slip,4
48,Contra Costa (Lake Chabot) [2],174,strike-slip,4
48,Contra Costa (Lake Chabot) [2],175,strike-slip,14
48,Contra Costa (Lake Chabot) [2],176,strike-slip,62
48,Contra Costa (Lake Chabot) [2],177,strike-slip,432
48,Contra Costa (Lake Chabot) [2],178,strike-slip,932
48,Contra Costa (Lake Chabot) [2],179,strike-slip,636
48,Contra Costa (Lake Chabot) [2],180,strike-slip,14748
49,Contra Costa (Larkey) [2],110,reverse oblique,2
49,Contra Costa (Larkey) [2],116,reverse oblique,2
49,Contra Costa (Larkey) [2],126,reverse oblique,2
49,Contra Costa (Larkey) [2],130,reverse oblique,2
49,Contra Costa (Larkey) [2],131,reverse oblique,2
49,Contra Costa (Larkey) [2],137,reverse oblique,2
49,Contra Costa (Larkey) [2],139,reverse oblique,2
49,Contra Costa (Larkey) [2],141,reverse oblique,2
49,Contra Costa (Larkey) [2],142,reverse oblique,2
49,Contra Costa (Larkey) [2],143,reverse oblique,4
49,Contra Costa (Larkey) [2],144,reverse oblique,4
49,Contra Costa (Larkey) [2],145,reverse oblique,4
49,Contra Costa (Larkey) [2],147,reverse oblique,2
49,Contra Costa (Larkey) [2],148,reverse oblique,6
49,Contra Costa (Larkey) [2],150,reverse oblique,8
49,Contra Costa (Larkey) [2],151,reverse oblique,10
49,Contra Costa (Larkey) [2],152,reverse oblique,10
49,Contra Costa (Larkey) [2],153,reverse oblique,2
49,Contra Costa (Larkey) [2],154,reverse oblique,10
49,Contra Costa (Larkey) [2],155,reverse oblique,12
49,Contra Costa (Larkey) [2],156,reverse oblique,10
49,Contra Costa (Larkey) [2],157,reverse oblique,10
49,Contra Costa (Larkey) [2],158,reverse oblique,12
49,Contra Costa (Larkey) [2],159,reverse oblique,20
49,Contra Costa (Larkey) [2],160,strike-slip,28
49,Contra Costa (Larkey) [2],161,strike-slip,18
49,Contra Costa (Larkey) [2],162,strike-slip,30
49,Contra Costa (Larkey) [2],163,strike-slip,34
49,Contra Costa (Larkey) [2],164,strike-slip,42
49,Contra Costa (Larkey) [2],165,strike-slip,42
49,Contra Costa (Larkey) [2],166,strike-slip,40
49,Contra Costa (Larkey) [2],167,strike-slip,40
49,Contra Costa (Larkey) [2],168,strike-slip,54
49,Contra Costa (Larkey) [2],169,strike-slip,34
49,Contra Costa (Larkey) [2],170,strike-slip,30
49,Contra Costa (Larkey) [2],171,strike-slip,10
49,Contra Costa (Larkey) [2],172,strike-slip,14
49,Contra Costa (Larkey) [2],173,strike-slip,6
49,Contra Costa (Larkey) [2],174,strike-slip,23
49,Contra Costa (Larkey) [2],175,strike-slip,65
49,Contra Costa (Larkey) [2],176,strike-slip,144
49,Contra Costa (Larkey) [2],177,strike-slip,444
49,Contra Costa (Larkey) [2],178,strike-slip,771
49,Contra Costa (Larkey) [2],179,strike-slip,538
49,Contra Costa (Larkey) [2],180,strike-slip,13302
50,Contra Costa (Ozal - Columbus) [2],141,reverse oblique,2
50,Contra Costa (Ozal - Columbus) [2],144,reverse oblique,2
50,Contra Costa (Ozal - Columbus) [2],148,reverse oblique,2
50,Contra Costa (Ozal - Columbus) [2],150,reverse oblique,2
50,Contra Costa (Ozal - Columbus) [2],151,reverse oblique,4
50,Contra Costa (Ozal - Columbus) [2],153,reverse oblique,2
50,Contra Costa (Ozal - Columbus) [2],154,reverse oblique,2
50,Contra Costa (Ozal - Columbus) [2],155,reverse oblique,2
50,Contra Costa (Ozal - Columbus) [2],157,reverse oblique,2
50,Contra Costa (Ozal - Columbus) [2],158,reverse oblique,4
50,Contra Costa (Ozal - Columbus) [2],159,reverse oblique,4
50,Contra Costa (Ozal - Columbus) [2],160,strike-slip,4
50,Contra Costa (Ozal - Columbus) [2],161,strike-slip,2
50,Contra Costa (Ozal - Columbus) [2],162,strike-slip,4
50,Contra Costa (Ozal - Columbus) [2],163,strike-slip,4
50,Contra Costa (Ozal - Columbus) [2],164,strike-slip,8
50,Contra Costa (Ozal - Columbus) [2],165,strike-slip,2
50,Contra Costa (Ozal - Columbus) [2],172,strike-slip,2
50,Contra Costa (Ozal - Columbus) [2],174,strike-slip,4
50,Contra Costa (Ozal - Columbus) [2],175,strike-slip,16
50,Contra Costa (Ozal - Columbus) [2],176,strike-slip,82
50,Contra Costa (Ozal - Columbus) [2],177,strike-slip,426
50,Contra Costa (Ozal - Columbus) [2],178,strike-slip,812
50,Contra Costa (Ozal - Columbus) [2],179,strike-slip,566
50,Contra Costa (Ozal - Columbus) [2],180,strike-slip,13304
51,Contra Costa (Reliez Valley) [2],174,strike-slip,2
51,Contra Costa (Reliez Valley) [2],175,strike-slip,10
51,Contra Costa (Reliez Valley) [2],176,strike-slip,76
51,Contra Costa (Reliez Valley) [2],177,strike-slip,264
51,Contra Costa (Reliez Valley) [2],178,strike-slip,546
51,Contra Costa (Reliez Valley) [2],179,strike-slip,448
51,Contra Costa (Reliez Valley) [2],180,strike-slip,8000
52,Contra Costa (Southampton) [2],131,reverse oblique,2
52,Contra Costa (Southampton) [2],139,reverse oblique,2
52,Contra Costa (Southampton) [2],141,reverse oblique,2
52,Contra Costa (Southampton) [2],142,reverse oblique,2
52,Contra Costa (Southampton) [2],143,reverse oblique,2
52,Contra Costa (Southampton) [2],144,reverse oblique,4
52,Contra Costa (Southampton) [2],145,reverse oblique,4
52,Contra Costa (Southampton) [2],148,reverse oblique,6
52,Contra Costa (Southampton) [2],150,reverse oblique,8
52,Contra Costa (Southampton) [2],151,reverse oblique,8
52,Contra Costa (Southampton) [2],152,reverse oblique,10
52,Contra Costa (Southampton) [2],153,reverse oblique,2
52,Contra Costa (Southampton) [2],154,reverse oblique,10
52,Contra Costa (Southampton) [2],155,reverse oblique,10
52,Contra Costa (Southampton) [2],156,reverse oblique,8
52,Contra Costa (Southampton) [2],157,reverse oblique,10
52,Contra Costa (Southampton) [2],158,reverse oblique,10
52,Contra Costa (Southampton) [2],159,reverse oblique,18
52,Contra Costa (Southampton) [2],160,strike-slip,26
52,Contra Costa (Southampton) [2],161,strike-slip,18
52,Contra Costa (Southampton) [2],162,strike-slip,30
52,Contra Costa (Southampton) [2],163,strike-slip,34
52,Contra Costa (Southampton) [2],164,strike-slip,42
52,Contra Costa (Southampton) [2],165,strike-slip,42
52,Contra Costa (Southampton) [2],166,strike-slip,40
52,Contra Costa (Southampton) [2],167,strike-slip,40
52,Contra Costa (Southampton) [2],168,strike-slip,54
52,Contra Costa (Southampton) [2],169,strike-slip,34
52,Contra Costa (Southampton) [2],170,strike-slip,30
52,Contra Costa (Southampton) [2],171,strike-slip,8
52,Contra Costa (Southampton) [2],172,strike-slip,14
52,Contra Costa (Southampton) [2],174,strike-slip,16
52,Contra Costa (Southampton) [2],175,strike-slip,62
52,Contra Costa (Southampton) [2],176,strike-slip,180
52,Contra Costa (Southampton) [2],177,strike-slip,738
52,Contra Costa (Southampton) [2],178,strike-slip,1322
52,Contra Costa (Southampton) [2],179,strike-slip,896
52,Contra Costa (Southampton) [2],180,strike-slip,23430
53,Contra Costa (Vallejo) [2],144,reverse oblique,2
53,Contra Costa (Vallejo) [2],145,reverse oblique,2
53,Contra Costa (Vallejo) [2],148,reverse oblique,2
53,Contra Costa (Vallejo) [2],151,reverse oblique,4
53,Contra Costa (Vallejo) [2],152,reverse oblique,4
53,Contra Costa (Vallejo) [2],154,reverse oblique,4
53,Contra Costa (Vallejo) [2],155,reverse oblique,4
53,Contra Costa (Vallejo) [2],157,reverse oblique,6
53,Contra Costa (Vallejo) [2],159,reverse oblique,6
53,Contra Costa (Vallejo) [2],160,strike-slip,8
53,Contra Costa (Vallejo) [2],161,strike-slip,2
53,Contra Costa (Vallejo) [2],162,strike-slip,8
53,Contra Costa (Vallejo) [2],163,strike-slip,6
53,Contra Costa (Vallejo) [2],164,strike-slip,8
53,Contra Costa (Vallejo) [2],165,strike-slip,10
53,Contra Costa (Vallejo) [2],166,strike-slip,2
53,Contra Costa (Vallejo) [2],174,strike-slip,2
53,Contra Costa (Vallejo) [2],175,strike-slip,8
53,Contra Costa (Vallejo) [2],176,strike-slip,52
53,Contra Costa (Vallejo) [2],177,strike-slip,364
53,Contra Costa (Vallejo) [2],178,strike-slip,768
53,Contra Costa (Vallejo) [2],179,strike-slip,606
53,Contra Costa (Vallejo) [2],180,strike-slip,12286
56,Coronado Bank [2],91,reverse,2
56,Coronado Bank [2],92,reverse,20
56,Coronado Bank [2],93,reverse,31
56,Coronado Bank [2],94,reverse,58
56,Coronado Bank [2],95,reverse,51
56,Coronado Bank [2],96,reverse,95
56,Coronado Bank [2],97,reverse,77
56,Coronado Bank [2],98,reverse,113
56,Coronado Bank [2],99,reverse,79
56,Coronado Bank [2],100,reverse,121
56,Coronado Bank [2],101,reverse,116
56,Coronado Bank [2],102,reverse,162
56,Coronado Bank [2],103,reverse,111
56,Coronado Bank [2],104,reverse,179
56,Coronado Bank [2],105,reverse,132
56,Coronado Bank [2],106,reverse,213
56,Coronado Bank [2],107,reverse,118
56,Coronado Bank [2],108,reverse,173
56,Coronado Bank [2],109,reverse,153
56,Coronado Bank [2],110,reverse oblique,183
56,Coronado Bank [2],111,reverse oblique,133
56,Coronado Bank [2],112,reverse oblique,169
56,Coronado Bank [2],113,reverse oblique,148
56,Coronado Bank [2],114,reverse oblique,145
56,Coronado Bank [2],115,reverse oblique,134
56,Coronado Bank [2],116,reverse oblique,165
56,Coronado Bank [2],117,reverse oblique,133
56,Coronado Bank [2],118,reverse oblique,144
56,Coronado Bank [2],119,reverse oblique,148
56,Coronado Bank [2],120,reverse oblique,126
56,Coronado Bank [2],121,reverse oblique,142
56,Coronado Bank [2],122,reverse oblique,195
56,Coronado Bank [2],123,reverse oblique,90
56,Coronado Bank [2],124,reverse oblique,181
56,Coronado Bank [2],125,reverse oblique,149
56,Coronado Bank [2],126,reverse oblique,144
56,Coronado Bank [2],127,reverse oblique,90
56,Coronado Bank [2],128,reverse oblique,155
56,Coronado Bank [2],129,reverse oblique,90
56,Coronado Bank [2],130,reverse oblique,169
56,Coronado Bank [2],131,reverse oblique,54
56,Coronado Bank [2],132,reverse oblique,154
56,Coronado Bank [2],133,reverse oblique,59
56,Coronado Bank [2],134,reverse oblique,137
56,Coronado Bank [2],135,reverse oblique,133
56,Coronado Bank [2],136,reverse oblique,55
56,Coronado Bank [2],137,reverse oblique,138
56,Coronado Bank [2],138,reverse oblique,131
56,Coronado Bank [2],139,reverse oblique,104
56,Coronado Bank [2],140,reverse oblique,110
56,Coronado Bank [2],141,reverse oblique,153
56,Coronado Bank [2],142,reverse oblique,146
56,Coronado Bank [2],143,reverse oblique,98
56,Coronado Bank [2],144,reverse oblique,160
56,Coronado Bank [2],145,reverse oblique,155
56,Coronado Bank [2],146,reverse oblique,173
56,Coronado Bank [2],147,reverse oblique,206
56,Coronado Bank [2],148,reverse oblique,237
56,Coronado Bank [2],149,reverse oblique,177
56,Coronado Bank [2],150,reverse oblique,173
56,Coronado Bank [2],151,reverse oblique,165
56,Coronado Bank [2],152,reverse oblique,229
56,Coronado Bank [2],153,reverse oblique,235
56,Coronado Bank [2],154,reverse oblique,322
56,Coronado Bank [2],155,reverse oblique,153
56,Coronado Bank [2],156,reverse oblique,277
56,Coronado Bank [2],157,reverse oblique,249
56,Coronado Bank [2],158,reverse oblique,330
56,Coronado Bank [2],159,reverse oblique,144
56,Coronado Bank [2],160,strike-slip,274
56,Coronado Bank [2],161,strike-slip,234
56,Coronado Bank [2],162,strike-slip,372
56,Coronado Bank [2],163,strike-slip,385
56,Coronado Bank [2],164,strike-slip,591
56,Coronado Bank [2],165,strike-slip,531
56,Coronado Bank [2],166,strike-slip,593
56,Coronado Bank [2],167,strike-slip,569
56,Coronado Bank [2],168,strike-slip,905
56,Coronado Bank [2],169,strike-slip,1016
56,Coronado Bank [2],170,strike-slip,1350
56,Coronado Bank [2],171,strike-slip,1405
56,Coronado Bank [2],172,strike-slip,1870
56,Coronado Bank [2],173,strike-slip,1630
56,Coronado Bank [2],174,strike-slip,2098
56,Coronado Bank [2],175,strike-slip,1220
56,Coronado Bank [2],176,strike-slip,519
56,Coronado Bank [2],177,strike-slip,162
56,Coronado Bank [2],180,strike-slip,26732
57,Coyote Canyon,0,strike-slip,92
58,Coyote Lake,0,strike-slip,122
59,Cucamonga,34,reverse oblique,2
59,Cucamonga,42,reverse oblique,2
59,Cucamonga,45,reverse oblique,3
59,Cucamonga,49,reverse oblique,2
59,Cucamonga,50,reverse oblique,2
59,Cucamonga,51,reverse oblique,5
59,Cucamonga,52,reverse oblique,9
59,Cucamonga,53,reverse oblique,16
59,Cucamonga,54,reverse oblique,13
59,Cucamonga,55,reverse oblique,11
59,Cucamonga,56,reverse oblique,28
59,Cucamonga,57,reverse oblique,37
59,Cucamonga,58,reverse oblique,36
59,Cucamonga,59,reverse oblique,52
59,Cucamonga,60,reverse oblique,23
59,Cucamonga,61,reverse oblique,58
59,Cucamonga,62,reverse oblique,27
59,Cucamonga,63,reverse oblique,38
59,Cucamonga,64,reverse oblique,55
59,Cucamonga,65,reverse oblique,62
59,Cucamonga,66,reverse oblique,51
59,Cucamonga,67,reverse oblique,36
59,Cucamonga,68,reverse oblique,58
59,Cucamonga,69,reverse oblique,44
59,Cucamonga,70,reverse,71
59,Cucamonga,71,reverse,51
59,Cucamonga,72,reverse,68
59,Cucamonga,73,reverse,52
59,Cucamonga,74,reverse,68
59,Cucamonga,75,reverse,42
59,Cucamonga,76,reverse,70
59,Cucamonga,77,reverse,58
59,Cucamonga,78,reverse,84
59,Cucamonga,79,reverse,97
59,Cucamonga,80,reverse,95
59,Cucamonga,81,reverse,91
59,Cucamonga,82,reverse,166
59,Cucamonga,83,reverse,85
59,Cucamonga,84,reverse,176
59,Cucamonga,85,reverse,136
59,Cucamonga,86,reverse,139
59,Cucamonga,87,reverse,170
59,Cucamonga,88,reverse,122
59,Cucamonga,89,reverse,39
59,Cucamonga,90,reverse,923
59,Cucamonga,91,reverse,28
59,Cucamonga,92,reverse,36
59,Cucamonga,93,reverse,128
59,Cucamonga,94,reverse,156
59,Cucamonga,95,reverse,168
59,Cucamonga,96,reverse,188
59,Cucamonga,97,reverse,132
59,Cucamonga,98,reverse,136
59,Cucamonga,99,reverse,163
59,Cucamonga,100,reverse,141
59,Cucamonga,101,reverse,102
59,Cucamonga,102,reverse,157
59,Cucamonga,103,reverse,140
59,Cucamonga,104,reverse,114
59,Cucamonga,105,reverse,92
59,Cucamonga,106,reverse,170
59,Cucamonga,107,reverse,116
59,Cucamonga,108,reverse,145
59,Cucamonga,109,reverse,141
59,Cucamonga,110,reverse oblique,129
59,Cucamonga,111,reverse oblique,107
59,Cucamonga,112,reverse oblique,148
59,Cucamonga,113,reverse oblique,109
59,Cucamonga,114,reverse oblique,172
59,Cucamonga,115,reverse oblique,127
59,Cucamonga,116,reverse oblique,127
59,Cucamonga,117,reverse oblique,116
59,Cucamonga,118,reverse oblique,129
59,Cucamonga,119,reverse oblique,151
59,Cucamonga,120,reverse oblique,108
59,Cucamonga,121,reverse oblique,144
59,Cucamonga,122,reverse oblique,167
59,Cucamonga,123,reverse oblique,119
59,Cucamonga,124,reverse oblique,174
59,Cucamonga,125,reverse oblique,111
59,Cucamonga,126,reverse oblique,188
59,Cucamonga,127,reverse oblique,169
59,Cucamonga,128,reverse oblique,212
59,Cucamonga,129,reverse oblique,115
59,Cucamonga,130,reverse oblique,214
59,Cucamonga,131,reverse oblique,144
59,Cucamonga,132,reverse oblique,230
59,Cucamonga,133,reverse oblique,173
59,Cucamonga,134,reverse oblique,223
59,Cucamonga,135,reverse oblique,192
59,Cucamonga,136,reverse oblique,176
59,Cucamonga,137,reverse oblique,163
59,Cucamonga,138,reverse oblique,185
59,Cucamonga,139,reverse oblique,210
59,Cucamonga,140,reverse oblique,198
59,Cucamonga,141,reverse oblique,212
59,Cucamonga,142,reverse oblique,197
59,Cucamonga,143,reverse oblique,183
59,Cucamonga,144,reverse oblique,230
59,Cucamonga,145,reverse oblique,229
59,Cucamonga,146,reverse oblique,213
59,Cucamonga,147,reverse oblique,191
59,Cucamonga,148,reverse oblique,226
59,Cucamonga,149,reverse oblique,185
59,Cucamonga,150,reverse oblique,253
59,Cucamonga,151,reverse oblique,196
59,Cucamonga,152,reverse oblique,254
59,Cucamonga,153,reverse oblique,176
59,Cucamonga,154,reverse oblique,212
59,Cucamonga,155,reverse oblique,160
59,Cucamonga,156,reverse oblique,207
59,Cucamonga,157,reverse oblique,171
59,Cucamonga,158,reverse oblique,182
59,Cucamonga,159,reverse oblique,167
59,Cucamonga,160,strike-slip,153
59,Cucamonga,161,strike-slip,159
59,Cucamonga,162,strike-slip,158
59,Cucamonga,163,strike-slip,165
59,Cucamonga,164,strike-slip,153
59,Cucamonga,165,strike-slip,114
59,Cucamonga,166,strike-slip,185
59,Cucamonga,167,strike-slip,133
59,Cucamonga,168,strike-slip,185
59,Cucamonga,169,strike-slip,161
59,Cucamonga,170,strike-slip,202
59,Cucamonga,171,strike-slip,237
59,Cucamonga,172,strike-slip,373
59,Cucamonga,173,strike-slip,401
59,Cucamonga,174,strike-slip,582
59,Cucamonga,175,strike-slip,192
59,Cucamonga,176,strike-slip,38
60,Cuyama (south),56,reverse oblique,3
60,Cuyama (south),58,reverse oblique,3
60,Cuyama (south),60,reverse oblique,7
60,Cuyama (south),62,reverse oblique,7
60,Cuyama (south),64,reverse oblique,6
60,Cuyama (south),65,reverse oblique,3
60,Cuyama (south),66,reverse oblique,4
60,Cuyama (south),67,reverse oblique,2
60,Cuyama (south),68,reverse oblique,7
60,Cuyama (south),70,reverse,5
60,Cuyama (south),71,reverse,4
60,Cuyama (south),73,reverse,7
60,Cuyama (south),74,reverse,2
60,Cuyama (south),76,reverse,7
60,Cuyama (south),78,reverse,4
60,Cuyama (south),81,reverse,2
60,Cuyama (south),82,reverse,3
60,Cuyama (south),83,reverse,2
60,Cuyama (south),84,reverse,9
60,Cuyama (south),85,reverse,4
60,Cuyama (south),86,reverse,9
60,Cuyama (south),87,reverse,7
60,Cuyama (south),90,reverse,728
60,Cuyama (south),91,reverse,12
60,Cuyama (south),92,reverse,49
60,Cuyama (south),93,reverse,62
60,Cuyama (south),94,reverse,86
60,Cuyama (south),95,reverse,62
60,Cuyama (south),96,reverse,63
60,Cuyama (south),97,reverse,56
60,Cuyama (south),98,reverse,71
60,Cuyama (south),99,reverse,51
60,Cuyama (south),100,reverse,80
60,Cuyama (south),101,reverse,77
60,Cuyama (south),102,reverse,62
60,Cuyama (south),103,reverse,53
60,Cuyama (south),104,reverse,55
60,Cuyama (south),105,reverse,52
60,Cuyama (south),106,reverse,47
60,Cuyama (south),107,reverse,31
60,Cuyama (south),108,reverse,48
60,Cuyama (south),109,reverse,33
60,Cuyama (south),110,reverse oblique,40
60,Cuyama (south),111,reverse oblique,47
60,Cuyama (south),112,reverse oblique,33
60,Cuyama (south),113,reverse oblique,32
60,Cuyama (south),114,reverse oblique,41
60,Cuyama (south),115,reverse oblique,30
60,Cuyama (south),116,reverse oblique,56
60,Cuyama (south),117,reverse oblique,26
60,Cuyama (south),118,reverse oblique,44
60,Cuyama (south),119,reverse oblique,48
60,Cuyama (south),120,reverse oblique,48
60,Cuyama (south),121,reverse oblique,39
60,Cuyama (south),122,reverse oblique,55
60,Cuyama (south),123,reverse oblique,42
60,Cuyama (south),124,reverse oblique,44
60,Cuyama (south),125,reverse oblique,33
60,Cuyama (south),126,reverse oblique,47
60,Cuyama (south),127,reverse oblique,26
60,Cuyama (south),128,reverse oblique,31
60,Cuyama (south),129,reverse oblique,24
60,Cuyama (south),130,reverse oblique,34
60,Cuyama (south),131,reverse oblique,13
60,Cuyama (south),132,reverse oblique,27
60,Cuyama (south),133,reverse oblique,21
60,Cuyama (south),134,reverse oblique,26
60,Cuyama (south),135,reverse oblique,17
60,Cuyama (south),136,reverse oblique,11
60,Cuyama (south),137,reverse oblique,9
60,Cuyama (south),138,reverse oblique,21
60,Cuyama (south),139,reverse oblique,8
60,Cuyama (south),140,reverse oblique,9
60,Cuyama (south),141,reverse oblique,13
60,Cuyama (south),142,reverse oblique,14
60,Cuyama (south),143,reverse oblique,13
60,Cuyama (south),144,reverse oblique,15
60,Cuyama (south),145,reverse oblique,9
60,Cuyama (south),146,reverse oblique,20
60,Cuyama (south),147,reverse oblique,13
60,Cuyama (south),148,reverse oblique,14
60,Cuyama (south),149,reverse oblique,13
60,Cuyama (south),150,reverse oblique,10
60,Cuyama (south),151,reverse oblique,10
60,Cuyama (south),152,reverse oblique,16
60,Cuyama (south),153,reverse oblique,12
60,Cuyama (south),154,reverse oblique,14
60,Cuyama (south),155,reverse oblique,16
60,Cuyama (south),156,reverse oblique,17
60,Cuyama (south),157,reverse oblique,4
60,Cuyama (south),158,reverse oblique,10
60,Cuyama (south),159,reverse oblique,7
60,Cuyama (south),160,strike-slip,12
60,Cuyama (south),161,strike-slip,7
60,Cuyama (south),162,strike-slip,11
60,Cuyama (south),163,strike-slip,6
60,Cuyama (south),164,strike-slip,2
60,Cuyama (south),165,strike-slip,4
60,Cuyama (south),166,strike-slip,4
60,Cuyama (south),167,strike-slip,6
60,Cuyama (south),168,strike-slip,6
61,Davis Creek,-90,normal,210
62,Death Valley (Black Mountains),-177,strike-slip,4
62,Death Valley (Black Mountains),-176,strike-slip,18
62,Death Valley (Black Mountains),-175,strike-slip,25
62,Death Valley (Black Mountains),-174,strike-slip,45
62,Death Valley (Black Mountains),-173,strike-slip,48
62,Death Valley (Black Mountains),-172,strike-slip,147
62,Death Valley (Black Mountains),-171,strike-slip,489
62,Death Valley (Black Mountains),-170,strike-slip,839
62,Death Valley (Black Mountains),-169,strike-slip,860
62,Death Valley (Black Mountains),-168,strike-slip,1059
62,Death Valley (Black Mountains),-167,strike-slip,729
62,Death Valley (Black Mountains),-166,strike-slip,675
62,Death Valley (Black Mountains),-165,strike-slip,482
62,Death Valley (Black Mountains),-164,strike-slip,518
62,Death Valley (Black Mountains),-163,strike-slip,331
62,Death Valley (Black Mountains),-162,strike-slip,210
62,Death Valley (Black Mountains),-161,strike-slip,99
62,Death Valley (Black Mountains),-160,normal oblique,89
62,Death Valley (Black Mountains),-159,normal oblique,57
62,Death Valley (Black Mountains),-158,normal oblique,74
62,Death Valley (Black Mountains),-157,normal oblique,83
62,Death Valley (Black Mountains),-156,normal oblique,50
62,Death Valley (Black Mountains),-155,normal oblique,54
62,Death Valley (Black Mountains),-154,normal oblique,48
62,Death Valley (Black Mountains),-153,normal oblique,11
62,Death Valley (Black Mountains),-150,normal oblique,275
63,Death Valley (Fish Lake Valley),-177,strike-slip,6
63,Death Valley (Fish Lake Valley),-176,strike-slip,11
63,Death Valley (Fish Lake Valley),-175,strike-slip,13
63,Death Valley (Fish Lake Valley),-174,strike-slip,31
63,Death Valley (Fish Lake Valley),-173,strike-slip,34
63,Death Valley (Fish Lake Valley),-172,strike-slip,50
63,Death Valley (Fish Lake Valley),-171,strike-slip,75
63,Death Valley (Fish Lake Valley),-170,strike-slip,162
63,Death Valley (Fish Lake Valley),-169,strike-slip,247
63,Death Valley (Fish Lake Valley),-168,strike-slip,459
63,Death Valley (Fish Lake Valley),-167,strike-slip,406
63,Death Valley (Fish Lake Valley),-166,strike-slip,416
63,Death Valley (Fish Lake Valley),-165,strike-slip,291
63,Death Valley (Fish Lake Valley),-164,strike-slip,336
63,Death Valley (Fish Lake Valley),-163,strike-slip,238
63,Death Valley (Fish Lake Valley),-162,strike-slip,122
63,Death Valley (Fish Lake Valley),-161,strike-slip,43
63,Death Valley (Fish Lake Valley),-160,normal oblique,51
63,Death Valley (Fish Lake Valley),-159,normal oblique,39
63,Death Valley (Fish Lake Valley),-158,normal oblique,34
63,Death Valley (Fish Lake Valley),-157,normal oblique,37
63,Death Valley (Fish Lake Valley),-156,normal oblique,38
63,Death Valley (Fish Lake Valley),-155,normal oblique,19
63,Death Valley (Fish Lake Valley),-154,normal oblique,23
63,Death Valley (Fish Lake Valley),-152,normal oblique,39
63,Death Valley (Fish Lake Valley),-151,normal oblique,33
63,Death Valley (Fish Lake Valley),-150,normal oblique,352
63,Death Valley (Fish Lake Valley),-147,normal oblique,50
63,Death Valley (Fish Lake Valley),-146,normal oblique,22
63,Death Valley (Fish Lake Valley),-144,normal oblique,23
63,Death Valley (Fish Lake Valley),-143,normal oblique,19
63,Death Valley (Fish Lake Valley),-142,normal oblique,15
63,Death Valley (Fish Lake Valley),-141,normal oblique,23
63,Death Valley (Fish Lake Valley),-140,normal oblique,14
63,Death Valley (Fish Lake Valley),-139,normal oblique,9
64,Death Valley (north),-177,strike-slip,48
64,Death Valley (north),-176,strike-slip,129
64,Death Valley (north),-175,strike-slip,106
64,Death Valley (north),-174,strike-slip,205
64,Death Valley (north),-173,strike-slip,181
64,Death Valley (north),-172,strike-slip,361
64,Death Valley (north),-171,strike-slip,781
64,Death Valley (north),-170,strike-slip,1234
64,Death Valley (north),-169,strike-slip,1116
64,Death Valley (north),-168,strike-slip,1360
64,Death Valley (north),-167,strike-slip,1023
64,Death Valley (north),-166,strike-slip,956
64,Death Valley (north),-165,strike-slip,641
64,Death Valley (north),-164,strike-slip,668
64,Death Valley (north),-163,strike-slip,427
64,Death Valley (north),-162,strike-slip,220
64,Death Valley (north),-161,strike-slip,63
64,Death Valley (north),-160,normal oblique,53
64,Death Valley (north),-159,normal oblique,27
64,Death Valley (north),-158,normal oblique,32
64,Death Valley (north),-157,normal oblique,28
64,Death Valley (north),-156,normal oblique,15
64,Death Valley (north),-155,normal oblique,11
64,Death Valley (north),-154,normal oblique,14
64,Death Valley (north),-152,normal oblique,36
64,Death Valley (north),-151,normal oblique,18
64,Death Valley (north),-149,normal oblique,5
64,Death Valley (north),-147,normal oblique,30
64,Death Valley (north),-146,normal oblique,24
64,Death Valley (north),-144,normal oblique,12
64,Death Valley (north),-143,normal oblique,22
64,Death Valley (north),-142,normal oblique,12
64,Death Valley (north),-141,normal oblique,18
64,Death Valley (north),-140,normal oblique,12
64,Death Valley (north),-139,normal oblique,6
64,Death Valley (north),-138,normal oblique,5
64,Death Valley (north),-135,normal oblique,9
64,Death Valley (north),-132,normal oblique,4
64,Death Valley (north),-130,normal oblique,5
64,Death Valley (north),-124,normal oblique,9
64,Death Valley (north),-117,normal oblique,3
64,Death Valley (north),-114,normal oblique,2
64,Death Valley (north),-108,normal,2
64,Death Valley (north),180,strike-slip,952
65,Death Valley (south),-177,strike-slip,14
65,Death Valley (south),-176,strike-slip,35
65,Death Valley (south),-175,strike-slip,49
65,Death Valley (south),-174,strike-slip,63
65,Death Valley (south),-173,strike-slip,56
65,Death Valley (south),-172,strike-slip,112
65,Death Valley (south),-171,strike-slip,328
65,Death Valley (south),-170,strike-slip,523
65,Death Valley (south),-169,strike-slip,546
65,Death Valley (south),-168,strike-slip,630
65,Death Valley (south),-167,strike-slip,397
65,Death Valley (south),-166,strike-slip,319
65,Death Valley (south),-165,strike-slip,201
65,Death Valley (south),-164,strike-slip,176
65,Death Valley (south),-163,strike-slip,76
65,Death Valley (south),-162,strike-slip,41
65,Death Valley (south),-161,strike-slip,36
65,Death Valley (south),-160,normal oblique,31
65,Death Valley (south),-159,normal oblique,23
65,Death Valley (south),-158,normal oblique,18
65,Death Valley (south),-157,normal oblique,18
65,Death Valley (south),-156,normal oblique,12
65,Death Valley (south),-155,normal oblique,8
65,Death Valley (south),-154,normal oblique,6
65,Death Valley (south),-153,normal oblique,2
65,Death Valley (south),0,strike-slip,129
65,Death Valley (south),180,strike-slip,540
66,Deep Springs,-90,normal,7
67,Del Valle,46,reverse oblique,2
67,Del Valle,47,reverse oblique,2
67,Del Valle,48,reverse oblique,6
67,Del Valle,50,reverse oblique,2
67,Del Valle,51,reverse oblique,2
67,Del Valle,52,reverse oblique,2
67,Del Valle,54,reverse oblique,2
67,Del Valle,57,reverse oblique,2
67,Del Valle,60,reverse oblique,2
67,Del Valle,63,reverse oblique,2
67,Del Valle,64,reverse oblique,4
67,Del Valle,66,reverse oblique,2
67,Del Valle,68,reverse oblique,4
67,Del Valle,70,reverse,6
67,Del Valle,72,reverse,4
67,Del Valle,73,reverse,6
67,Del Valle,74,reverse,2
67,Del Valle,75,reverse,6
67,Del Valle,76,reverse,12
67,Del Valle,77,reverse,24
67,Del Valle,78,reverse,36
67,Del Valle,79,reverse,44
67,Del Valle,80,reverse,76
67,Del Valle,81,reverse,124
67,Del Valle,82,reverse,158
67,Del Valle,83,reverse,222
67,Del Valle,84,reverse,206
67,Del Valle,85,reverse,174
67,Del Valle,86,reverse,216
67,Del Valle,87,reverse,92
67,Del Valle,88,reverse,166
67,Del Valle,89,reverse,10
67,Del Valle,90,reverse,2052
67,Del Valle,91,reverse,14
67,Del Valle,92,reverse,24
67,Del Valle,93,reverse,32
67,Del Valle,94,reverse,64
67,Del Valle,95,reverse,68
67,Del Valle,96,reverse,60
67,Del Valle,97,reverse,42
67,Del Valle,98,reverse,52
67,Del Valle,99,reverse,66
67,Del Valle,100,reverse,36
67,Del Valle,101,reverse,34
67,Del Valle,102,reverse,48
67,Del Valle,103,reverse,32
67,Del Valle,104,reverse,34
67,Del Valle,105,reverse,22
67,Del Valle,106,reverse,36
67,Del Valle,107,reverse,26
67,Del Valle,108,reverse,32
67,Del Valle,109,reverse,28
67,Del Valle,110,reverse oblique,22
67,Del Valle,111,reverse oblique,20
67,Del Valle,112,reverse oblique,22
67,Del Valle,113,reverse oblique,22
67,Del Valle,114,reverse oblique,28
67,Del Valle,115,reverse oblique,8
67,Del Valle,116,reverse oblique,12
67,Del Valle,117,reverse oblique,20
67,Del Valle,118,reverse oblique,8
67,Del Valle,119,reverse oblique,18
67,Del Valle,120,reverse oblique,14
67,Del Valle,121,reverse oblique,6
67,Del Valle,122,reverse oblique,16
67,Del Valle,123,reverse oblique,10
67,Del Valle,124,reverse oblique,18
67,Del Valle,125,reverse oblique,12
67,Del Valle,126,reverse oblique,12
67,Del Valle,127,reverse oblique,16
67,Del Valle,128,reverse oblique,20
67,Del Valle,129,reverse oblique,8
67,Del Valle,130,reverse oblique,14
67,Del Valle,131,reverse oblique,14
67,Del Valle,132,reverse oblique,16
67,Del Valle,133,reverse oblique,10
67,Del Valle,134,reverse oblique,12
67,Del Valle,135,reverse oblique,4
67,Del Valle,136,reverse oblique,8
67,Del Valle,137,reverse oblique,8
67,Del Valle,138,reverse oblique,4
67,Del Valle,139,reverse oblique,12
67,Del Valle,140,reverse oblique,4
67,Del Valle,141,reverse oblique,4
67,Del Valle,142,reverse oblique,4
68,Dog Valley,-74,normal,2
68,Dog Valley,-69,normal oblique,2
68,Dog Valley,-66,normal oblique,3
68,Dog Valley,-60,normal oblique,9
68,Dog Valley,-52,normal oblique,4
68,Dog Valley,-49,normal oblique,3
68,Dog Valley,0,strike-slip,16
69,Dry Mountain,-90,normal,16
70,Earthquake Valley (center),150,reverse oblique,2
70,Earthquake Valley (center),152,reverse oblique,2
70,Earthquake Valley (center),161,strike-slip,3
70,Earthquake Valley (center),162,strike-slip,7
70,Earthquake Valley (center),163,strike-slip,9
70,Earthquake Valley (center),164,strike-slip,8
70,Earthquake Valley (center),165,strike-slip,10
70,Earthquake Valley (center),166,strike-slip,11
70,Earthquake Valley (center),167,strike-slip,8
70,Earthquake Valley (center),168,strike-slip,16
70,Earthquake Valley (center),169,strike-slip,8
70,Earthquake Valley (center),170,strike-slip,6
70,Earthquake Valley (center),171,strike-slip,7
70,Earthquake Valley (center),172,strike-slip,12
70,Earthquake Valley (center),173,strike-slip,5
70,Earthquake Valley (center),174,strike-slip,17
70,Earthquake Valley (center),175,strike-slip,8
70,Earthquake Valley (center),176,strike-slip,21
70,Earthquake Valley (center),177,strike-slip,14
70,Earthquake Valley (center),178,strike-slip,16
70,Earthquake Valley (center),180,strike-slip,132
71,Earthquake Valley (north),145,reverse oblique,2
71,Earthquake Valley (north),147,reverse oblique,2
71,Earthquake Valley (north),149,reverse oblique,2
71,Earthquake Valley (north),150,reverse oblique,2
71,Earthquake Valley (north),152,reverse oblique,2
71,Earthquake Valley (north),158,reverse oblique,2
71,Earthquake Valley (north),160,strike-slip,2
71,Earthquake Valley (north),161,strike-slip,4
71,Earthquake Valley (north),162,strike-slip,8
71,Earthquake Valley (north),163,strike-slip,8
71,Earthquake Valley (north),164,strike-slip,8
71,Earthquake Valley (north),165,strike-slip,10
71,Earthquake Valley (north),166,strike-slip,10
71,Earthquake Valley (north),167,strike-slip,10
71,Earthquake Valley (north),168,strike-slip,14
71,Earthquake Valley (north),169,strike-slip,6
71,Earthquake Valley (north),170,strike-slip,8
71,Earthquake Valley (north),171,strike-slip,6
71,Earthquake Valley (north),172,strike-slip,8
71,Earthquake Valley (north),173,strike-slip,6
71,Earthquake Valley (north),174,strike-slip,16
71,Earthquake Valley (north),175,strike-slip,8
71,Earthquake Valley (north),176,strike-slip,22
71,Earthquake Valley (north),177,strike-slip,12
71,Earthquake Valley (north),178,strike-slip,14
71,Earthquake Valley (north),180,strike-slip,184
72,Earthquake Valley (south),163,strike-slip,2
72,Earthquake Valley (south),164,strike-slip,2
72,Earthquake Valley (south),165,strike-slip,2
72,Earthquake Valley (south),166,strike-slip,4
72,Earthquake Valley (south),168,strike-slip,4
72,Earthquake Valley (south),169,strike-slip,4
72,Earthquake Valley (south),170,strike-slip,2
72,Earthquake Valley (south),172,strike-slip,4
72,Earthquake Valley (south),173,strike-slip,2
72,Earthquake Valley (south),174,strike-slip,4
72,Earthquake Valley (south),175,strike-slip,2
72,Earthquake Valley (south),176,strike-slip,6
72,Earthquake Valley (south),177,strike-slip,4
72,Earthquake Valley (south),178,strike-slip,4
72,Earthquake Valley (south),180,strike-slip,36
73,East Huasna,70,reverse,8
73,East Huasna,76,reverse,10
73,East Huasna,82,reverse,8
73,East Huasna,84,reverse,3
73,East Huasna,89,reverse,8
73,East Huasna,90,reverse,2
73,East Huasna,92,reverse,4
73,East Huasna,93,reverse,2
73,East Huasna,95,reverse,16
73,East Huasna,96,reverse,10
73,East Huasna,97,reverse,13
73,East Huasna,98,reverse,18
73,East Huasna,99,reverse,28
73,East Huasna,100,reverse,26
73,East Huasna,101,reverse,27
73,East Huasna,102,reverse,28
73,East Huasna,103,reverse,21
73,East Huasna,104,reverse,46
73,East Huasna,105,reverse,38
73,East Huasna,106,reverse,43
73,East Huasna,107,reverse,38
73,East Huasna,108,reverse,67
73,East Huasna,109,reverse,30
73,East Huasna,110,reverse oblique,70
73,East Huasna,111,reverse oblique,56
73,East Huasna,112,reverse oblique,43
73,East Huasna,113,reverse oblique,42
73,East Huasna,114,reverse oblique,79
73,East Huasna,115,reverse oblique,39
73,East Huasna,116,reverse oblique,68
73,East Huasna,117,reverse oblique,33
73,East Huasna,118,reverse oblique,72
73,East Huasna,119,reverse oblique,67
73,East Huasna,120,reverse oblique,81
73,East Huasna,121,reverse oblique,62
73,East Huasna,122,reverse oblique,77
73,East Huasna,123,reverse oblique,69
73,East Huasna,124,reverse oblique,69
73,East Huasna,125,reverse oblique,49
73,East Huasna,126,reverse oblique,110
73,East Huasna,127,reverse oblique,66
73,East Huasna,128,reverse oblique,139
73,East Huasna,129,reverse oblique,76
73,East Huasna,130,reverse oblique,85
73,East Huasna,131,reverse oblique,78
73,East Huasna,132,reverse oblique,117
73,East Huasna,133,reverse oblique,107
73,East Huasna,134,reverse oblique,138
73,East Huasna,135,reverse oblique,90
73,East Huasna,136,reverse oblique,113
73,East Huasna,137,reverse oblique,97
73,East Huasna,138,reverse oblique,128
73,East Huasna,139,reverse oblique,89
73,East Huasna,140,reverse oblique,120
73,East Huasna,141,reverse oblique,101
73,East Huasna,142,reverse oblique,142
73,East Huasna,143,reverse oblique,106
73,East Huasna,144,reverse oblique,116
73,East Huasna,145,reverse oblique,132
73,East Huasna,146,reverse oblique,166
73,East Huasna,147,reverse oblique,133
73,East Huasna,148,reverse oblique,168
73,East Huasna,149,reverse oblique,140
73,East Huasna,150,reverse oblique,147
73,East Huasna,151,reverse oblique,140
73,East Huasna,152,reverse oblique,196
73,East Huasna,153,reverse oblique,137
73,East Huasna,154,reverse oblique,157
73,East Huasna,155,reverse oblique,157
73,East Huasna,156,reverse oblique,142
73,East Huasna,157,reverse oblique,104
73,East Huasna,158,reverse oblique,108
73,East Huasna,159,reverse oblique,91
73,East Huasna,160,strike-slip,140
73,East Huasna,161,strike-slip,59
73,East Huasna,162,strike-slip,125
73,East Huasna,163,strike-slip,99
73,East Huasna,164,strike-slip,113
73,East Huasna,165,strike-slip,90
73,East Huasna,166,strike-slip,130
73,East Huasna,167,strike-slip,131
73,East Huasna,168,strike-slip,123
73,East Huasna,169,strike-slip,80
73,East Huasna,170,strike-slip,104
73,East Huasna,171,strike-slip,96
73,East Huasna,172,strike-slip,72
73,East Huasna,173,strike-slip,64
73,East Huasna,174,strike-slip,48
73,East Huasna,175,strike-slip,66
73,East Huasna,176,strike-slip,59
73,East Huasna,177,strike-slip,55
73,East Huasna,178,strike-slip,88
73,East Huasna,180,strike-slip,2748
74,Eaton Roughs,93,reverse,8
74,Eaton Roughs,94,reverse,17
74,Eaton Roughs,95,reverse,14
74,Eaton Roughs,96,reverse,22
74,Eaton Roughs,97,reverse,28
74,Eaton Roughs,98,reverse,33
74,Eaton Roughs,99,reverse,35
74,Eaton Roughs,100,reverse,43
74,Eaton Roughs,101,reverse,38
74,Eaton Roughs,102,reverse,53
74,Eaton Roughs,103,reverse,58
74,Eaton Roughs,104,reverse,66
74,Eaton Roughs,105,reverse,56
74,Eaton Roughs,106,reverse,74
74,Eaton Roughs,107,reverse,79
74,Eaton Roughs,108,reverse,111
74,Eaton Roughs,109,reverse,97
74,Eaton Roughs,110,reverse oblique,103
74,Eaton Roughs,111,reverse oblique,85
74,Eaton Roughs,112,reverse oblique,82
74,Eaton Roughs,113,reverse oblique,137
74,Eaton Roughs,114,reverse oblique,14
74,Eaton Roughs,115,reverse oblique,107
74,Eaton Roughs,116,reverse oblique,84
74,Eaton Roughs,117,reverse oblique,79
74,Eaton Roughs,118,reverse oblique,91
74,Eaton Roughs,119,reverse oblique,93
74,Eaton Roughs,120,reverse oblique,83
74,Eaton Roughs,121,reverse oblique,66
74,Eaton Roughs,122,reverse oblique,115
74,Eaton Roughs,123,reverse oblique,55
74,Eaton Roughs,124,reverse oblique,115
74,Eaton Roughs,125,reverse oblique,82
74,Eaton Roughs,126,reverse oblique,107
74,Eaton Roughs,127,reverse oblique,77
74,Eaton Roughs,128,reverse oblique,90
74,Eaton Roughs,129,reverse oblique,87
74,Eaton Roughs,130,reverse oblique,131
74,Eaton Roughs,131,reverse oblique,55
74,Eaton Roughs,132,reverse oblique,103
74,Eaton Roughs,133,reverse oblique,86
74,Eaton Roughs,134,reverse oblique,96
74,Eaton Roughs,135,reverse oblique,89
74,Eaton Roughs,136,reverse oblique,114
74,Eaton Roughs,137,reverse oblique,83
74,Eaton Roughs,138,reverse oblique,139
74,Eaton Roughs,139,reverse oblique,91
74,Eaton Roughs,140,reverse oblique,113
74,Eaton Roughs,141,reverse oblique,82
74,Eaton Roughs,142,reverse oblique,159
74,Eaton Roughs,143,reverse oblique,112
74,Eaton Roughs,144,reverse oblique,111
74,Eaton Roughs,145,reverse oblique,86
74,Eaton Roughs,146,reverse oblique,153
74,Eaton Roughs,147,reverse oblique,121
74,Eaton Roughs,148,reverse oblique,88
74,Eaton Roughs,149,reverse oblique,128
74,Eaton Roughs,150,reverse oblique,88
74,Eaton Roughs,151,reverse oblique,158
74,Eaton Roughs,152,reverse oblique,164
74,Eaton Roughs,153,reverse oblique,91
74,Eaton Roughs,154,reverse oblique,131
74,Eaton Roughs,155,reverse oblique,87
74,Eaton Roughs,156,reverse oblique,176
74,Eaton Roughs,157,reverse oblique,99
74,Eaton Roughs,158,reverse oblique,123
74,Eaton Roughs,159,reverse oblique,44
74,Eaton Roughs,160,strike-slip,147
74,Eaton Roughs,161,strike-slip,127
74,Eaton Roughs,162,strike-slip,165
74,Eaton Roughs,163,strike-slip,77
74,Eaton Roughs,164,strike-slip,110
74,Eaton Roughs,165,strike-slip,88
74,Eaton Roughs,166,strike-slip,88
74,Eaton Roughs,167,strike-slip,88
74,Eaton Roughs,168,strike-slip,198
74,Eaton Roughs,169,strike-slip,55
74,Eaton Roughs,170,strike-slip,66
74,Eaton Roughs,171,strike-slip,55
74,Eaton Roughs,172,strike-slip,143
74,Eaton Roughs,173,strike-slip,11
74,Eaton Roughs,175,strike-slip,9
74,Eaton Roughs,176,strike-slip,9
74,Eaton Roughs,177,strike-slip,5
74,Eaton Roughs,178,strike-slip,4
74,Eaton Roughs,180,strike-slip,3205
75,Elmore Ranch,0,strike-slip,50
76,Elysian Park (lower),38,reverse oblique,4
76,Elysian Park (lower),39,reverse oblique,7
76,Elysian Park (lower),40,reverse oblique,25
76,Elysian Park (lower),41,reverse oblique,35
76,Elysian Park (lower),42,reverse oblique,47
76,Elysian Park (lower),43,reverse oblique,62
76,Elysian Park (lower),44,reverse oblique,96
76,Elysian Park (lower),45,reverse oblique,85
76,Elysian Park (lower),46,reverse oblique,155
76,Elysian Park (lower),47,reverse oblique,170
76,Elysian Park (lower),48,reverse oblique,231
76,Elysian Park (lower),49,reverse oblique,241
76,Elysian Park (lower),50,reverse oblique,314
76,Elysian Park (lower),51,reverse oblique,309
76,Elysian Park (lower),52,reverse oblique,471
76,Elysian Park (lower),53,reverse oblique,374
76,Elysian Park (lower),54,reverse oblique,487
76,Elysian Park (lower),55,reverse oblique,370
76,Elysian Park (lower),56,reverse oblique,477
76,Elysian Park (lower),57,reverse oblique,450
76,Elysian Park (lower),58,reverse oblique,546
76,Elysian Park (lower),59,reverse oblique,477
76,Elysian Park (lower),60,reverse oblique,547
76,Elysian Park (lower),61,reverse oblique,439
76,Elysian Park (lower),62,reverse oblique,551
76,Elysian Park (lower),63,reverse oblique,478
76,Elysian Park (lower),64,reverse oblique,556
76,Elysian Park (lower),65,reverse oblique,469
76,Elysian Park (lower),66,reverse oblique,605
76,Elysian Park (lower),67,reverse oblique,504
76,Elysian Park (lower),68,reverse oblique,520
76,Elysian Park (lower),69,reverse oblique,396
76,Elysian Park (lower),70,reverse,531
76,Elysian Park (lower),71,reverse,417
76,Elysian Park (lower),72,reverse,529
76,Elysian Park (lower),73,reverse,378
76,Elysian Park (lower),74,reverse,394
76,Elysian Park (lower),75,reverse,316
76,Elysian Park (lower),76,reverse,335
76,Elysian Park (lower),77,reverse,213
76,Elysian Park (lower),78,reverse,332
76,Elysian Park (lower),79,reverse,250
76,Elysian Park (lower),80,reverse,253
76,Elysian Park (lower),81,reverse,219
76,Elysian Park (lower),82,reverse,200
76,Elysian Park (lower),83,reverse,204
76,Elysian Park (lower),84,reverse,150
76,Elysian Park (lower),85,reverse,103
76,Elysian Park (lower),86,reverse,170
76,Elysian Park (lower),87,reverse,133
76,Elysian Park (lower),88,reverse,108
76,Elysian Park (lower),89,reverse,132
76,Elysian Park (lower),90,reverse,361
76,Elysian Park (lower),91,reverse,120
76,Elysian Park (lower),92,reverse,106
76,Elysian Park (lower),93,reverse,67
76,Elysian Park (lower),94,reverse,104
76,Elysian Park (lower),95,reverse,88
76,Elysian Park (lower),96,reverse,74
76,Elysian Park (lower),97,reverse,75
76,Elysian Park (lower),98,reverse,77
76,Elysian Park (lower),99,reverse,71
76,Elysian Park (lower),100,reverse,97
76,Elysian Park (lower),101,reverse,65
76,Elysian Park (lower),102,reverse,99
76,Elysian Park (lower),103,reverse,47
76,Elysian Park (lower),104,reverse,83
76,Elysian Park (lower),105,reverse,56
76,Elysian Park (lower),106,reverse,87
76,Elysian Park (lower),107,reverse,57
76,Elysian Park (lower),108,reverse,69
76,Elysian Park (lower),109,reverse,67
76,Elysian Park (lower),110,reverse oblique,50
76,Elysian Park (lower),111,reverse oblique,66
76,Elysian Park (lower),112,reverse oblique,60
76,Elysian Park (lower),113,reverse oblique,57
76,Elysian Park (lower),114,reverse oblique,43
76,Elysian Park (lower),115,reverse oblique,51
76,Elysian Park (lower),116,reverse oblique,51
76,Elysian Park (lower),117,reverse oblique,61
76,Elysian Park (lower),118,reverse oblique,57
76,Elysian Park (lower),119,reverse oblique,44
76,Elysian Park (lower),120,reverse oblique,80
76,Elysian Park (lower),121,reverse oblique,55
76,Elysian Park (lower),122,reverse oblique,70
76,Elysian Park (lower),123,reverse oblique,50
76,Elysian Park (lower),124,reverse oblique,73
76,Elysian Park (lower),125,reverse oblique,48
76,Elysian Park (lower),126,reverse oblique,56
76,Elysian Park (lower),127,reverse oblique,45
76,Elysian Park (lower),128,reverse oblique,60
76,Elysian Park (lower),129,reverse oblique,50
76,Elysian Park (lower),130,reverse oblique,69
76,Elysian Park (lower),131,reverse oblique,50
76,Elysian Park (lower),132,reverse oblique,54
76,Elysian Park (lower),133,reverse oblique,43
76,Elysian Park (lower),134,reverse oblique,68
76,Elysian Park (lower),135,reverse oblique,46
76,Elysian Park (lower),136,reverse oblique,71
76,Elysian Park (lower),137,reverse oblique,48
76,Elysian Park (lower),138,reverse oblique,36
76,Elysian Park (lower),139,reverse oblique,84
76,Elysian Park (lower),140,reverse oblique,53
76,Elysian Park (lower),141,reverse oblique,59
76,Elysian Park (lower),142,reverse oblique,78
76,Elysian Park (lower),143,reverse oblique,58
76,Elysian Park (lower),144,reverse oblique,75
76,Elysian Park (lower),145,reverse oblique,44
76,Elysian Park (lower),146,reverse oblique,70
76,Elysian Park (lower),147,reverse oblique,63
76,Elysian Park (lower),148,reverse oblique,64
76,Elysian Park (lower),149,reverse oblique,53
76,Elysian Park (lower),150,reverse oblique,65
76,Elysian Park (lower),151,reverse oblique,72
76,Elysian Park (lower),152,reverse oblique,67
76,Elysian Park (lower),153,reverse oblique,61
76,Elysian Park (lower),154,reverse oblique,57
76,Elysian Park (lower),155,reverse oblique,56
76,Elysian Park (lower),156,reverse oblique,52
76,Elysian Park (lower),157,reverse oblique,55
76,Elysian Park (lower),158,reverse oblique,24
76,Elysian Park (lower),159,reverse oblique,33
76,Elysian Park (lower),160,strike-slip,27
76,Elysian Park (lower),161,strike-slip,32
76,Elysian Park (lower),162,strike-slip,44
76,Elysian Park (lower),163,strike-slip,27
76,Elysian Park (lower),164,strike-slip,54
76,Elysian Park (lower),165,strike-slip,34
76,Elysian Park (lower),166,strike-slip,47
76,Elysian Park (lower),167,strike-slip,27
76,Elysian Park (lower),168,strike-slip,56
76,Elysian Park (lower),169,strike-slip,29
76,Elysian Park (lower),170,strike-slip,29
76,Elysian Park (lower),171,strike-slip,15
76,Elysian Park (lower),172,strike-slip,12
77,Elysian Park (upper),35,reverse oblique,2
77,Elysian Park (upper),36,reverse oblique,10
77,Elysian Park (upper),37,reverse oblique,12
77,Elysian Park (upper),38,reverse oblique,36
77,Elysian Park (upper),39,reverse oblique,53
77,Elysian Park (upper),40,reverse oblique,60
77,Elysian Park (upper),41,reverse oblique,34
77,Elysian Park (upper),42,reverse oblique,43
77,Elysian Park (upper),43,reverse oblique,27
77,Elysian Park (upper),44,reverse oblique,74
77,Elysian Park (upper),45,reverse oblique,87
77,Elysian Park (upper),46,reverse oblique,141
77,Elysian Park (upper),47,reverse oblique,102
77,Elysian Park (upper),48,reverse oblique,124
77,Elysian Park (upper),49,reverse oblique,90
77,Elysian Park (upper),50,reverse oblique,131
77,Elysian Park (upper),51,reverse oblique,131
77,Elysian Park (upper),52,reverse oblique,196
77,Elysian Park (upper),53,reverse oblique,156
77,Elysian Park (upper),54,reverse oblique,202
77,Elysian Park (upper),55,reverse oblique,157
77,Elysian Park (upper),56,reverse oblique,177
77,Elysian Park (upper),57,reverse oblique,143
77,Elysian Park (upper),58,reverse oblique,190
77,Elysian Park (upper),59,reverse oblique,133
77,Elysian Park (upper),60,reverse oblique,201
77,Elysian Park (upper),61,reverse oblique,130
77,Elysian Park (upper),62,reverse oblique,189
77,Elysian Park (upper),63,reverse oblique,147
77,Elysian Park (upper),64,reverse oblique,149
77,Elysian Park (upper),65,reverse oblique,133
77,Elysian Park (upper),66,reverse oblique,134
77,Elysian Park (upper),67,reverse oblique,118
77,Elysian Park (upper),68,reverse oblique,116
77,Elysian Park (upper),69,reverse oblique,101
77,Elysian Park (upper),70,reverse,118
77,Elysian Park (upper),71,reverse,93
77,Elysian Park (upper),72,reverse,117
77,Elysian Park (upper),73,reverse,75
77,Elysian Park (upper),74,reverse,84
77,Elysian Park (upper),75,reverse,93
77,Elysian Park (upper),76,reverse,84
77,Elysian Park (upper),77,reverse,49
77,Elysian Park (upper),78,reverse,97
77,Elysian Park (upper),79,reverse,56
77,Elysian Park (upper),80,reverse,52
77,Elysian Park (upper),81,reverse,63
77,Elysian Park (upper),82,reverse,69
77,Elysian Park (upper),83,reverse,71
77,Elysian Park (upper),84,reverse,56
77,Elysian Park (upper),85,reverse,22
77,Elysian Park (upper),86,reverse,31
77,Elysian Park (upper),87,reverse,57
77,Elysian Park (upper),88,reverse,56
77,Elysian Park (upper),89,reverse,18
77,Elysian Park (upper),90,reverse,60
77,Elysian Park (upper),91,reverse,50
77,Elysian Park (upper),92,reverse,33
77,Elysian Park (upper),93,reverse,30
77,Elysian Park (upper),94,reverse,41
77,Elysian Park (upper),95,reverse,25
77,Elysian Park (upper),96,reverse,24
77,Elysian Park (upper),97,reverse,22
77,Elysian Park (upper),98,reverse,35
77,Elysian Park (upper),99,reverse,17
77,Elysian Park (upper),100,reverse,19
77,Elysian Park (upper),101,reverse,22
77,Elysian Park (upper),102,reverse,30
77,Elysian Park (upper),103,reverse,17
77,Elysian Park (upper),104,reverse,22
77,Elysian Park (upper),105,reverse,21
77,Elysian Park (upper),106,reverse,31
77,Elysian Park (upper),107,reverse,12
77,Elysian Park (upper),108,reverse,23
77,Elysian Park (upper),109,reverse,23
77,Elysian Park (upper),110,reverse oblique,20
77,Elysian Park (upper),111,reverse oblique,16
77,Elysian Park (upper),112,reverse oblique,23
77,Elysian Park (upper),113,reverse oblique,26
77,Elysian Park (upper),114,reverse oblique,13
77,Elysian Park (upper),115,reverse oblique,29
77,Elysian Park (upper),116,reverse oblique,11
77,Elysian Park (upper),117,reverse oblique,22
77,Elysian Park (upper),118,reverse oblique,22
77,Elysian Park (upper),119,reverse oblique,9
77,Elysian Park (upper),120,reverse oblique,16
77,Elysian Park (upper),121,reverse oblique,31
77,Elysian Park (upper),122,reverse oblique,22
77,Elysian Park (upper),123,reverse oblique,18
77,Elysian Park (upper),124,reverse oblique,19
77,Elysian Park (upper),125,reverse oblique,15
77,Elysian Park (upper),126,reverse oblique,23
77,Elysian Park (upper),127,reverse oblique,17
77,Elysian Park (upper),128,reverse oblique,19
77,Elysian Park (upper),129,reverse oblique,17
77,Elysian Park (upper),130,reverse oblique,24
77,Elysian Park (upper),131,reverse oblique,14
77,Elysian Park (upper),132,reverse oblique,21
77,Elysian Park (upper),133,reverse oblique,18
77,Elysian Park (upper),134,reverse oblique,22
77,Elysian Park (upper),135,reverse oblique,29
77,Elysian Park (upper),136,reverse oblique,7
77,Elysian Park (upper),137,reverse oblique,15
77,Elysian Park (upper),138,reverse oblique,35
77,Elysian Park (upper),139,reverse oblique,7
77,Elysian Park (upper),140,reverse oblique,30
77,Elysian Park (upper),141,reverse oblique,21
77,Elysian Park (upper),142,reverse oblique,10
77,Elysian Park (upper),143,reverse oblique,21
77,Elysian Park (upper),144,reverse oblique,28
77,Elysian Park (upper),145,reverse oblique,14
77,Elysian Park (upper),146,reverse oblique,28
77,Elysian Park (upper),147,reverse oblique,14
77,Elysian Park (upper),148,reverse oblique,28
77,Elysian Park (upper),149,reverse oblique,20
77,Elysian Park (upper),150,reverse oblique,23
77,Elysian Park (upper),151,reverse oblique,20
77,Elysian Park (upper),152,reverse oblique,16
77,Elysian Park (upper),153,reverse oblique,30
77,Elysian Park (upper),154,reverse oblique,20
77,Elysian Park (upper),155,reverse oblique,24
77,Elysian Park (upper),156,reverse oblique,10
77,Elysian Park (upper),157,reverse oblique,18
77,Elysian Park (upper),158,reverse oblique,15
77,Elysian Park (upper),159,reverse oblique,19
77,Elysian Park (upper),160,strike-slip,19
77,Elysian Park (upper),161,strike-slip,21
77,Elysian Park (upper),162,strike-slip,30
77,Elysian Park (upper),163,strike-slip,29
77,Elysian Park (upper),164,strike-slip,14
77,Elysian Park (upper),165,strike-slip,20
77,Elysian Park (upper),166,strike-slip,16
77,Elysian Park (upper),167,strike-slip,17
77,Elysian Park (upper),168,strike-slip,8
77,Elysian Park (upper),169,strike-slip,4
78,Emerson - Copper Mountain,0,strike-slip,4
78,Emerson - Copper Mountain,180,strike-slip,2252
79,Eureka Peak,180,strike-slip,167
81,Fish Slough,-159,normal oblique,2
81,Fish Slough,-158,normal oblique,10
81,Fish Slough,-157,normal oblique,18
81,Fish Slough,-156,normal oblique,18
81,Fish Slough,-155,normal oblique,18
81,Fish Slough,-154,normal oblique,29
81,Fish Slough,-153,normal oblique,17
81,Fish Slough,-152,normal oblique,23
81,Fish Slough,-151,normal oblique,30
81,Fish Slough,-150,normal oblique,33
81,Fish Slough,-149,normal oblique,12
81,Fish Slough,-148,normal oblique,31
81,Fish Slough,-147,normal oblique,17
81,Fish Slough,-146,normal oblique,28
81,Fish Slough,-145,normal oblique,16
81,Fish Slough,-144,normal oblique,24
81,Fish Slough,-143,normal oblique,16
81,Fish Slough,-142,normal oblique,20
81,Fish Slough,-141,normal oblique,15
81,Fish Slough,-140,normal oblique,33
81,Fish Slough,-138,normal oblique,28
81,Fish Slough,-137,normal oblique,14
81,Fish Slough,-136,normal oblique,8
81,Fish Slough,-135,normal oblique,25
81,Fish Slough,-134,normal oblique,18
81,Fish Slough,-133,normal oblique,4
81,Fish Slough,-132,normal oblique,27
81,Fish Slough,-131,normal oblique,17
81,Fish Slough,-130,normal oblique,7
81,Fish Slough,-129,normal oblique,14
81,Fish Slough,-128,normal oblique,15
81,Fish Slough,-127,normal oblique,19
81,Fish Slough,-126,normal oblique,11
81,Fish Slough,-125,normal oblique,21
81,Fish Slough,-124,normal oblique,8
81,Fish Slough,-123,normal oblique,11
81,Fish Slough,-122,normal oblique,11
81,Fish Slough,-121,normal oblique,10
81,Fish Slough,-120,normal oblique,17
81,Fish Slough,-118,normal oblique,4
81,Fish Slough,-117,normal oblique,4
81,Fish Slough,-116,normal oblique,15
81,Fish Slough,-115,normal oblique,2
81,Fish Slough,-114,normal oblique,4
81,Fish Slough,-113,normal oblique,4
81,Fish Slough,-112,normal oblique,8
81,Fish Slough,-111,normal oblique,7
81,Fish Slough,-110,normal,3
81,Fish Slough,-108,normal,4
81,Fish Slough,-107,normal,6
81,Fish Slough,-106,normal,8
81,Fish Slough,-104,normal,3
81,Fish Slough,-102,normal,8
81,Fish Slough,-101,normal,4
81,Fish Slough,-90,normal,34
82,Fitzhugh Creek,-90,normal,156
83,Fontana (seismicity),0,strike-slip,7
84,Franklin,117,reverse oblique,2
84,Franklin,124,reverse oblique,2
84,Franklin,128,reverse oblique,3
84,Franklin,135,reverse oblique,2
84,Franklin,136,reverse oblique,9
84,Franklin,141,reverse oblique,5
84,Franklin,142,reverse oblique,5
84,Franklin,144,reverse oblique,6
84,Franklin,146,reverse oblique,13
84,Franklin,147,reverse oblique,9
84,Franklin,148,reverse oblique,11
84,Franklin,150,reverse oblique,19
84,Franklin,151,reverse oblique,2
84,Franklin,152,reverse oblique,2
84,Franklin,153,reverse oblique,17
84,Franklin,154,reverse oblique,31
84,Franklin,155,reverse oblique,28
84,Franklin,156,reverse oblique,23
84,Franklin,157,reverse oblique,13
84,Franklin,158,reverse oblique,37
84,Franklin,159,reverse oblique,34
84,Franklin,160,strike-slip,51
84,Franklin,161,strike-slip,53
84,Franklin,162,strike-slip,85
84,Franklin,163,strike-slip,87
84,Franklin,164,strike-slip,125
84,Franklin,165,strike-slip,99
84,Franklin,166,strike-slip,136
84,Franklin,167,strike-slip,146
84,Franklin,168,strike-slip,176
84,Franklin,169,strike-slip,107
84,Franklin,170,strike-slip,121
84,Franklin,171,strike-slip,25
84,Franklin,172,strike-slip,40
84,Franklin,173,strike-slip,9
84,Franklin,174,strike-slip,45
84,Franklin,175,strike-slip,176
84,Franklin,176,strike-slip,403
84,Franklin,177,strike-slip,1192
84,Franklin,178,strike-slip,2349
84,Franklin,179,strike-slip,1783
84,Franklin,180,strike-slip,38444
85,Garberville - Briceland,120,reverse oblique,2
85,Garberville - Briceland,123,reverse oblique,2
85,Garberville - Briceland,126,reverse oblique,2
85,Garberville - Briceland,129,reverse oblique,2
85,Garberville - Briceland,131,reverse oblique,3
85,Garberville - Briceland,132,reverse oblique,2
85,Garberville - Briceland,134,reverse oblique,3
85,Garberville - Briceland,137,reverse oblique,5
85,Garberville - Briceland,139,reverse oblique,4
85,Garberville - Briceland,140,reverse oblique,3
85,Garberville - Briceland,142,reverse oblique,6
85,Garberville - Briceland,144,reverse oblique,3
85,Garberville - Briceland,145,reverse oblique,4
85,Garberville - Briceland,146,reverse oblique,5
85,Garberville - Briceland,148,reverse oblique,14
85,Garberville - Briceland,151,reverse oblique,9
85,Garberville - Briceland,152,reverse oblique,3
85,Garberville - Briceland,154,reverse oblique,5
85,Garberville - Briceland,155,reverse oblique,6
85,Garberville - Briceland,156,reverse oblique,5
85,Garberville - Briceland,157,reverse oblique,3
85,Garberville - Briceland,159,reverse oblique,4
85,Garberville - Briceland,160,strike-slip,5
85,Garberville - Briceland,163,strike-slip,14
85,Garberville - Briceland,166,strike-slip,5
85,Garberville - Briceland,167,strike-slip,4
85,Garberville - Briceland,168,strike-slip,3
85,Garberville - Briceland,169,strike-slip,5
85,Garberville - Briceland,171,strike-slip,4
85,Garberville - Briceland,173,strike-slip,5
85,Garberville - Briceland,180,strike-slip,30
86,Garlic Springs,0,strike-slip,10
86,Garlic Springs,180,strike-slip,7
87,Gillem - Big Crack,-90,normal,77
88,Goldstone Lake,180,strike-slip,104
89,Gravel Hills - Harper Lake,180,strike-slip,2354
90,Great Valley 1,90,reverse,1212
90,Great Valley 1,93,reverse,44
90,Great Valley 1,94,reverse,68
90,Great Valley 1,95,reverse,20
90,Great Valley 1,96,reverse,86
90,Great Valley 1,97,reverse,19
90,Great Valley 1,98,reverse,27
90,Great Valley 1,99,reverse,65
90,Great Valley 1,100,reverse,56
90,Great Valley 1,101,reverse,50
90,Great Valley 1,102,reverse,53
90,Great Valley 1,103,reverse,60
90,Great Valley 1,104,reverse,84
90,Great Valley 1,105,reverse,50
90,Great Valley 1,106,reverse,52
90,Great Valley 1,107,reverse,12
90,Great Valley 1,108,reverse,2
91,Great Valley 10 (Panoche),90,reverse,938
92,Great Valley 11,90,reverse,818
93,Great Valley 12,90,reverse,463
94,Great Valley 13 (Coalinga),90,reverse,196
95,Great Valley 14 (Kettleman Hills),90,reverse,52
96,Great Valley 2,90,reverse,1222
96,Great Valley 2,93,reverse,45
96,Great Valley 2,94,reverse,73
96,Great Valley 2,95,reverse,44
96,Great Valley 2,96,reverse,75
96,Great Valley 2,97,reverse,43
96,Great Valley 2,98,reverse,35
96,Great Valley 2,99,reverse,54
96,Great Valley 2,100,reverse,72
96,Great Valley 2,101,reverse,61
96,Great Valley 2,102,reverse,59
96,Great Valley 2,103,reverse,64
96,Great Valley 2,104,reverse,96
96,Great Valley 2,105,reverse,66
96,Great Valley 2,106,reverse,73
96,Great Valley 2,107,reverse,34
96,Great Valley 2,108,reverse,31
96,Great Valley 2,109,reverse,7
97,Great Valley 3 (Mysterious Ridge),90,reverse,2235
97,Great Valley 3 (Mysterious Ridge),93,reverse,72
97,Great Valley 3 (Mysterious Ridge),94,reverse,158
97,Great Valley 3 (Mysterious Ridge),95,reverse,114
97,Great Valley 3 (Mysterious Ridge),96,reverse,158
97,Great Valley 3 (Mysterious Ridge),97,reverse,115
97,Great Valley 3 (Mysterious Ridge),98,reverse,92
97,Great Valley 3 (Mysterious Ridge),99,reverse,118
97,Great Valley 3 (Mysterious Ridge),100,reverse,142
97,Great Valley 3 (Mysterious Ridge),101,reverse,124
97,Great Valley 3 (Mysterious Ridge),102,reverse,142
97,Great Valley 3 (Mysterious Ridge),103,reverse,142
97,Great Valley 3 (Mysterious Ridge),104,reverse,195
97,Great Valley 3 (Mysterious Ridge),105,reverse,141
97,Great Valley 3 (Mysterious Ridge),106,reverse,178
97,Great Valley 3 (Mysterious Ridge),107,reverse,92
97,Great Valley 3 (Mysterious Ridge),108,reverse,119
97,Great Valley 3 (Mysterious Ridge),109,reverse,62
97,Great Valley 3 (Mysterious Ridge),110,reverse oblique,58
97,Great Valley 3 (Mysterious Ridge),111,reverse oblique,28
97,Great Valley 3 (Mysterious Ridge),112,reverse oblique,34
97,Great Valley 3 (Mysterious Ridge),113,reverse oblique,7
97,Great Valley 3 (Mysterious Ridge),114,reverse oblique,25
97,Great Valley 3 (Mysterious Ridge),115,reverse oblique,25
97,Great Valley 3 (Mysterious Ridge),116,reverse oblique,27
97,Great Valley 3 (Mysterious Ridge),117,reverse oblique,21
97,Great Valley 3 (Mysterious Ridge),119,reverse oblique,17
97,Great Valley 3 (Mysterious Ridge),120,reverse oblique,12
97,Great Valley 3 (Mysterious Ridge),121,reverse oblique,7
97,Great Valley 3 (Mysterious Ridge),122,reverse oblique,2
97,Great Valley 3 (Mysterious Ridge),123,reverse oblique,5
97,Great Valley 3 (Mysterious Ridge),124,reverse oblique,2
98,Great Valley 3a (Dunnigan Hills),90,reverse,77
99,Great Valley 4a (Trout Creek),90,reverse,794
99,Great Valley 4a (Trout Creek),93,reverse,27
99,Great Valley 4a (Trout Creek),94,reverse,63
99,Great Valley 4a (Trout Creek),95,reverse,51
99,Great Valley 4a (Trout Creek),96,reverse,68
99,Great Valley 4a (Trout Creek),97,reverse,51
99,Great Valley 4a (Trout Creek),98,reverse,47
99,Great Valley 4a (Trout Creek),99,reverse,53
99,Great Valley 4a (Trout Creek),100,reverse,63
99,Great Valley 4a (Trout Creek),101,reverse,58
99,Great Valley 4a (Trout Creek),102,reverse,62
99,Great Valley 4a (Trout Creek),103,reverse,60
99,Great Valley 4a (Trout Creek),104,reverse,83
99,Great Valley 4a (Trout Creek),105,reverse,57
99,Great Valley 4a (Trout Creek),106,reverse,78
99,Great Valley 4a (Trout Creek),107,reverse,41
99,Great Valley 4a (Trout Creek),108,reverse,60
99,Great Valley 4a (Trout Creek),109,reverse,32
99,Great Valley 4a (Trout Creek),110,reverse oblique,35
99,Great Valley 4a (Trout Creek),111,reverse oblique,24
99,Great Valley 4a (Trout Creek),112,reverse oblique,26
99,Great Valley 4a (Trout Creek),113,reverse oblique,11
99,Great Valley 4a (Trout Creek),114,reverse oblique,23
99,Great Valley 4a (Trout Creek),115,reverse oblique,18
99,Great Valley 4a (Trout Creek),116,reverse oblique,22
99,Great Valley 4a (Trout Creek),117,reverse oblique,15
99,Great Valley 4a (Trout Creek),118,reverse oblique,7
99,Great Valley 4a (Trout Creek),119,reverse oblique,17
99,Great Valley 4a (Trout Creek),120,reverse oblique,9
99,Great Valley 4a (Trout Creek),121,reverse oblique,8
99,Great Valley 4a (Trout Creek),122,reverse oblique,6
99,Great Valley 4a (Trout Creek),123,reverse oblique,6
99,Great Valley 4a (Trout Creek),124,reverse oblique,5
99,Great Valley 4a (Trout Creek),125,reverse oblique,3
99,Great Valley 4a (Trout Creek),127,reverse oblique,5
99,Great Valley 4a (Trout Creek),128,reverse oblique,3
99,Great Valley 4a (Trout Creek),129,reverse oblique,5
99,Great Valley 4a (Trout Creek),130,reverse oblique,2
99,Great Valley 4a (Trout Creek),131,reverse oblique,3
99,Great Valley 4a (Trout Creek),132,reverse oblique,2
99,Great Valley 4a (Trout Creek),133,reverse oblique,2
100,Great Valley 4b (Gordon Valley),90,reverse,983
100,Great Valley 4b (Gordon Valley),93,reverse,36
100,Great Valley 4b (Gordon Valley),94,reverse,84
100,Great Valley 4b (Gordon Valley),95,reverse,77
100,Great Valley 4b (Gordon Valley),96,reverse,92
100,Great Valley 4b (Gordon Valley),97,reverse,78
100,Great Valley 4b (Gordon Valley),98,reverse,68
100,Great Valley 4b (Gordon Valley),99,reverse,72
100,Great Valley 4b (Gordon Valley),100,reverse,97
100,Great Valley 4b (Gordon Valley),101,reverse,86
100,Great Valley 4b (Gordon Valley),102,reverse,91
100,Great Valley 4b (Gordon Valley),103,reverse,90
100,Great Valley 4b (Gordon Valley),104,reverse,125
100,Great Valley 4b (Gordon Valley),105,reverse,82
100,Great Valley 4b (Gordon Valley),106,reverse,111
100,Great Valley 4b (Gordon Valley),107,reverse,59
100,Great Valley 4b (Gordon Valley),108,reverse,82
100,Great Valley 4b (Gordon Valley),109,reverse,50
100,Great Valley 4b (Gordon Valley),110,reverse oblique,51
100,Great Valley 4b (Gordon Valley),111,reverse oblique,32
100,Great Valley 4b (Gordon Valley),112,reverse oblique,46
100,Great Valley 4b (Gordon Valley),113,reverse oblique,16
100,Great Valley 4b (Gordon Valley),114,reverse oblique,35
100,Great Valley 4b (Gordon Valley),115,reverse oblique,29
100,Great Valley 4b (Gordon Valley),116,reverse oblique,40
100,Great Valley 4b (Gordon Valley),117,reverse oblique,29
100,Great Valley 4b (Gordon Valley),118,reverse oblique,15
100,Great Valley 4b (Gordon Valley),119,reverse oblique,33
100,Great Valley 4b (Gordon Valley),120,reverse oblique,16
100,Great Valley 4b (Gordon Valley),121,reverse oblique,21
100,Great Valley 4b (Gordon Valley),122,reverse oblique,17
100,Great Valley 4b (Gordon Valley),123,reverse oblique,17
100,Great Valley 4b (Gordon Valley),124,reverse oblique,11
100,Great Valley 4b (Gordon Valley),125,reverse oblique,8
100,Great Valley 4b (Gordon Valley),126,reverse oblique,7
100,Great Valley 4b (Gordon Valley),127,reverse oblique,10
100,Great Valley 4b (Gordon Valley),128,reverse oblique,8
100,Great Valley 4b (Gordon Valley),129,reverse oblique,13
100,Great Valley 4b (Gordon Valley),130,reverse oblique,4
100,Great Valley 4b (Gordon Valley),131,reverse oblique,4
100,Great Valley 4b (Gordon Valley),132,reverse oblique,13
100,Great Valley 4b (Gordon Valley),133,reverse oblique,8
100,Great Valley 4b (Gordon Valley),135,reverse oblique,9
100,Great Valley 4b (Gordon Valley),136,reverse oblique,7
100,Great Valley 4b (Gordon Valley),138,reverse oblique,9
100,Great Valley 4b (Gordon Valley),139,reverse oblique,3
100,Great Valley 4b (Gordon Valley),140,reverse oblique,2
100,Great Valley 4b (Gordon Valley),141,reverse oblique,5
100,Great Valley 4b (Gordon Valley),143,reverse oblique,2
100,Great Valley 4b (Gordon Valley),144,reverse oblique,2
102,Great Valley 5 (Pittsburg - Kirby Hills) [2],90,reverse,1037
102,Great Valley 5 (Pittsburg - Kirby Hills) [2],93,reverse,63
102,Great Valley 5 (Pittsburg - Kirby Hills) [2],94,reverse,107
102,Great Valley 5 (Pittsburg - Kirby Hills) [2],95,reverse,108
102,Great Valley 5 (Pittsburg - Kirby Hills) [2],96,reverse,122
102,Great Valley 5 (Pittsburg - Kirby Hills) [2],97,reverse,112
102,Great Valley 5 (Pittsburg - Kirby Hills) [2],98,reverse,102
102,Great Valley 5 (Pittsburg - Kirby Hills) [2],99,reverse,114
102,Great Valley 5 (Pittsburg - Kirby Hills) [2],100,reverse,142
102,Great Valley 5 (Pittsburg - Kirby Hills) [2],101,reverse,114
102,Great Valley 5 (Pittsburg - Kirby Hills) [2],102,reverse,134
102,Great Valley 5 (Pittsburg - Kirby Hills) [2],103,reverse,117
102,Great Valley 5 (Pittsburg - Kirby Hills) [2],104,reverse,182
102,Great Valley 5 (Pittsburg - Kirby Hills) [2],105,reverse,127
102,Great Valley 5 (Pittsburg - Kirby Hills) [2],106,reverse,171
102,Great Valley 5 (Pittsburg - Kirby Hills) [2],107,reverse,101
102,Great Valley 5 (Pittsburg - Kirby Hills) [2],108,reverse,118
102,Great Valley 5 (Pittsburg - Kirby Hills) [2],109,reverse,84
102,Great Valley 5 (Pittsburg - Kirby Hills) [2],110,reverse oblique,87
102,Great Valley 5 (Pittsburg - Kirby Hills) [2],111,reverse oblique,44
102,Great Valley 5 (Pittsburg - Kirby Hills) [2],112,reverse oblique,70
102,Great Valley 5 (Pittsburg - Kirby Hills) [2],113,reverse oblique,31
102,Great Valley 5 (Pittsburg - Kirby Hills) [2],114,reverse oblique,59
102,Great Valley 5 (Pittsburg - Kirby Hills) [2],115,reverse oblique,45
102,Great Valley 5 (Pittsburg - Kirby Hills) [2],116,reverse oblique,56
102,Great Valley 5 (Pittsburg - Kirby Hills) [2],117,reverse oblique,37
102,Great Valley 5 (Pittsburg - Kirby Hills) [2],118,reverse oblique,31
102,Great Valley 5 (Pittsburg - Kirby Hills) [2],119,reverse oblique,53
102,Great Valley 5 (Pittsburg - Kirby Hills) [2],120,reverse oblique,25
102,Great Valley 5 (Pittsburg - Kirby Hills) [2],121,reverse oblique,36
102,Great Valley 5 (Pittsburg - Kirby Hills) [2],122,reverse oblique,22
102,Great Valley 5 (Pittsburg - Kirby Hills) [2],123,reverse oblique,30
102,Great Valley 5 (Pittsburg - Kirby Hills) [2],124,reverse oblique,17
102,Great Valley 5 (Pittsburg - Kirby Hills) [2],125,reverse oblique,23
102,Great Valley 5 (Pittsburg - Kirby Hills) [2],126,reverse oblique,15
102,Great Valley 5 (Pittsburg - Kirby Hills) [2],127,reverse oblique,29
102,Great Valley 5 (Pittsburg - Kirby Hills) [2],128,reverse oblique,12
102,Great Valley 5 (Pittsburg - Kirby Hills) [2],129,reverse oblique,23
102,Great Valley 5 (Pittsburg - Kirby Hills) [2],130,reverse oblique,27
102,Great Valley 5 (Pittsburg - Kirby Hills) [2],131,reverse oblique,7
102,Great Valley 5 (Pittsburg - Kirby Hills) [2],132,reverse oblique,34
102,Great Valley 5 (Pittsburg - Kirby Hills) [2],133,reverse oblique,18
102,Great Valley 5 (Pittsburg - Kirby Hills) [2],134,reverse oblique,11
102,Great Valley 5 (Pittsburg - Kirby Hills) [2],135,reverse oblique,21
102,Great Valley 5 (Pittsburg - Kirby Hills) [2],136,reverse oblique,10
102,Great Valley 5 (Pittsburg - Kirby Hills) [2],137,reverse oblique,10
102,Great Valley 5 (Pittsburg - Kirby Hills) [2],138,reverse oblique,14
102,Great Valley 5 (Pittsburg - Kirby Hills) [2],139,reverse oblique,3
102,Great Valley 5 (Pittsburg - Kirby Hills) [2],140,reverse oblique,10
102,Great Valley 5 (Pittsburg - Kirby Hills) [2],141,reverse oblique,6
102,Great Valley 5 (Pittsburg - Kirby Hills) [2],143,reverse oblique,8
102,Great Valley 5 (Pittsburg - Kirby Hills) [2],144,reverse oblique,3
102,Great Valley 5 (Pittsburg - Kirby Hills) [2],146,reverse oblique,2
102,Great Valley 5 (Pittsburg - Kirby Hills) [2],147,reverse oblique,3
102,Great Valley 5 (Pittsburg - Kirby Hills) [2],148,reverse oblique,3
102,Great Valley 5 (Pittsburg - Kirby Hills) [2],149,reverse oblique,5
102,Great Valley 5 (Pittsburg - Kirby Hills) [2],150,reverse oblique,5
102,Great Valley 5 (Pittsburg - Kirby Hills) [2],151,reverse oblique,2
102,Great Valley 5 (Pittsburg - Kirby Hills) [2],152,reverse oblique,5
102,Great Valley 5 (Pittsburg - Kirby Hills) [2],154,reverse oblique,2
104,Great Valley 6 (Midland) [2],90,reverse,107
104,Great Valley 6 (Midland) [2],92,reverse,8
104,Great Valley 6 (Midland) [2],93,reverse,23
104,Great Valley 6 (Midland) [2],94,reverse,24
104,Great Valley 6 (Midland) [2],95,reverse,36
104,Great Valley 6 (Midland) [2],96,reverse,38
104,Great Valley 6 (Midland) [2],97,reverse,29
104,Great Valley 6 (Midland) [2],98,reverse,35
104,Great Valley 6 (Midland) [2],99,reverse,38
104,Great Valley 6 (Midland) [2],100,reverse,46
104,Great Valley 6 (Midland) [2],101,reverse,33
104,Great Valley 6 (Midland) [2],102,reverse,48
104,Great Valley 6 (Midland) [2],103,reverse,33
104,Great Valley 6 (Midland) [2],104,reverse,65
104,Great Valley 6 (Midland) [2],105,reverse,43
104,Great Valley 6 (Midland) [2],106,reverse,50
104,Great Valley 6 (Midland) [2],107,reverse,44
104,Great Valley 6 (Midland) [2],108,reverse,49
104,Great Valley 6 (Midland) [2],109,reverse,23
104,Great Valley 6 (Midland) [2],110,reverse oblique,43
104,Great Valley 6 (Midland) [2],111,reverse oblique,27
104,Great Valley 6 (Midland) [2],112,reverse oblique,27
104,Great Valley 6 (Midland) [2],113,reverse oblique,23
104,Great Valley 6 (Midland) [2],114,reverse oblique,32
104,Great Valley 6 (Midland) [2],115,reverse oblique,23
104,Great Valley 6 (Midland) [2],116,reverse oblique,24
104,Great Valley 6 (Midland) [2],117,reverse oblique,26
104,Great Valley 6 (Midland) [2],118,reverse oblique,35
104,Great Valley 6 (Midland) [2],119,reverse oblique,15
104,Great Valley 6 (Midland) [2],120,reverse oblique,27
104,Great Valley 6 (Midland) [2],121,reverse oblique,14
104,Great Valley 6 (Midland) [2],122,reverse oblique,11
104,Great Valley 6 (Midland) [2],123,reverse oblique,11
104,Great Valley 6 (Midland) [2],124,reverse oblique,9
104,Great Valley 6 (Midland) [2],125,reverse oblique,7
104,Great Valley 6 (Midland) [2],126,reverse oblique,4
104,Great Valley 6 (Midland) [2],127,reverse oblique,15
104,Great Valley 6 (Midland) [2],128,reverse oblique,2
104,Great Valley 6 (Midland) [2],129,reverse oblique,9
104,Great Valley 6 (Midland) [2],130,reverse oblique,11
104,Great Valley 6 (Midland) [2],131,reverse oblique,9
104,Great Valley 6 (Midland) [2],132,reverse oblique,11
104,Great Valley 6 (Midland) [2],133,reverse oblique,9
104,Great Valley 6 (Midland) [2],134,reverse oblique,4
104,Great Valley 6 (Midland) [2],135,reverse oblique,6
104,Great Valley 6 (Midland) [2],136,reverse oblique,4
104,Great Valley 6 (Midland) [2],137,reverse oblique,6
104,Great Valley 6 (Midland) [2],138,reverse oblique,6
104,Great Valley 6 (Midland) [2],140,reverse oblique,6
104,Great Valley 6 (Midland) [2],142,reverse oblique,2
104,Great Valley 6 (Midland) [2],144,reverse oblique,2
105,Great Valley 7 (Orestimba),90,reverse,1122
106,Great Valley 8 (Quinto),90,reverse,7
106,Great Valley 8 (Quinto),112,reverse oblique,3
106,Great Valley 8 (Quinto),121,reverse oblique,5
106,Great Valley 8 (Quinto),122,reverse oblique,2
106,Great Valley 8 (Quinto),132,reverse oblique,2
106,Great Valley 8 (Quinto),133,reverse oblique,2
106,Great Valley 8 (Quinto),141,reverse oblique,4
106,Great Valley 8 (Quinto),147,reverse oblique,6
106,Great Valley 8 (Quinto),151,reverse oblique,2
106,Great Valley 8 (Quinto),152,reverse oblique,4
106,Great Valley 8 (Quinto),155,reverse oblique,6
106,Great Valley 8 (Quinto),158,reverse oblique,6
106,Great Valley 8 (Quinto),160,strike-slip,6
106,Great Valley 8 (Quinto),162,strike-slip,6
106,Great Valley 8 (Quinto),164,strike-slip,6
106,Great Valley 8 (Quinto),165,strike-slip,6
106,Great Valley 8 (Quinto),166,strike-slip,4
106,Great Valley 8 (Quinto),167,strike-slip,4
106,Great Valley 8 (Quinto),168,strike-slip,2
107,Great Valley 9 (Laguna Seca),90,reverse,1702
108,Green Valley,92,reverse,7
108,Green Valley,93,reverse,7
108,Green Valley,94,reverse,4
108,Green Valley,95,reverse,5
108,Green Valley,96,reverse,13
108,Green Valley,97,reverse,3
108,Green Valley,98,reverse,15
108,Green Valley,99,reverse,11
108,Green Valley,100,reverse,7
108,Green Valley,101,reverse,14
108,Green Valley,102,reverse,13
108,Green Valley,103,reverse,7
108,Green Valley,104,reverse,33
108,Green Valley,105,reverse,13
108,Green Valley,106,reverse,14
108,Green Valley,107,reverse,21
108,Green Valley,108,reverse,40
108,Green Valley,109,reverse,7
108,Green Valley,110,reverse oblique,31
108,Green Valley,111,reverse oblique,24
108,Green Valley,112,reverse oblique,33
108,Green Valley,113,reverse oblique,12
108,Green Valley,114,reverse oblique,31
108,Green Valley,115,reverse oblique,21
108,Green Valley,116,reverse oblique,25
108,Green Valley,117,reverse oblique,14
108,Green Valley,118,reverse oblique,42
108,Green Valley,120,reverse oblique,36
108,Green Valley,121,reverse oblique,7
108,Green Valley,122,reverse oblique,19
108,Green Valley,123,reverse oblique,9
108,Green Valley,124,reverse oblique,29
108,Green Valley,125,reverse oblique,6
108,Green Valley,126,reverse oblique,4
108,Green Valley,127,reverse oblique,18
108,Green Valley,128,reverse oblique,7
108,Green Valley,129,reverse oblique,12
108,Green Valley,130,reverse oblique,7
108,Green Valley,131,reverse oblique,21
108,Green Valley,132,reverse oblique,9
108,Green Valley,133,reverse oblique,7
108,Green Valley,134,reverse oblique,27
108,Green Valley,135,reverse oblique,6
108,Green Valley,136,reverse oblique,17
108,Green Valley,137,reverse oblique,11
108,Green Valley,138,reverse oblique,7
108,Green Valley,139,reverse oblique,38
108,Green Valley,140,reverse oblique,10
108,Green Valley,141,reverse oblique,35
108,Green Valley,142,reverse oblique,13
108,Green Valley,143,reverse oblique,42
108,Green Valley,144,reverse oblique,21
108,Green Valley,145,reverse oblique,14
108,Green Valley,146,reverse oblique,56
108,Green Valley,147,reverse oblique,27
108,Green Valley,148,reverse oblique,49
108,Green Valley,149,reverse oblique,34
108,Green Valley,150,reverse oblique,67
108,Green Valley,151,reverse oblique,61
108,Green Valley,152,reverse oblique,67
108,Green Valley,153,reverse oblique,70
108,Green Valley,154,reverse oblique,88
108,Green Valley,155,reverse oblique,92
108,Green Valley,156,reverse oblique,109
108,Green Valley,157,reverse oblique,111
108,Green Valley,158,reverse oblique,173
108,Green Valley,159,reverse oblique,127
108,Green Valley,160,strike-slip,201
108,Green Valley,161,strike-slip,188
108,Green Valley,162,strike-slip,251
108,Green Valley,163,strike-slip,227
108,Green Valley,164,strike-slip,259
108,Green Valley,165,strike-slip,238
108,Green Valley,166,strike-slip,315
108,Green Valley,167,strike-slip,259
108,Green Valley,168,strike-slip,371
108,Green Valley,169,strike-slip,343
108,Green Valley,170,strike-slip,406
108,Green Valley,171,strike-slip,210
108,Green Valley,172,strike-slip,322
108,Green Valley,173,strike-slip,406
108,Green Valley,174,strike-slip,525
108,Green Valley,175,strike-slip,280
108,Green Valley,176,strike-slip,98
108,Green Valley,177,strike-slip,56
108,Green Valley,178,strike-slip,7
108,Green Valley,180,strike-slip,1968
109,Greenville (north),93,reverse,18
109,Greenville (north),94,reverse,25
109,Greenville (north),95,reverse,39
109,Greenville (north),96,reverse,48
109,Greenville (north),97,reverse,50
109,Greenville (north),98,reverse,57
109,Greenville (north),99,reverse,81
109,Greenville (north),100,reverse,109
109,Greenville (north),101,reverse,91
109,Greenville (north),102,reverse,130
109,Greenville (north),103,reverse,116
109,Greenville (north),104,reverse,194
109,Greenville (north),105,reverse,142
109,Greenville (north),106,reverse,171
109,Greenville (north),107,reverse,124
109,Greenville (north),108,reverse,150
109,Greenville (north),109,reverse,81
109,Greenville (north),110,reverse oblique,125
109,Greenville (north),111,reverse oblique,74
109,Greenville (north),112,reverse oblique,95
109,Greenville (north),113,reverse oblique,54
109,Greenville (north),114,reverse oblique,97
109,Greenville (north),115,reverse oblique,87
109,Greenville (north),116,reverse oblique,96
109,Greenville (north),117,reverse oblique,97
109,Greenville (north),118,reverse oblique,83
109,Greenville (north),119,reverse oblique,80
109,Greenville (north),120,reverse oblique,80
109,Greenville (north),121,reverse oblique,62
109,Greenville (north),122,reverse oblique,39
109,Greenville (north),123,reverse oblique,55
109,Greenville (north),124,reverse oblique,28
109,Greenville (north),125,reverse oblique,34
109,Greenville (north),126,reverse oblique,28
109,Greenville (north),127,reverse oblique,57
109,Greenville (north),128,reverse oblique,21
109,Greenville (north),129,reverse oblique,46
109,Greenville (north),130,reverse oblique,40
109,Greenville (north),131,reverse oblique,28
109,Greenville (north),132,reverse oblique,69
109,Greenville (north),133,reverse oblique,35
109,Greenville (north),134,reverse oblique,27
109,Greenville (north),135,reverse oblique,48
109,Greenville (north),136,reverse oblique,34
109,Greenville (north),137,reverse oblique,27
109,Greenville (north),138,reverse oblique,42
109,Greenville (north),139,reverse oblique,19
109,Greenville (north),140,reverse oblique,40
109,Greenville (north),141,reverse oblique,33
109,Greenville (north),142,reverse oblique,13
109,Greenville (north),143,reverse oblique,35
109,Greenville (north),144,reverse oblique,40
109,Greenville (north),145,reverse oblique,9
109,Greenville (north),146,reverse oblique,39
109,Greenville (north),147,reverse oblique,26
109,Greenville (north),148,reverse oblique,37
109,Greenville (north),149,reverse oblique,44
109,Greenville (north),150,reverse oblique,73
109,Greenville (north),151,reverse oblique,53
109,Greenville (north),152,reverse oblique,81
109,Greenville (north),153,reverse oblique,68
109,Greenville (north),154,reverse oblique,100
109,Greenville (north),155,reverse oblique,99
109,Greenville (north),156,reverse oblique,134
109,Greenville (north),157,reverse oblique,139
109,Greenville (north),158,reverse oblique,197
109,Greenville (north),159,reverse oblique,189
109,Greenville (north),160,strike-slip,246
109,Greenville (north),161,strike-slip,226
109,Greenville (north),162,strike-slip,315
109,Greenville (north),163,strike-slip,285
109,Greenville (north),164,strike-slip,379
109,Greenville (north),165,strike-slip,332
109,Greenville (north),166,strike-slip,401
109,Greenville (north),167,strike-slip,359
109,Greenville (north),168,strike-slip,484
109,Greenville (north),169,strike-slip,401
109,Greenville (north),170,strike-slip,476
109,Greenville (north),171,strike-slip,120
109,Greenville (north),172,strike-slip,173
109,Greenville (north),173,strike-slip,264
109,Greenville (north),174,strike-slip,313
109,Greenville (north),175,strike-slip,160
109,Greenville (north),180,strike-slip,336
110,Greenville (south),102,reverse,6
110,Greenville (south),103,reverse,17
110,Greenville (south),104,reverse,39
110,Greenville (south),105,reverse,37
110,Greenville (south),106,reverse,74
110,Greenville (south),107,reverse,41
110,Greenville (south),108,reverse,44
110,Greenville (south),109,reverse,31
110,Greenville (south),110,reverse oblique,30
110,Greenville (south),111,reverse oblique,18
110,Greenville (south),112,reverse oblique,17
110,Greenville (south),113,reverse oblique,18
110,Greenville (south),114,reverse oblique,21
110,Greenville (south),115,reverse oblique,20
110,Greenville (south),116,reverse oblique,26
110,Greenville (south),117,reverse oblique,25
110,Greenville (south),118,reverse oblique,33
110,Greenville (south),119,reverse oblique,30
110,Greenville (south),120,reverse oblique,26
110,Greenville (south),121,reverse oblique,27
110,Greenville (south),122,reverse oblique,8
110,Greenville (south),123,reverse oblique,18
110,Greenville (south),124,reverse oblique,10
110,Greenville (south),125,reverse oblique,11
110,Greenville (south),126,reverse oblique,2
110,Greenville (south),127,reverse oblique,19
110,Greenville (south),128,reverse oblique,7
110,Greenville (south),129,reverse oblique,18
110,Greenville (south),130,reverse oblique,18
110,Greenville (south),131,reverse oblique,14
110,Greenville (south),132,reverse oblique,30
110,Greenville (south),133,reverse oblique,21
110,Greenville (south),134,reverse oblique,9
110,Greenville (south),135,reverse oblique,21
110,Greenville (south),136,reverse oblique,14
110,Greenville (south),137,reverse oblique,11
110,Greenville (south),138,reverse oblique,26
110,Greenville (south),139,reverse oblique,5
110,Greenville (south),140,reverse oblique,13
110,Greenville (south),141,reverse oblique,10
110,Greenville (south),142,reverse oblique,5
110,Greenville (south),143,reverse oblique,5
110,Greenville (south),144,reverse oblique,12
110,Greenville (south),147,reverse oblique,2
110,Greenville (south),148,reverse oblique,3
110,Greenville (south),149,reverse oblique,6
110,Greenville (south),150,reverse oblique,10
110,Greenville (south),151,reverse oblique,4
110,Greenville (south),152,reverse oblique,14
110,Greenville (south),153,reverse oblique,2
110,Greenville (south),154,reverse oblique,17
110,Greenville (south),155,reverse oblique,16
110,Greenville (south),156,reverse oblique,32
110,Greenville (south),157,reverse oblique,39
110,Greenville (south),158,reverse oblique,57
110,Greenville (south),159,reverse oblique,60
110,Greenville (south),160,strike-slip,79
110,Greenville (south),161,strike-slip,86
110,Greenville (south),162,strike-slip,117
110,Greenville (south),163,strike-slip,116
110,Greenville (south),164,strike-slip,154
110,Greenville (south),165,strike-slip,156
110,Greenville (south),166,strike-slip,153
110,Greenville (south),167,strike-slip,144
110,Greenville (south),168,strike-slip,214
110,Greenville (south),169,strike-slip,191
110,Greenville (south),170,strike-slip,238
110,Greenville (south),171,strike-slip,51
110,Greenville (south),172,strike-slip,60
110,Greenville (south),173,strike-slip,95
110,Greenville (south),174,strike-slip,145
110,Greenville (south),175,strike-slip,74
110,Greenville (south),180,strike-slip,210
111,Hartley Springs,-90,normal,23
112,Hat Creek - McArthur - Mayfield,-90,normal,1520
113,Hector Mine,180,strike-slip,130
114,Helendale - Lockhart (south),103,reverse,2
114,Helendale - Lockhart (south),109,reverse,5
114,Helendale - Lockhart (south),114,reverse oblique,4
114,Helendale - Lockhart (south),117,reverse oblique,3
114,Helendale - Lockhart (south),120,reverse oblique,5
114,Helendale - Lockhart (south),124,reverse oblique,10
114,Helendale - Lockhart (south),128,reverse oblique,7
114,Helendale - Lockhart (south),130,reverse oblique,5
114,Helendale - Lockhart (south),132,reverse oblique,8
114,Helendale - Lockhart (south),136,reverse oblique,15
114,Helendale - Lockhart (south),139,reverse oblique,10
114,Helendale - Lockhart (south),140,reverse oblique,7
114,Helendale - Lockhart (south),141,reverse oblique,11
114,Helendale - Lockhart (south),144,reverse oblique,20
114,Helendale - Lockhart (south),146,reverse oblique,13
114,Helendale - Lockhart (south),147,reverse oblique,9
114,Helendale - Lockhart (south),148,reverse oblique,14
114,Helendale - Lockhart (south),150,reverse oblique,25
114,Helendale - Lockhart (south),151,reverse oblique,16
114,Helendale - Lockhart (south),152,reverse oblique,11
114,Helendale - Lockhart (south),153,reverse oblique,17
114,Helendale - Lockhart (south),154,reverse oblique,30
114,Helendale - Lockhart (south),156,reverse oblique,31
114,Helendale - Lockhart (south),157,reverse oblique,32
114,Helendale - Lockhart (south),158,reverse oblique,18
114,Helendale - Lockhart (south),159,reverse oblique,15
114,Helendale - Lockhart (south),160,strike-slip,16
114,Helendale - Lockhart (south),161,strike-slip,17
114,Helendale - Lockhart (south),162,strike-slip,18
114,Helendale - Lockhart (south),164,strike-slip,36
114,Helendale - Lockhart (south),165,strike-slip,18
114,Helendale - Lockhart (south),180,strike-slip,1632
115,Hilton Creek,-90,normal,90
116,Hollywood,30,reverse oblique,29
116,Hollywood,33,reverse oblique,12
116,Hollywood,34,reverse oblique,28
116,Hollywood,35,reverse oblique,18
116,Hollywood,36,reverse oblique,30
116,Hollywood,37,reverse oblique,34
116,Hollywood,38,reverse oblique,54
116,Hollywood,39,reverse oblique,42
116,Hollywood,40,reverse oblique,62
116,Hollywood,41,reverse oblique,41
116,Hollywood,42,reverse oblique,95
116,Hollywood,43,reverse oblique,78
116,Hollywood,44,reverse oblique,146
116,Hollywood,45,reverse oblique,136
116,Hollywood,46,reverse oblique,192
116,Hollywood,47,reverse oblique,134
116,Hollywood,48,reverse oblique,161
116,Hollywood,49,reverse oblique,126
116,Hollywood,50,reverse oblique,181
116,Hollywood,51,reverse oblique,167
116,Hollywood,52,reverse oblique,235
116,Hollywood,53,reverse oblique,184
116,Hollywood,54,reverse oblique,230
116,Hollywood,55,reverse oblique,163
116,Hollywood,56,reverse oblique,193
116,Hollywood,57,reverse oblique,204
116,Hollywood,58,reverse oblique,240
116,Hollywood,59,reverse oblique,221
116,Hollywood,60,reverse oblique,215
116,Hollywood,61,reverse oblique,171
116,Hollywood,62,reverse oblique,214
116,Hollywood,63,reverse oblique,159
116,Hollywood,64,reverse oblique,151
116,Hollywood,65,reverse oblique,132
116,Hollywood,66,reverse oblique,180
116,Hollywood,67,reverse oblique,106
116,Hollywood,68,reverse oblique,121
116,Hollywood,69,reverse oblique,107
116,Hollywood,70,reverse,118
116,Hollywood,71,reverse,83
116,Hollywood,72,reverse,95
116,Hollywood,73,reverse,73
116,Hollywood,74,reverse,83
116,Hollywood,75,reverse,49
116,Hollywood,76,reverse,66
116,Hollywood,77,reverse,42
116,Hollywood,78,reverse,69
116,Hollywood,79,reverse,55
116,Hollywood,80,reverse,41
116,Hollywood,81,reverse,47
116,Hollywood,82,reverse,53
116,Hollywood,83,reverse,31
116,Hollywood,84,reverse,34
116,Hollywood,85,reverse,19
116,Hollywood,86,reverse,25
116,Hollywood,87,reverse,51
116,Hollywood,88,reverse,32
116,Hollywood,89,reverse,4
116,Hollywood,90,reverse,12
116,Hollywood,91,reverse,37
116,Hollywood,92,reverse,30
116,Hollywood,93,reverse,30
116,Hollywood,94,reverse,14
116,Hollywood,95,reverse,14
116,Hollywood,96,reverse,30
116,Hollywood,97,reverse,13
116,Hollywood,98,reverse,20
116,Hollywood,99,reverse,20
116,Hollywood,100,reverse,15
116,Hollywood,101,reverse,14
116,Hollywood,102,reverse,21
116,Hollywood,103,reverse,12
116,Hollywood,104,reverse,17
116,Hollywood,105,reverse,8
116,Hollywood,106,reverse,15
116,Hollywood,107,reverse,10
116,Hollywood,108,reverse,6
116,Hollywood,109,reverse,10
116,Hollywood,110,reverse oblique,10
116,Hollywood,111,reverse oblique,10
116,Hollywood,112,reverse oblique,4
116,Hollywood,113,reverse oblique,11
116,Hollywood,114,reverse oblique,2
116,Hollywood,115,reverse oblique,13
116,Hollywood,116,reverse oblique,6
116,Hollywood,117,reverse oblique,8
116,Hollywood,118,reverse oblique,17
116,Hollywood,119,reverse oblique,2
116,Hollywood,120,reverse oblique,9
116,Hollywood,121,reverse oblique,16
116,Hollywood,122,reverse oblique,8
116,Hollywood,123,reverse oblique,14
116,Hollywood,124,reverse oblique,12
116,Hollywood,125,reverse oblique,6
116,Hollywood,126,reverse oblique,11
116,Hollywood,127,reverse oblique,8
116,Hollywood,128,reverse oblique,8
116,Hollywood,129,reverse oblique,8
116,Hollywood,130,reverse oblique,17
116,Hollywood,131,reverse oblique,4
116,Hollywood,132,reverse oblique,11
116,Hollywood,133,reverse oblique,2
116,Hollywood,134,reverse oblique,14
116,Hollywood,135,reverse oblique,15
116,Hollywood,136,reverse oblique,4
116,Hollywood,137,reverse oblique,8
116,Hollywood,138,reverse oblique,16
116,Hollywood,139,reverse oblique,6
116,Hollywood,140,reverse oblique,12
116,Hollywood,141,reverse oblique,14
116,Hollywood,142,reverse oblique,13
116,Hollywood,143,reverse oblique,18
116,Hollywood,144,reverse oblique,21
116,Hollywood,145,reverse oblique,18
116,Hollywood,146,reverse oblique,15
116,Hollywood,147,reverse oblique,15
116,Hollywood,148,reverse oblique,19
116,Hollywood,149,reverse oblique,10
116,Hollywood,150,reverse oblique,13
116,Hollywood,151,reverse oblique,22
116,Hollywood,152,reverse oblique,15
116,Hollywood,153,reverse oblique,23
116,Hollywood,154,reverse oblique,13
116,Hollywood,155,reverse oblique,13
116,Hollywood,156,reverse oblique,2
116,Hollywood,157,reverse oblique,4
116,Hollywood,158,reverse oblique,6
116,Hollywood,159,reverse oblique,8
116,Hollywood,160,strike-slip,9
116,Hollywood,161,strike-slip,10
116,Hollywood,162,strike-slip,13
116,Hollywood,163,strike-slip,10
116,Hollywood,164,strike-slip,4
116,Hollywood,165,strike-slip,2
118,Holser [2],49,reverse oblique,2
118,Holser [2],50,reverse oblique,2
118,Holser [2],52,reverse oblique,6
118,Holser [2],53,reverse oblique,2
118,Holser [2],54,reverse oblique,2
118,Holser [2],55,reverse oblique,2
118,Holser [2],56,reverse oblique,2
118,Holser [2],58,reverse oblique,2
118,Holser [2],61,reverse oblique,2
118,Holser [2],64,reverse oblique,2
118,Holser [2],67,reverse oblique,2
118,Holser [2],71,reverse,2
118,Holser [2],74,reverse,2
118,Holser [2],76,reverse,2
118,Holser [2],78,reverse,36
118,Holser [2],79,reverse,64
118,Holser [2],80,reverse,118
118,Holser [2],81,reverse,106
118,Holser [2],82,reverse,186
118,Holser [2],83,reverse,228
118,Holser [2],84,reverse,440
118,Holser [2],85,reverse,472
118,Holser [2],86,reverse,592
118,Holser [2],87,reverse,216
118,Holser [2],88,reverse,228
118,Holser [2],89,reverse,14
118,Holser [2],90,reverse,3686
118,Holser [2],91,reverse,240
118,Holser [2],92,reverse,170
118,Holser [2],93,reverse,26
118,Holser [2],94,reverse,38
118,Holser [2],95,reverse,40
118,Holser [2],96,reverse,60
118,Holser [2],97,reverse,64
118,Holser [2],98,reverse,72
118,Holser [2],99,reverse,66
118,Holser [2],100,reverse,76
118,Holser [2],101,reverse,58
118,Holser [2],102,reverse,82
118,Holser [2],103,reverse,52
118,Holser [2],104,reverse,64
118,Holser [2],105,reverse,58
118,Holser [2],106,reverse,60
118,Holser [2],107,reverse,50
118,Holser [2],108,reverse,64
118,Holser [2],109,reverse,64
118,Holser [2],110,reverse oblique,54
118,Holser [2],111,reverse oblique,38
118,Holser [2],112,reverse oblique,54
118,Holser [2],113,reverse oblique,46
118,Holser [2],114,reverse oblique,34
118,Holser [2],115,reverse oblique,36
118,Holser [2],116,reverse oblique,24
118,Holser [2],117,reverse oblique,28
118,Holser [2],118,reverse oblique,18
118,Holser [2],119,reverse oblique,22
118,Holser [2],120,reverse oblique,8
118,Holser [2],121,reverse oblique,12
118,Holser [2],122,reverse oblique,10
118,Holser [2],123,reverse oblique,12
118,Holser [2],124,reverse oblique,10
118,Holser [2],125,reverse oblique,12
118,Holser [2],126,reverse oblique,14
118,Holser [2],127,reverse oblique,8
118,Holser [2],128,reverse oblique,12
118,Holser [2],129,reverse oblique,6
118,Holser [2],130,reverse oblique,12
118,Holser [2],131,reverse oblique,10
118,Holser [2],132,reverse oblique,10
118,Holser [2],133,reverse oblique,2
118,Holser [2],134,reverse oblique,6
118,Holser [2],135,reverse oblique,8
118,Holser [2],136,reverse oblique,4
118,Holser [2],137,reverse oblique,4
118,Holser [2],138,reverse oblique,4
118,Holser [2],141,reverse oblique,2
119,Homestead Valley,180,strike-slip,558
120,Honey Lake,180,strike-slip,665
121,Hosgri,87,reverse,4
121,Hosgri,88,reverse,4
121,Hosgri,89,reverse,9
121,Hosgri,90,reverse,14
121,Hosgri,91,reverse,12
121,Hosgri,92,reverse,21
121,Hosgri,93,reverse,19
121,Hosgri,94,reverse,41
121,Hosgri,95,reverse,55
121,Hosgri,96,reverse,56
121,Hosgri,97,reverse,71
121,Hosgri,98,reverse,103
121,Hosgri,99,reverse,106
121,Hosgri,100,reverse,131
121,Hosgri,101,reverse,144
121,Hosgri,102,reverse,188
121,Hosgri,103,reverse,172
121,Hosgri,104,reverse,226
121,Hosgri,105,reverse,188
121,Hosgri,106,reverse,264
121,Hosgri,107,reverse,224
121,Hosgri,108,reverse,305
121,Hosgri,109,reverse,251
121,Hosgri,110,reverse oblique,368
121,Hosgri,111,reverse oblique,356
121,Hosgri,112,reverse oblique,350
121,Hosgri,113,reverse oblique,381
121,Hosgri,114,reverse oblique,412
121,Hosgri,115,reverse oblique,385
121,Hosgri,116,reverse oblique,497
121,Hosgri,117,reverse oblique,334
121,Hosgri,118,reverse oblique,638
121,Hosgri,119,reverse oblique,377
121,Hosgri,120,reverse oblique,609
121,Hosgri,121,reverse oblique,494
121,Hosgri,122,reverse oblique,689
121,Hosgri,123,reverse oblique,544
121,Hosgri,124,reverse oblique,682
121,Hosgri,125,reverse oblique,588
121,Hosgri,126,reverse oblique,799
121,Hosgri,127,reverse oblique,561
121,Hosgri,128,reverse oblique,785
121,Hosgri,129,reverse oblique,602
121,Hosgri,130,reverse oblique,891
121,Hosgri,131,reverse oblique,710
121,Hosgri,132,reverse oblique,759
121,Hosgri,133,reverse oblique,737
121,Hosgri,134,reverse oblique,792
121,Hosgri,135,reverse oblique,556
121,Hosgri,136,reverse oblique,1015
121,Hosgri,137,reverse oblique,848
121,Hosgri,138,reverse oblique,872
121,Hosgri,139,reverse oblique,859
121,Hosgri,140,reverse oblique,926
121,Hosgri,141,reverse oblique,826
121,Hosgri,142,reverse oblique,1041
121,Hosgri,143,reverse oblique,973
121,Hosgri,144,reverse oblique,1147
121,Hosgri,145,reverse oblique,1104
121,Hosgri,146,reverse oblique,1137
121,Hosgri,147,reverse oblique,1011
121,Hosgri,148,reverse oblique,1418
121,Hosgri,149,reverse oblique,1092
121,Hosgri,150,reverse oblique,1474
121,Hosgri,151,reverse oblique,1331
121,Hosgri,152,reverse oblique,1734
121,Hosgri,153,reverse oblique,1466
121,Hosgri,154,reverse oblique,2049
121,Hosgri,155,reverse oblique,1619
121,Hosgri,156,reverse oblique,2238
121,Hosgri,157,reverse oblique,1927
121,Hosgri,158,reverse oblique,2365
121,Hosgri,159,reverse oblique,2104
121,Hosgri,160,strike-slip,3209
121,Hosgri,161,strike-slip,2821
121,Hosgri,162,strike-slip,3777
121,Hosgri,163,strike-slip,3504
121,Hosgri,164,strike-slip,4944
121,Hosgri,165,strike-slip,4404
121,Hosgri,166,strike-slip,6096
121,Hosgri,167,strike-slip,5594
121,Hosgri,168,strike-slip,7874
121,Hosgri,169,strike-slip,6432
121,Hosgri,170,strike-slip,8701
121,Hosgri,171,strike-slip,7678
121,Hosgri,172,strike-slip,10254
121,Hosgri,173,strike-slip,8943
121,Hosgri,174,strike-slip,11978
121,Hosgri,175,strike-slip,10609
121,Hosgri,176,strike-slip,13987
121,Hosgri,177,strike-slip,18603
121,Hosgri,178,strike-slip,39100
121,Hosgri,179,strike-slip,11914
121,Hosgri,180,strike-slip,79826
122,Hosgri (extension),167,strike-slip,5
122,Hosgri (extension),168,strike-slip,65
122,Hosgri (extension),169,strike-slip,35
122,Hosgri (extension),170,strike-slip,70
122,Hosgri (extension),171,strike-slip,35
122,Hosgri (extension),172,strike-slip,62
122,Hosgri (extension),173,strike-slip,17
122,Hosgri (extension),174,strike-slip,29
122,Hosgri (extension),175,strike-slip,18
122,Hosgri (extension),176,strike-slip,35
122,Hosgri (extension),177,strike-slip,136
122,Hosgri (extension),178,strike-slip,1087
122,Hosgri (extension),179,strike-slip,35
122,Hosgri (extension),180,strike-slip,4396
123,Hunter Mountain - Saline Valley,-150,normal oblique,1825
123,Hunter Mountain - Saline Valley,-148,normal oblique,20
123,Hunter Mountain - Saline Valley,-146,normal oblique,11
123,Hunter Mountain - Saline Valley,-145,normal oblique,11
123,Hunter Mountain - Saline Valley,-144,normal oblique,6
123,Hunter Mountain - Saline Valley,-143,normal oblique,43
123,Hunter Mountain - Saline Valley,-142,normal oblique,45
123,Hunter Mountain - Saline Valley,-141,normal oblique,11
123,Hunter Mountain - Saline Valley,-140,normal oblique,24
123,Hunter Mountain - Saline Valley,-139,normal oblique,13
123,Hunter Mountain - Saline Valley,-138,normal oblique,12
123,Hunter Mountain - Saline Valley,-137,normal oblique,8
123,Hunter Mountain - Saline Valley,-136,normal oblique,5
123,Hunter Mountain - Saline Valley,-135,normal oblique,6
123,Hunter Mountain - Saline Valley,-134,normal oblique,5
123,Hunter Mountain - Saline Valley,-132,normal oblique,6
123,Hunter Mountain - Saline Valley,-131,normal oblique,5
123,Hunter Mountain - Saline Valley,-129,normal oblique,5
123,Hunter Mountain - Saline Valley,-126,normal oblique,5
123,Hunter Mountain - Saline Valley,-123,normal oblique,5
123,Hunter Mountain - Saline Valley,-120,normal oblique,5
124,Hunting Creek - Bartlett Springs (connector),114,reverse oblique,2
124,Hunting Creek - Bartlett Springs (connector),116,reverse oblique,3
124,Hunting Creek - Bartlett Springs (connector),118,reverse oblique,4
124,Hunting Creek - Bartlett Springs (connector),120,reverse oblique,7
124,Hunting Creek - Bartlett Springs (connector),122,reverse oblique,9
124,Hunting Creek - Bartlett Springs (connector),124,reverse oblique,11
124,Hunting Creek - Bartlett Springs (connector),127,reverse oblique,5
124,Hunting Creek - Bartlett Springs (connector),129,reverse oblique,6
124,Hunting Creek - Bartlett Springs (connector),130,reverse oblique,7
124,Hunting Creek - Bartlett Springs (connector),131,reverse oblique,7
124,Hunting Creek - Bartlett Springs (connector),133,reverse oblique,7
124,Hunting Creek - Bartlett Springs (connector),137,reverse oblique,7
124,Hunting Creek - Bartlett Springs (connector),140,reverse oblique,7
124,Hunting Creek - Bartlett Springs (connector),143,reverse oblique,2
124,Hunting Creek - Bartlett Springs (connector),146,reverse oblique,3
124,Hunting Creek - Bartlett Springs (connector),148,reverse oblique,4
124,Hunting Creek - Bartlett Springs (connector),149,reverse oblique,2
124,Hunting Creek - Bartlett Springs (connector),150,reverse oblique,14
124,Hunting Creek - Bartlett Springs (connector),151,reverse oblique,11
124,Hunting Creek - Bartlett Springs (connector),152,reverse oblique,18
124,Hunting Creek - Bartlett Springs (connector),153,reverse oblique,9
124,Hunting Creek - Bartlett Springs (connector),154,reverse oblique,25
124,Hunting Creek - Bartlett Springs (connector),155,reverse oblique,16
124,Hunting Creek - Bartlett Springs (connector),156,reverse oblique,13
124,Hunting Creek - Bartlett Springs (connector),157,reverse oblique,19
124,Hunting Creek - Bartlett Springs (connector),158,reverse oblique,42
124,Hunting Creek - Bartlett Springs (connector),159,reverse oblique,17
124,Hunting Creek - Bartlett Springs (connector),160,strike-slip,40
124,Hunting Creek - Bartlett Springs (connector),161,strike-slip,49
124,Hunting Creek - Bartlett Springs (connector),162,strike-slip,67
124,Hunting Creek - Bartlett Springs (connector),163,strike-slip,56
124,Hunting Creek - Bartlett Springs (connector),164,strike-slip,107
124,Hunting Creek - Bartlett Springs (connector),165,strike-slip,132
124,Hunting Creek - Bartlett Springs (connector),166,strike-slip,190
124,Hunting Creek - Bartlett Springs (connector),167,strike-slip,177
124,Hunting Creek - Bartlett Springs (connector),168,strike-slip,336
124,Hunting Creek - Bartlett Springs (connector),169,strike-slip,334
124,Hunting Creek - Bartlett Springs (connector),170,strike-slip,399
124,Hunting Creek - Bartlett Springs (connector),171,strike-slip,207
124,Hunting Creek - Bartlett Springs (connector),172,strike-slip,376
124,Hunting Creek - Bartlett Springs (connector),173,strike-slip,413
124,Hunting Creek - Bartlett Springs (connector),174,strike-slip,525
124,Hunting Creek - Bartlett Springs (connector),175,strike-slip,280
124,Hunting Creek - Bartlett Springs (connector),176,strike-slip,98
124,Hunting Creek - Bartlett Springs (connector),177,strike-slip,56
124,Hunting Creek - Bartlett Springs (connector),178,strike-slip,7
124,Hunting Creek - Bartlett Springs (connector),180,strike-slip,4406
125,Hunting Creek - Berryessa,101,reverse,2
125,Hunting Creek - Berryessa,103,reverse,3
125,Hunting Creek - Berryessa,104,reverse,6
125,Hunting Creek - Berryessa,106,reverse,8
125,Hunting Creek - Berryessa,107,reverse,2
125,Hunting Creek - Berryessa,108,reverse,13
125,Hunting Creek - Berryessa,109,reverse,7
125,Hunting Creek - Berryessa,110,reverse oblique,7
125,Hunting Creek - Berryessa,111,reverse oblique,11
125,Hunting Creek - Berryessa,112,reverse oblique,8
125,Hunting Creek - Berryessa,113,reverse oblique,9
125,Hunting Creek - Berryessa,114,reverse oblique,17
125,Hunting Creek - Berryessa,115,reverse oblique,2
125,Hunting Creek - Berryessa,116,reverse oblique,15
125,Hunting Creek - Berryessa,117,reverse oblique,3
125,Hunting Creek - Berryessa,118,reverse oblique,18
125,Hunting Creek - Berryessa,120,reverse oblique,18
125,Hunting Creek - Berryessa,122,reverse oblique,14
125,Hunting Creek - Berryessa,123,reverse oblique,2
125,Hunting Creek - Berryessa,124,reverse oblique,17
125,Hunting Creek - Berryessa,127,reverse oblique,11
125,Hunting Creek - Berryessa,129,reverse oblique,7
125,Hunting Creek - Berryessa,130,reverse oblique,7
125,Hunting Creek - Berryessa,131,reverse oblique,12
125,Hunting Creek - Berryessa,133,reverse oblique,7
125,Hunting Creek - Berryessa,134,reverse oblique,8
125,Hunting Creek - Berryessa,136,reverse oblique,10
125,Hunting Creek - Berryessa,137,reverse oblique,7
125,Hunting Creek - Berryessa,139,reverse oblique,14
125,Hunting Creek - Berryessa,140,reverse oblique,7
125,Hunting Creek - Berryessa,141,reverse oblique,17
125,Hunting Creek - Berryessa,143,reverse oblique,19
125,Hunting Creek - Berryessa,145,reverse oblique,12
125,Hunting Creek - Berryessa,146,reverse oblique,12
125,Hunting Creek - Berryessa,147,reverse oblique,14
125,Hunting Creek - Berryessa,148,reverse oblique,30
125,Hunting Creek - Berryessa,149,reverse oblique,6
125,Hunting Creek - Berryessa,150,reverse oblique,35
125,Hunting Creek - Berryessa,151,reverse oblique,19
125,Hunting Creek - Berryessa,152,reverse oblique,41
125,Hunting Creek - Berryessa,153,reverse oblique,26
125,Hunting Creek - Berryessa,154,reverse oblique,49
125,Hunting Creek - Berryessa,155,reverse oblique,54
125,Hunting Creek - Berryessa,156,reverse oblique,56
125,Hunting Creek - Berryessa,157,reverse oblique,68
125,Hunting Creek - Berryessa,158,reverse oblique,98
125,Hunting Creek - Berryessa,159,reverse oblique,80
125,Hunting Creek - Berryessa,160,strike-slip,132
125,Hunting Creek - Berryessa,161,strike-slip,126
125,Hunting Creek - Berryessa,162,strike-slip,200
125,Hunting Creek - Berryessa,163,strike-slip,193
125,Hunting Creek - Berryessa,164,strike-slip,233
125,Hunting Creek - Berryessa,165,strike-slip,222
125,Hunting Creek - Berryessa,166,strike-slip,306
125,Hunting Creek - Berryessa,167,strike-slip,265
125,Hunting Creek - Berryessa,168,strike-slip,378
125,Hunting Creek - Berryessa,169,strike-slip,348
125,Hunting Creek - Berryessa,170,strike-slip,406
125,Hunting Creek - Berryessa,171,strike-slip,210
125,Hunting Creek - Berryessa,172,strike-slip,324
125,Hunting Creek - Berryessa,173,strike-slip,409
125,Hunting Creek - Berryessa,174,strike-slip,525
125,Hunting Creek - Berryessa,175,strike-slip,280
125,Hunting Creek - Berryessa,176,strike-slip,98
125,Hunting Creek - Berryessa,177,strike-slip,56
125,Hunting Creek - Berryessa,178,strike-slip,7
125,Hunting Creek - Berryessa,180,strike-slip,3613
126,Imperial,162,strike-slip,5
126,Imperial,163,strike-slip,9
126,Imperial,164,strike-slip,23
126,Imperial,165,strike-slip,26
126,Imperial,166,strike-slip,40
126,Imperial,167,strike-slip,54
126,Imperial,168,strike-slip,68
126,Imperial,169,strike-slip,18
126,Imperial,170,strike-slip,27
126,Imperial,172,strike-slip,14
126,Imperial,173,strike-slip,49
126,Imperial,174,strike-slip,59
126,Imperial,175,strike-slip,148
126,Imperial,176,strike-slip,108
126,Imperial,177,strike-slip,54
126,Imperial,178,strike-slip,761
126,Imperial,179,strike-slip,1075
126,Imperial,180,strike-slip,20277
127,Independence,-140,normal oblique,2
127,Independence,-134,normal oblique,2
127,Independence,-129,normal oblique,3
127,Independence,-126,normal oblique,2
127,Independence,-123,normal oblique,5
127,Independence,-121,normal oblique,4
127,Independence,-117,normal oblique,3
127,Independence,-116,normal oblique,14
127,Independence,-114,normal oblique,2
127,Independence,-113,normal oblique,4
127,Independence,-112,normal oblique,6
127,Independence,-111,normal oblique,7
127,Independence,-110,normal,14
127,Independence,-109,normal,9
127,Independence,-108,normal,19
127,Independence,-107,normal,18
127,Independence,-106,normal,24
127,Independence,-105,normal,28
127,Independence,-104,normal,58
127,Independence,-103,normal,38
127,Independence,-102,normal,69
127,Independence,-101,normal,56
127,Independence,-100,normal,74
127,Independence,-99,normal,75
127,Independence,-98,normal,31
127,Independence,-97,normal,25
127,Independence,-96,normal,15
127,Independence,-95,normal,15
127,Independence,-94,normal,26
127,Independence,-90,normal,598
128,Jess Valley,-90,normal,30
129,Johnson Valley (north),180,strike-slip,177
130,Joshua Tree (seismicity),180,strike-slip,284
131,Keddie Ridge,-135,normal oblique,212
131,Keddie Ridge,-123,normal oblique,5
131,Keddie Ridge,-120,normal oblique,4
131,Keddie Ridge,-118,normal oblique,5
131,Keddie Ridge,-117,normal oblique,3
131,Keddie Ridge,-116,normal oblique,4
131,Keddie Ridge,-115,normal oblique,5
131,Keddie Ridge,-112,normal oblique,14
131,Keddie Ridge,-110,normal,9
131,Keddie Ridge,-109,normal,3
131,Keddie Ridge,-108,normal,11
131,Keddie Ridge,-107,normal,3
131,Keddie Ridge,-106,normal,4
131,Keddie Ridge,-105,normal,5
131,Keddie Ridge,-103,normal,3
131,Keddie Ridge,-102,normal,2
131,Keddie Ridge,-101,normal,2
131,Keddie Ridge,-100,normal,2
132,Kern Canyon (Lake Isabella),-90,normal,253
132,Kern Canyon (Lake Isabella),-87,normal,25
132,Kern Canyon (Lake Isabella),-86,normal,20
132,Kern Canyon (Lake Isabella),-85,normal,30
132,Kern Canyon (Lake Isabella),-84,normal,56
132,Kern Canyon (Lake Isabella),-83,normal,58
132,Kern Canyon (Lake Isabella),-82,normal,43
132,Kern Canyon (Lake Isabella),-81,normal,20
132,Kern Canyon (Lake Isabella),-80,normal,31
132,Kern Canyon (Lake Isabella),-79,normal,27
132,Kern Canyon (Lake Isabella),-78,normal,10
132,Kern Canyon (Lake Isabella),-77,normal,23
132,Kern Canyon (Lake Isabella),-76,normal,10
132,Kern Canyon (Lake Isabella),-75,normal,14
132,Kern Canyon (Lake Isabella),-74,normal,7
132,Kern Canyon (Lake Isabella),-73,normal,20
132,Kern Canyon (Lake Isabella),-72,normal,5
132,Kern Canyon (Lake Isabella),-70,normal oblique,10
132,Kern Canyon (Lake Isabella),-69,normal oblique,10
132,Kern Canyon (Lake Isabella),-68,normal oblique,9
132,Kern Canyon (Lake Isabella),-66,normal oblique,9
132,Kern Canyon (Lake Isabella),-65,normal oblique,10
132,Kern Canyon (Lake Isabella),-64,normal oblique,9
132,Kern Canyon (Lake Isabella),-63,normal oblique,5
132,Kern Canyon (Lake Isabella),-60,normal oblique,10
132,Kern Canyon (Lake Isabella),-59,normal oblique,8
132,Kern Canyon (Lake Isabella),-58,normal oblique,5
132,Kern Canyon (Lake Isabella),-57,normal oblique,3
132,Kern Canyon (Lake Isabella),-54,normal oblique,13
132,Kern Canyon (Lake Isabella),-53,normal oblique,5
132,Kern Canyon (Lake Isabella),-52,normal oblique,5
132,Kern Canyon (Lake Isabella),-50,normal oblique,5
132,Kern Canyon (Lake Isabella),-46,normal oblique,14
132,Kern Canyon (Lake Isabella),-42,normal oblique,2
132,Kern Canyon (Lake Isabella),-40,normal oblique,4
132,Kern Canyon (Lake Isabella),-39,normal oblique,3
132,Kern Canyon (Lake Isabella),-38,normal oblique,3
132,Kern Canyon (Lake Isabella),-37,normal oblique,4
132,Kern Canyon (Lake Isabella),-36,normal oblique,5
132,Kern Canyon (Lake Isabella),-35,normal oblique,2
132,Kern Canyon (Lake Isabella),-32,normal oblique,3
132,Kern Canyon (Lake Isabella),-28,normal oblique,2
132,Kern Canyon (Lake Isabella),-23,normal oblique,2
132,Kern Canyon (Lake Isabella),-20,strike-slip,5
132,Kern Canyon (Lake Isabella),-19,strike-slip,4
132,Kern Canyon (Lake Isabella),-17,strike-slip,3
132,Kern Canyon (Lake Isabella),-14,strike-slip,2
132,Kern Canyon (Lake Isabella),-6,strike-slip,5
132,Kern Canyon (Lake Isabella),-2,strike-slip,4
132,Kern Canyon (Lake Isabella),2,strike-slip,3
132,Kern Canyon (Lake Isabella),6,strike-slip,5
132,Kern Canyon (Lake Isabella),8,strike-slip,2
132,Kern Canyon (Lake Isabella),10,strike-slip,4
132,Kern Canyon (Lake Isabella),16,strike-slip,3
132,Kern Canyon (Lake Isabella),19,strike-slip,4
132,Kern Canyon (Lake Isabella),22,reverse oblique,2
132,Kern Canyon (Lake Isabella),25,reverse oblique,3
132,Kern Canyon (Lake Isabella),31,reverse oblique,5
132,Kern Canyon (Lake Isabella),36,reverse oblique,2
132,Kern Canyon (Lake Isabella),40,reverse oblique,2
133,Kern Canyon (north),-90,normal,347
133,Kern Canyon (north),-87,normal,25
133,Kern Canyon (north),-86,normal,15
133,Kern Canyon (north),-85,normal,19
133,Kern Canyon (north),-84,normal,61
133,Kern Canyon (north),-83,normal,54
133,Kern Canyon (north),-82,normal,41
133,Kern Canyon (north),-81,normal,10
133,Kern Canyon (north),-80,normal,6
133,Kern Canyon (north),-79,normal,5
133,Kern Canyon (north),-78,normal,15
133,Kern Canyon (north),-76,normal,7
133,Kern Canyon (north),-75,normal,11
133,Kern Canyon (north),-74,normal,9
133,Kern Canyon (north),-73,normal,9
133,Kern Canyon (north),-72,normal,13
133,Kern Canyon (north),-71,normal,11
133,Kern Canyon (north),-70,normal oblique,11
133,Kern Canyon (north),-69,normal oblique,9
133,Kern Canyon (north),-68,normal oblique,5
133,Kern Canyon (north),-67,normal oblique,5
133,Kern Canyon (north),-66,normal oblique,4
133,Kern Canyon (north),-65,normal oblique,4
133,Kern Canyon (north),-64,normal oblique,3
133,Kern Canyon (north),-62,normal oblique,2
134,Kern Canyon (south),-90,normal,450
134,Kern Canyon (south),-87,normal,30
134,Kern Canyon (south),-86,normal,24
134,Kern Canyon (south),-85,normal,33
134,Kern Canyon (south),-84,normal,69
134,Kern Canyon (south),-83,normal,80
134,Kern Canyon (south),-82,normal,77
134,Kern Canyon (south),-81,normal,33
134,Kern Canyon (south),-80,normal,36
134,Kern Canyon (south),-79,normal,35
134,Kern Canyon (south),-78,normal,31
134,Kern Canyon (south),-77,normal,17
134,Kern Canyon (south),-76,normal,21
134,Kern Canyon (south),-75,normal,22
134,Kern Canyon (south),-74,normal,22
134,Kern Canyon (south),-73,normal,23
134,Kern Canyon (south),-72,normal,18
134,Kern Canyon (south),-71,normal,17
134,Kern Canyon (south),-70,normal oblique,22
134,Kern Canyon (south),-69,normal oblique,18
134,Kern Canyon (south),-68,normal oblique,12
134,Kern Canyon (south),-67,normal oblique,22
134,Kern Canyon (south),-66,normal oblique,8
134,Kern Canyon (south),-65,normal oblique,17
134,Kern Canyon (south),-64,normal oblique,12
134,Kern Canyon (south),-63,normal oblique,5
134,Kern Canyon (south),-62,normal oblique,6
134,Kern Canyon (south),-60,normal oblique,15
134,Kern Canyon (south),-59,normal oblique,5
134,Kern Canyon (south),-58,normal oblique,10
134,Kern Canyon (south),-56,normal oblique,10
134,Kern Canyon (south),-55,normal oblique,6
134,Kern Canyon (south),-53,normal oblique,5
134,Kern Canyon (south),-52,normal oblique,4
134,Kern Canyon (south),-50,normal oblique,14
134,Kern Canyon (south),-46,normal oblique,3
134,Kern Canyon (south),-43,normal oblique,4
134,Kern Canyon (south),-42,normal oblique,3
134,Kern Canyon (south),-38,normal oblique,4
134,Kern Canyon (south),-35,normal oblique,3
134,Kern Canyon (south),-30,normal oblique,2
134,Kern Canyon (south),-25,normal oblique,2
135,Kickapoo,180,strike-slip,120
136,King Range,90,reverse,77
136,King Range,100,reverse,7
136,King Range,102,reverse,6
136,King Range,104,reverse,5
136,King Range,105,reverse,7
136,King Range,107,reverse,10
136,King Range,109,reverse,7
136,King Range,110,reverse oblique,13
136,King Range,112,reverse oblique,9
136,King Range,114,reverse oblique,7
136,King Range,115,reverse oblique,4
136,King Range,116,reverse oblique,11
136,King Range,117,reverse oblique,6
136,King Range,118,reverse oblique,7
136,King Range,119,reverse oblique,8
136,King Range,122,reverse oblique,27
136,King Range,124,reverse oblique,4
136,King Range,125,reverse oblique,7
136,King Range,126,reverse oblique,11
136,King Range,127,reverse oblique,14
136,King Range,128,reverse oblique,4
136,King Range,129,reverse oblique,9
136,King Range,130,reverse oblique,4
136,King Range,131,reverse oblique,13
136,King Range,133,reverse oblique,10
136,King Range,134,reverse oblique,5
136,King Range,135,reverse oblique,7
136,King Range,136,reverse oblique,15
136,King Range,137,reverse oblique,4
136,King Range,138,reverse oblique,13
136,King Range,139,reverse oblique,7
136,King Range,140,reverse oblique,12
136,King Range,141,reverse oblique,21
136,King Range,142,reverse oblique,8
136,King Range,143,reverse oblique,8
136,King Range,144,reverse oblique,20
136,King Range,145,reverse oblique,11
136,King Range,146,reverse oblique,26
136,King Range,147,reverse oblique,13
136,King Range,148,reverse oblique,25
136,King Range,149,reverse oblique,15
136,King Range,150,reverse oblique,29
136,King Range,151,reverse oblique,16
136,King Range,152,reverse oblique,36
136,King Range,153,reverse oblique,31
136,King Range,154,reverse oblique,34
136,King Range,155,reverse oblique,29
136,King Range,156,reverse oblique,49
136,King Range,157,reverse oblique,34
136,King Range,158,reverse oblique,45
136,King Range,159,reverse oblique,40
136,King Range,160,strike-slip,59
136,King Range,161,strike-slip,51
136,King Range,162,strike-slip,62
136,King Range,163,strike-slip,72
136,King Range,164,strike-slip,84
136,King Range,165,strike-slip,84
136,King Range,166,strike-slip,114
136,King Range,167,strike-slip,97
136,King Range,168,strike-slip,130
136,King Range,169,strike-slip,126
136,King Range,170,strike-slip,179
136,King Range,171,strike-slip,199
136,King Range,172,strike-slip,382
136,King Range,173,strike-slip,506
136,King Range,174,strike-slip,1086
136,King Range,175,strike-slip,877
136,King Range,176,strike-slip,222
136,King Range,177,strike-slip,139
136,King Range,178,strike-slip,103
137,La Panza,135,reverse oblique,156
137,La Panza,151,reverse oblique,2
137,La Panza,156,reverse oblique,2
137,La Panza,159,reverse oblique,2
137,La Panza,162,strike-slip,2
137,La Panza,164,strike-slip,2
137,La Panza,165,strike-slip,2
137,La Panza,167,strike-slip,6
137,La Panza,168,strike-slip,6
137,La Panza,169,strike-slip,4
137,La Panza,170,strike-slip,8
137,La Panza,171,strike-slip,12
137,La Panza,172,strike-slip,46
137,La Panza,173,strike-slip,18
137,La Panza,174,strike-slip,26
137,La Panza,175,strike-slip,14
137,La Panza,176,strike-slip,22
137,La Panza,177,strike-slip,32
137,La Panza,178,strike-slip,52
138,Laguna Salada,-127,normal oblique,10
138,Laguna Salada,-125,normal oblique,9
138,Laguna Salada,-122,normal oblique,8
138,Laguna Salada,-119,normal oblique,7
138,Laguna Salada,-117,normal oblique,10
138,Laguna Salada,-115,normal oblique,15
138,Laguna Salada,-112,normal oblique,8
138,Laguna Salada,-111,normal oblique,5
138,Laguna Salada,-110,normal,7
138,Laguna Salada,-107,normal,10
138,Laguna Salada,-104,normal,5
138,Laguna Salada,-103,normal,3
138,Laguna Salada,-102,normal,4
138,Laguna Salada,-99,normal,5
138,Laguna Salada,-96,normal,2
138,Laguna Salada,180,strike-slip,665
139,Lake Isabella (seismicity),-85,normal,2
139,Lake Isabella (seismicity),-84,normal,18
139,Lake Isabella (seismicity),-83,normal,20
139,Lake Isabella (seismicity),-82,normal,20
139,Lake Isabella (seismicity),-81,normal,10
139,Lake Isabella (seismicity),-80,normal,10
139,Lake Isabella (seismicity),-79,normal,10
139,Lake Isabella (seismicity),-78,normal,14
139,Lake Isabella (seismicity),-77,normal,4
139,Lake Isabella (seismicity),-76,normal,7
139,Lake Isabella (seismicity),-75,normal,11
139,Lake Isabella (seismicity),-74,normal,13
139,Lake Isabella (seismicity),-73,normal,9
139,Lake Isabella (seismicity),-72,normal,12
139,Lake Isabella (seismicity),-71,normal,11
139,Lake Isabella (seismicity),-70,normal oblique,14
139,Lake Isabella (seismicity),-69,normal oblique,11
139,Lake Isabella (seismicity),-68,normal oblique,5
139,Lake Isabella (seismicity),-67,normal oblique,14
139,Lake Isabella (seismicity),-66,normal oblique,10
139,Lake Isabella (seismicity),-65,normal oblique,5
139,Lake Isabella (seismicity),-64,normal oblique,7
139,Lake Isabella (seismicity),-63,normal oblique,3
139,Lake Isabella (seismicity),-62,normal oblique,5
139,Lake Isabella (seismicity),-60,normal oblique,18
139,Lake Isabella (seismicity),-58,normal oblique,3
139,Lake Isabella (seismicity),-57,normal oblique,2
139,Lake Isabella (seismicity),-56,normal oblique,9
139,Lake Isabella (seismicity),-55,normal oblique,5
139,Lake Isabella (seismicity),-54,normal oblique,8
139,Lake Isabella (seismicity),-52,normal oblique,9
139,Lake Isabella (seismicity),-50,normal oblique,14
139,Lake Isabella (seismicity),-46,normal oblique,19
139,Lake Isabella (seismicity),-43,normal oblique,5
139,Lake Isabella (seismicity),-42,normal oblique,4
139,Lake Isabella (seismicity),-40,normal oblique,5
139,Lake Isabella (seismicity),-39,normal oblique,2
139,Lake Isabella (seismicity),-38,normal oblique,12
139,Lake Isabella (seismicity),-35,normal oblique,8
139,Lake Isabella (seismicity),-32,normal oblique,5
139,Lake Isabella (seismicity),-30,normal oblique,4
139,Lake Isabella (seismicity),-28,normal oblique,7
139,Lake Isabella (seismicity),-25,normal oblique,5
139,Lake Isabella (seismicity),-23,normal oblique,5
139,Lake Isabella (seismicity),-22,normal oblique,4
139,Lake Isabella (seismicity),-18,strike-slip,5
139,Lake Isabella (seismicity),-15,strike-slip,6
139,Lake Isabella (seismicity),-13,strike-slip,7
139,Lake Isabella (seismicity),-11,strike-slip,8
139,Lake Isabella (seismicity),0,strike-slip,112
140,Las Positas,45,reverse oblique,2
141,Last Chance,-90,normal,16
141,Last Chance,-74,normal,4
141,Last Chance,-69,normal oblique,3
141,Last Chance,-66,normal oblique,4
141,Last Chance,-60,normal oblique,9
141,Last Chance,-52,normal oblique,3
141,Last Chance,-49,normal oblique,2
142,Lenwood - Lockhart - Old Woman Springs,156,reverse oblique,2
142,Lenwood - Lockhart - Old Woman Springs,157,reverse oblique,3
142,Lenwood - Lockhart - Old Woman Springs,158,reverse oblique,4
142,Lenwood - Lockhart - Old Woman Springs,164,strike-slip,5
142,Lenwood - Lockhart - Old Woman Springs,165,strike-slip,4
142,Lenwood - Lockhart - Old Woman Springs,180,strike-slip,2430
143,Likely,180,strike-slip,1520
144,Lions Head,65,reverse oblique,2
144,Lions Head,68,reverse oblique,2
144,Lions Head,69,reverse oblique,3
144,Lions Head,71,reverse,2
144,Lions Head,72,reverse,3
144,Lions Head,74,reverse,2
144,Lions Head,75,reverse,7
144,Lions Head,80,reverse,2
144,Lions Head,81,reverse,7
144,Lions Head,82,reverse,5
144,Lions Head,83,reverse,4
144,Lions Head,84,reverse,9
144,Lions Head,85,reverse,5
144,Lions Head,86,reverse,4
144,Lions Head,87,reverse,9
144,Lions Head,90,reverse,469
144,Lions Head,95,reverse,4
144,Lions Head,97,reverse,8
144,Lions Head,98,reverse,4
144,Lions Head,99,reverse,8
144,Lions Head,100,reverse,15
144,Lions Head,101,reverse,11
144,Lions Head,102,reverse,18
144,Lions Head,103,reverse,17
144,Lions Head,104,reverse,30
144,Lions Head,106,reverse,28
144,Lions Head,107,reverse,18
144,Lions Head,108,reverse,8
144,Lions Head,109,reverse,25
144,Lions Head,110,reverse oblique,25
144,Lions Head,111,reverse oblique,11
144,Lions Head,112,reverse oblique,28
144,Lions Head,113,reverse oblique,15
144,Lions Head,114,reverse oblique,14
144,Lions Head,115,reverse oblique,19
144,Lions Head,116,reverse oblique,4
144,Lions Head,117,reverse oblique,43
144,Lions Head,119,reverse oblique,29
144,Lions Head,120,reverse oblique,19
144,Lions Head,121,reverse oblique,11
144,Lions Head,122,reverse oblique,32
144,Lions Head,123,reverse oblique,32
144,Lions Head,124,reverse oblique,28
144,Lions Head,125,reverse oblique,8
144,Lions Head,126,reverse oblique,32
144,Lions Head,127,reverse oblique,21
144,Lions Head,128,reverse oblique,42
144,Lions Head,129,reverse oblique,18
144,Lions Head,130,reverse oblique,43
144,Lions Head,131,reverse oblique,31
144,Lions Head,132,reverse oblique,32
144,Lions Head,133,reverse oblique,51
144,Lions Head,134,reverse oblique,8
144,Lions Head,136,reverse oblique,120
144,Lions Head,138,reverse oblique,51
144,Lions Head,139,reverse oblique,30
144,Lions Head,140,reverse oblique,46
144,Lions Head,141,reverse oblique,35
144,Lions Head,142,reverse oblique,53
144,Lions Head,143,reverse oblique,51
144,Lions Head,144,reverse oblique,50
144,Lions Head,145,reverse oblique,54
144,Lions Head,146,reverse oblique,55
144,Lions Head,147,reverse oblique,51
144,Lions Head,148,reverse oblique,58
144,Lions Head,149,reverse oblique,60
144,Lions Head,150,reverse oblique,75
144,Lions Head,151,reverse oblique,58
144,Lions Head,152,reverse oblique,82
144,Lions Head,153,reverse oblique,68
144,Lions Head,154,reverse oblique,110
144,Lions Head,155,reverse oblique,75
144,Lions Head,156,reverse oblique,95
144,Lions Head,157,reverse oblique,98
144,Lions Head,158,reverse oblique,118
144,Lions Head,159,reverse oblique,118
144,Lions Head,160,strike-slip,156
144,Lions Head,161,strike-slip,148
144,Lions Head,162,strike-slip,167
144,Lions Head,163,strike-slip,165
144,Lions Head,164,strike-slip,240
144,Lions Head,165,strike-slip,211
144,Lions Head,166,strike-slip,286
144,Lions Head,167,strike-slip,248
144,Lions Head,168,strike-slip,377
144,Lions Head,169,strike-slip,300
144,Lions Head,170,strike-slip,419
144,Lions Head,171,strike-slip,360
144,Lions Head,172,strike-slip,487
144,Lions Head,173,strike-slip,597
144,Lions Head,174,strike-slip,661
144,Lions Head,175,strike-slip,437
144,Lions Head,176,strike-slip,468
144,Lions Head,177,strike-slip,377
144,Lions Head,178,strike-slip,291
144,Lions Head,179,strike-slip,52
145,Little Lake,-156,normal oblique,7
145,Little Lake,-155,normal oblique,13
145,Little Lake,-154,normal oblique,18
145,Little Lake,-153,normal oblique,22
145,Little Lake,-152,normal oblique,25
145,Little Lake,-151,normal oblique,7
145,Little Lake,-150,normal oblique,27
145,Little Lake,-149,normal oblique,27
145,Little Lake,-148,normal oblique,15
145,Little Lake,-147,normal oblique,18
145,Little Lake,-146,normal oblique,27
145,Little Lake,-144,normal oblique,27
145,Little Lake,-143,normal oblique,5
145,Little Lake,-142,normal oblique,27
145,Little Lake,-141,normal oblique,7
145,Little Lake,-140,normal oblique,27
145,Little Lake,-138,normal oblique,20
145,Little Lake,-137,normal oblique,17
145,Little Lake,-136,normal oblique,2
145,Little Lake,-135,normal oblique,25
145,Little Lake,-133,normal oblique,12
145,Little Lake,-132,normal oblique,25
145,Little Lake,-131,normal oblique,5
145,Little Lake,-130,normal oblique,5
145,Little Lake,-129,normal oblique,22
145,Little Lake,-128,normal oblique,9
145,Little Lake,-126,normal oblique,20
145,Little Lake,-125,normal oblique,4
145,Little Lake,-124,normal oblique,5
145,Little Lake,-123,normal oblique,5
145,Little Lake,-122,normal oblique,16
145,Little Lake,-121,normal oblique,5
145,Little Lake,-119,normal oblique,5
145,Little Lake,-118,normal oblique,26
145,Little Lake,-115,normal oblique,9
145,Little Lake,-114,normal oblique,17
145,Little Lake,-112,normal oblique,11
145,Little Lake,-111,normal oblique,5
145,Little Lake,-110,normal,16
145,Little Lake,-109,normal,2
145,Little Lake,-108,normal,12
145,Little Lake,-107,normal,15
145,Little Lake,-106,normal,13
145,Little Lake,-105,normal,16
145,Little Lake,-104,normal,20
145,Little Lake,-103,normal,21
145,Little Lake,-102,normal,24
145,Little Lake,-101,normal,14
145,Little Lake,-100,normal,21
145,Little Lake,-99,normal,19
145,Little Lake,-98,normal,13
145,Little Lake,-97,normal,10
145,Little Lake,-96,normal,8
145,Little Lake,-95,normal,7
145,Little Lake,-94,normal,8
145,Little Lake,180,strike-slip,77
146,Little Salmon (offshore),90,reverse,34
147,Little Salmon (onshore),90,reverse,32
148,Los Alamos,38,reverse oblique,2
148,Los Alamos,40,reverse oblique,2
148,Los Alamos,43,reverse oblique,2
148,Los Alamos,44,reverse oblique,3
148,Los Alamos,45,reverse oblique,2
148,Los Alamos,46,reverse oblique,3
148,Los Alamos,48,reverse oblique,8
148,Los Alamos,50,reverse oblique,3
148,Los Alamos,51,reverse oblique,9
148,Los Alamos,52,reverse oblique,5
148,Los Alamos,53,reverse oblique,9
148,Los Alamos,54,reverse oblique,11
148,Los Alamos,55,reverse oblique,9
148,Los Alamos,56,reverse oblique,14
148,Los Alamos,57,reverse oblique,12
148,Los Alamos,58,reverse oblique,15
148,Los Alamos,59,reverse oblique,11
148,Los Alamos,60,reverse oblique,11
148,Los Alamos,61,reverse oblique,12
148,Los Alamos,62,reverse oblique,14
148,Los Alamos,63,reverse oblique,6
148,Los Alamos,64,reverse oblique,11
148,Los Alamos,65,reverse oblique,9
148,Los Alamos,66,reverse oblique,6
148,Los Alamos,67,reverse oblique,6
148,Los Alamos,68,reverse oblique,12
148,Los Alamos,69,reverse oblique,11
148,Los Alamos,70,reverse,6
148,Los Alamos,71,reverse,11
148,Los Alamos,72,reverse,18
148,Los Alamos,73,reverse,3
148,Los Alamos,74,reverse,14
148,Los Alamos,75,reverse,18
148,Los Alamos,76,reverse,12
148,Los Alamos,77,reverse,17
148,Los Alamos,78,reverse,9
148,Los Alamos,79,reverse,11
148,Los Alamos,80,reverse,12
148,Los Alamos,81,reverse,21
148,Los Alamos,82,reverse,23
148,Los Alamos,83,reverse,15
148,Los Alamos,84,reverse,24
148,Los Alamos,85,reverse,20
148,Los Alamos,86,reverse,15
148,Los Alamos,87,reverse,21
148,Los Alamos,88,reverse,3
148,Los Alamos,89,reverse,3
148,Los Alamos,90,reverse,95
148,Los Alamos,91,reverse,3
148,Los Alamos,92,reverse,3
148,Los Alamos,94,reverse,3
148,Los Alamos,95,reverse,9
148,Los Alamos,96,reverse,3
148,Los Alamos,97,reverse,15
148,Los Alamos,98,reverse,4
148,Los Alamos,99,reverse,3
148,Los Alamos,100,reverse,15
148,Los Alamos,101,reverse,3
148,Los Alamos,102,reverse,13
148,Los Alamos,103,reverse,3
148,Los Alamos,104,reverse,15
148,Los Alamos,106,reverse,7
148,Los Alamos,107,reverse,15
148,Los Alamos,108,reverse,3
148,Los Alamos,109,reverse,9
148,Los Alamos,110,reverse oblique,13
148,Los Alamos,111,reverse oblique,9
148,Los Alamos,112,reverse oblique,3
148,Los Alamos,113,reverse oblique,18
148,Los Alamos,114,reverse oblique,7
148,Los Alamos,115,reverse oblique,9
148,Los Alamos,116,reverse oblique,9
148,Los Alamos,117,reverse oblique,13
148,Los Alamos,118,reverse oblique,6
148,Los Alamos,119,reverse oblique,12
148,Los Alamos,120,reverse oblique,6
148,Los Alamos,121,reverse oblique,16
148,Los Alamos,122,reverse oblique,12
148,Los Alamos,123,reverse oblique,12
148,Los Alamos,124,reverse oblique,22
148,Los Alamos,125,reverse oblique,9
148,Los Alamos,126,reverse oblique,20
148,Los Alamos,127,reverse oblique,11
148,Los Alamos,128,reverse oblique,18
148,Los Alamos,129,reverse oblique,13
148,Los Alamos,130,reverse oblique,9
148,Los Alamos,131,reverse oblique,12
148,Los Alamos,132,reverse oblique,16
148,Los Alamos,133,reverse oblique,9
148,Los Alamos,134,reverse oblique,19
148,Los Alamos,135,reverse oblique,3
148,Los Alamos,136,reverse oblique,19
148,Los Alamos,137,reverse oblique,9
148,Los Alamos,138,reverse oblique,13
148,Los Alamos,139,reverse oblique,6
148,Los Alamos,140,reverse oblique,4
148,Los Alamos,141,reverse oblique,6
148,Los Alamos,142,reverse oblique,10
148,Los Alamos,143,reverse oblique,10
148,Los Alamos,144,reverse oblique,6
148,Los Alamos,145,reverse oblique,10
148,Los Alamos,146,reverse oblique,10
148,Los Alamos,147,reverse oblique,11
148,Los Alamos,148,reverse oblique,8
148,Los Alamos,149,reverse oblique,6
148,Los Alamos,150,reverse oblique,5
148,Los Alamos,151,reverse oblique,5
148,Los Alamos,152,reverse oblique,7
148,Los Alamos,153,reverse oblique,8
148,Los Alamos,154,reverse oblique,3
148,Los Alamos,155,reverse oblique,8
148,Los Alamos,156,reverse oblique,10
148,Los Alamos,157,reverse oblique,8
148,Los Alamos,158,reverse oblique,10
148,Los Alamos,159,reverse oblique,4
148,Los Alamos,160,strike-slip,4
148,Los Alamos,161,strike-slip,4
148,Los Alamos,162,strike-slip,4
148,Los Alamos,163,strike-slip,2
149,Los Alamos (extension),23,reverse oblique,2
149,Los Alamos (extension),25,reverse oblique,2
149,Los Alamos (extension),26,reverse oblique,4
149,Los Alamos (extension),27,reverse oblique,6
149,Los Alamos (extension),28,reverse oblique,4
149,Los Alamos (extension),29,reverse oblique,10
149,Los Alamos (extension),30,reverse oblique,8
149,Los Alamos (extension),31,reverse oblique,10
149,Los Alamos (extension),32,reverse oblique,10
149,Los Alamos (extension),33,reverse oblique,8
149,Los Alamos (extension),34,reverse oblique,10
149,Los Alamos (extension),35,reverse oblique,8
149,Los Alamos (extension),36,reverse oblique,8
149,Los Alamos (extension),37,reverse oblique,6
149,Los Alamos (extension),38,reverse oblique,8
149,Los Alamos (extension),39,reverse oblique,10
149,Los Alamos (extension),40,reverse oblique,8
149,Los Alamos (extension),41,reverse oblique,6
149,Los Alamos (extension),42,reverse oblique,4
149,Los Alamos (extension),43,reverse oblique,4
149,Los Alamos (extension),44,reverse oblique,18
149,Los Alamos (extension),45,reverse oblique,4
149,Los Alamos (extension),46,reverse oblique,2
149,Los Alamos (extension),47,reverse oblique,10
149,Los Alamos (extension),48,reverse oblique,12
149,Los Alamos (extension),49,reverse oblique,2
149,Los Alamos (extension),50,reverse oblique,2
149,Los Alamos (extension),51,reverse oblique,8
149,Los Alamos (extension),52,reverse oblique,4
149,Los Alamos (extension),53,reverse oblique,8
149,Los Alamos (extension),54,reverse oblique,12
149,Los Alamos (extension),55,reverse oblique,10
149,Los Alamos (extension),56,reverse oblique,18
149,Los Alamos (extension),57,reverse oblique,16
149,Los Alamos (extension),58,reverse oblique,18
149,Los Alamos (extension),59,reverse oblique,16
149,Los Alamos (extension),60,reverse oblique,16
149,Los Alamos (extension),61,reverse oblique,12
149,Los Alamos (extension),62,reverse oblique,16
149,Los Alamos (extension),63,reverse oblique,10
149,Los Alamos (extension),64,reverse oblique,16
149,Los Alamos (extension),65,reverse oblique,8
149,Los Alamos (extension),66,reverse oblique,10
149,Los Alamos (extension),67,reverse oblique,10
149,Los Alamos (extension),68,reverse oblique,10
149,Los Alamos (extension),69,reverse oblique,12
149,Los Alamos (extension),70,reverse,6
149,Los Alamos (extension),71,reverse,12
149,Los Alamos (extension),72,reverse,12
149,Los Alamos (extension),73,reverse,4
149,Los Alamos (extension),74,reverse,12
149,Los Alamos (extension),75,reverse,12
149,Los Alamos (extension),76,reverse,10
149,Los Alamos (extension),77,reverse,14
149,Los Alamos (extension),78,reverse,6
149,Los Alamos (extension),79,reverse,8
149,Los Alamos (extension),80,reverse,12
149,Los Alamos (extension),81,reverse,14
149,Los Alamos (extension),82,reverse,16
149,Los Alamos (extension),83,reverse,10
149,Los Alamos (extension),84,reverse,16
149,Los Alamos (extension),85,reverse,14
149,Los Alamos (extension),86,reverse,10
149,Los Alamos (extension),87,reverse,14
149,Los Alamos (extension),88,reverse,2
149,Los Alamos (extension),89,reverse,2
149,Los Alamos (extension),90,reverse,28
149,Los Alamos (extension),91,reverse,2
149,Los Alamos (extension),92,reverse,2
149,Los Alamos (extension),94,reverse,2
149,Los Alamos (extension),95,reverse,6
149,Los Alamos (extension),96,reverse,2
149,Los Alamos (extension),97,reverse,6
149,Los Alamos (extension),99,reverse,2
149,Los Alamos (extension),100,reverse,6
149,Los Alamos (extension),101,reverse,2
149,Los Alamos (extension),102,reverse,6
149,Los Alamos (extension),103,reverse,2
149,Los Alamos (extension),104,reverse,6
149,Los Alamos (extension),106,reverse,2
149,Los Alamos (extension),107,reverse,6
149,Los Alamos (extension),108,reverse,2
149,Los Alamos (extension),109,reverse,6
149,Los Alamos (extension),110,reverse oblique,2
149,Los Alamos (extension),111,reverse oblique,6
149,Los Alamos (extension),112,reverse oblique,2
149,Los Alamos (extension),113,reverse oblique,8
149,Los Alamos (extension),114,reverse oblique,2
149,Los Alamos (extension),115,reverse oblique,6
149,Los Alamos (extension),116,reverse oblique,2
149,Los Alamos (extension),117,reverse oblique,6
149,Los Alamos (extension),118,reverse oblique,4
149,Los Alamos (extension),119,reverse oblique,4
149,Los Alamos (extension),120,reverse oblique,4
149,Los Alamos (extension),121,reverse oblique,6
149,Los Alamos (extension),122,reverse oblique,6
149,Los Alamos (extension),123,reverse oblique,8
149,Los Alamos (extension),124,reverse oblique,8
149,Los Alamos (extension),125,reverse oblique,6
149,Los Alamos (extension),126,reverse oblique,8
149,Los Alamos (extension),127,reverse oblique,6
149,Los Alamos (extension),128,reverse oblique,8
149,Los Alamos (extension),129,reverse oblique,6
149,Los Alamos (extension),130,reverse oblique,6
149,Los Alamos (extension),131,reverse oblique,4
149,Los Alamos (extension),132,reverse oblique,6
149,Los Alamos (extension),133,reverse oblique,4
149,Los Alamos (extension),134,reverse oblique,6
149,Los Alamos (extension),135,reverse oblique,2
149,Los Alamos (extension),136,reverse oblique,6
149,Los Alamos (extension),137,reverse oblique,6
149,Los Alamos (extension),138,reverse oblique,4
149,Los Alamos (extension),139,reverse oblique,2
149,Los Alamos (extension),141,reverse oblique,2
149,Los Alamos (extension),142,reverse oblique,2
149,Los Alamos (extension),143,reverse oblique,2
149,Los Alamos (extension),144,reverse oblique,4
149,Los Alamos (extension),145,reverse oblique,2
149,Los Alamos (extension),146,reverse oblique,2
149,Los Alamos (extension),147,reverse oblique,4
149,Los Alamos (extension),148,reverse oblique,2
149,Los Alamos (extension),149,reverse oblique,2
150,Los Medanos - Roe Island,90,reverse,86
150,Los Medanos - Roe Island,92,reverse,6
150,Los Medanos - Roe Island,93,reverse,4
150,Los Medanos - Roe Island,94,reverse,22
150,Los Medanos - Roe Island,95,reverse,18
150,Los Medanos - Roe Island,96,reverse,34
150,Los Medanos - Roe Island,97,reverse,16
150,Los Medanos - Roe Island,98,reverse,18
150,Los Medanos - Roe Island,99,reverse,22
150,Los Medanos - Roe Island,100,reverse,26
150,Los Medanos - Roe Island,101,reverse,28
150,Los Medanos - Roe Island,102,reverse,32
150,Los Medanos - Roe Island,103,reverse,26
150,Los Medanos - Roe Island,104,reverse,40
150,Los Medanos - Roe Island,105,reverse,28
150,Los Medanos - Roe Island,106,reverse,24
150,Los Medanos - Roe Island,107,reverse,18
150,Los Medanos - Roe Island,108,reverse,38
150,Los Medanos - Roe Island,109,reverse,12
150,Los Medanos - Roe Island,110,reverse oblique,26
150,Los Medanos - Roe Island,111,reverse oblique,20
150,Los Medanos - Roe Island,112,reverse oblique,22
150,Los Medanos - Roe Island,113,reverse oblique,10
150,Los Medanos - Roe Island,114,reverse oblique,26
150,Los Medanos - Roe Island,115,reverse oblique,24
150,Los Medanos - Roe Island,116,reverse oblique,26
150,Los Medanos - Roe Island,117,reverse oblique,22
150,Los Medanos - Roe Island,118,reverse oblique,26
150,Los Medanos - Roe Island,119,reverse oblique,12
150,Los Medanos - Roe Island,120,reverse oblique,26
150,Los Medanos - Roe Island,121,reverse oblique,10
150,Los Medanos - Roe Island,122,reverse oblique,14
150,Los Medanos - Roe Island,123,reverse oblique,8
150,Los Medanos - Roe Island,124,reverse oblique,14
150,Los Medanos - Roe Island,125,reverse oblique,8
150,Los Medanos - Roe Island,126,reverse oblique,6
150,Los Medanos - Roe Island,127,reverse oblique,10
150,Los Medanos - Roe Island,128,reverse oblique,6
150,Los Medanos - Roe Island,129,reverse oblique,12
150,Los Medanos - Roe Island,130,reverse oblique,6
150,Los Medanos - Roe Island,131,reverse oblique,6
150,Los Medanos - Roe Island,132,reverse oblique,14
150,Los Medanos - Roe Island,133,reverse oblique,6
150,Los Medanos - Roe Island,134,reverse oblique,8
150,Los Medanos - Roe Island,135,reverse oblique,8
150,Los Medanos - Roe Island,136,reverse oblique,12
150,Los Medanos - Roe Island,137,reverse oblique,8
150,Los Medanos - Roe Island,138,reverse oblique,6
150,Los Medanos - Roe Island,139,reverse oblique,12
150,Los Medanos - Roe Island,140,reverse oblique,10
150,Los Medanos - Roe Island,141,reverse oblique,16
150,Los Medanos - Roe Island,142,reverse oblique,2
150,Los Medanos - Roe Island,143,reverse oblique,16
150,Los Medanos - Roe Island,144,reverse oblique,10
150,Los Medanos - Roe Island,145,reverse oblique,4
150,Los Medanos - Roe Island,146,reverse oblique,12
150,Los Medanos - Roe Island,147,reverse oblique,12
150,Los Medanos - Roe Island,148,reverse oblique,12
150,Los Medanos - Roe Island,149,reverse oblique,16
150,Los Medanos - Roe Island,150,reverse oblique,20
150,Los Medanos - Roe Island,151,reverse oblique,14
150,Los Medanos - Roe Island,152,reverse oblique,22
150,Los Medanos - Roe Island,153,reverse oblique,14
150,Los Medanos - Roe Island,154,reverse oblique,22
150,Los Medanos - Roe Island,155,reverse oblique,24
150,Los Medanos - Roe Island,156,reverse oblique,24
150,Los Medanos - Roe Island,157,reverse oblique,32
150,Los Medanos - Roe Island,158,reverse oblique,36
150,Los Medanos - Roe Island,159,reverse oblique,26
150,Los Medanos - Roe Island,160,strike-slip,34
150,Los Medanos - Roe Island,161,strike-slip,30
150,Los Medanos - Roe Island,162,strike-slip,44
150,Los Medanos - Roe Island,163,strike-slip,34
150,Los Medanos - Roe Island,164,strike-slip,38
150,Los Medanos - Roe Island,165,strike-slip,34
150,Los Medanos - Roe Island,166,strike-slip,46
150,Los Medanos - Roe Island,167,strike-slip,36
150,Los Medanos - Roe Island,168,strike-slip,64
150,Los Medanos - Roe Island,169,strike-slip,64
150,Los Medanos - Roe Island,170,strike-slip,74
150,Los Medanos - Roe Island,171,strike-slip,8
150,Los Medanos - Roe Island,172,strike-slip,2
151,Los Osos,56,reverse oblique,2
151,Los Osos,58,reverse oblique,2
151,Los Osos,60,reverse oblique,3
151,Los Osos,61,reverse oblique,2
151,Los Osos,63,reverse oblique,3
151,Los Osos,64,reverse oblique,2
151,Los Osos,66,reverse oblique,5
151,Los Osos,68,reverse oblique,3
151,Los Osos,70,reverse,2
151,Los Osos,71,reverse,3
151,Los Osos,73,reverse,6
151,Los Osos,74,reverse,3
151,Los Osos,75,reverse,4
151,Los Osos,76,reverse,2
151,Los Osos,77,reverse,3
151,Los Osos,78,reverse,4
151,Los Osos,80,reverse,5
151,Los Osos,81,reverse,4
151,Los Osos,82,reverse,5
151,Los Osos,87,reverse,9
151,Los Osos,88,reverse,9
151,Los Osos,89,reverse,12
151,Los Osos,90,reverse,375
151,Los Osos,92,reverse,14
151,Los Osos,93,reverse,100
151,Los Osos,94,reverse,178
151,Los Osos,95,reverse,111
151,Los Osos,96,reverse,122
151,Los Osos,97,reverse,76
151,Los Osos,98,reverse,88
151,Los Osos,99,reverse,49
151,Los Osos,100,reverse,68
151,Los Osos,101,reverse,58
151,Los Osos,102,reverse,84
151,Los Osos,103,reverse,61
151,Los Osos,104,reverse,57
151,Los Osos,105,reverse,91
151,Los Osos,106,reverse,63
151,Los Osos,107,reverse,58
151,Los Osos,108,reverse,93
151,Los Osos,109,reverse,47
151,Los Osos,110,reverse oblique,96
151,Los Osos,111,reverse oblique,66
151,Los Osos,112,reverse oblique,55
151,Los Osos,113,reverse oblique,58
151,Los Osos,114,reverse oblique,63
151,Los Osos,115,reverse oblique,54
151,Los Osos,116,reverse oblique,76
151,Los Osos,117,reverse oblique,29
151,Los Osos,118,reverse oblique,131
151,Los Osos,119,reverse oblique,17
151,Los Osos,120,reverse oblique,82
151,Los Osos,121,reverse oblique,57
151,Los Osos,122,reverse oblique,70
151,Los Osos,123,reverse oblique,57
151,Los Osos,124,reverse oblique,72
151,Los Osos,125,reverse oblique,69
151,Los Osos,126,reverse oblique,97
151,Los Osos,127,reverse oblique,48
151,Los Osos,128,reverse oblique,82
151,Los Osos,129,reverse oblique,73
151,Los Osos,130,reverse oblique,63
151,Los Osos,131,reverse oblique,99
151,Los Osos,132,reverse oblique,48
151,Los Osos,133,reverse oblique,102
151,Los Osos,134,reverse oblique,60
151,Los Osos,135,reverse oblique,68
151,Los Osos,136,reverse oblique,77
151,Los Osos,137,reverse oblique,91
151,Los Osos,138,reverse oblique,39
151,Los Osos,139,reverse oblique,91
151,Los Osos,140,reverse oblique,54
151,Los Osos,141,reverse oblique,71
151,Los Osos,142,reverse oblique,76
151,Los Osos,143,reverse oblique,68
151,Los Osos,144,reverse oblique,68
151,Los Osos,145,reverse oblique,76
151,Los Osos,146,reverse oblique,36
151,Los Osos,147,reverse oblique,55
151,Los Osos,148,reverse oblique,90
151,Los Osos,149,reverse oblique,68
151,Los Osos,150,reverse oblique,73
151,Los Osos,151,reverse oblique,70
151,Los Osos,152,reverse oblique,81
151,Los Osos,153,reverse oblique,60
151,Los Osos,154,reverse oblique,89
151,Los Osos,155,reverse oblique,57
151,Los Osos,156,reverse oblique,82
151,Los Osos,157,reverse oblique,64
151,Los Osos,158,reverse oblique,64
151,Los Osos,159,reverse oblique,54
151,Los Osos,160,strike-slip,113
151,Los Osos,161,strike-slip,81
151,Los Osos,162,strike-slip,101
151,Los Osos,163,strike-slip,124
151,Los Osos,164,strike-slip,141
151,Los Osos,165,strike-slip,112
151,Los Osos,166,strike-slip,147
151,Los Osos,167,strike-slip,129
151,Los Osos,168,strike-slip,165
151,Los Osos,169,strike-slip,142
151,Los Osos,170,strike-slip,202
151,Los Osos,171,strike-slip,166
151,Los Osos,172,strike-slip,196
151,Los Osos,173,strike-slip,128
151,Los Osos,174,strike-slip,154
151,Los Osos,175,strike-slip,132
151,Los Osos,176,strike-slip,84
151,Los Osos,177,strike-slip,54
151,Los Osos,178,strike-slip,48
152,Lost Hills,90,reverse,30
153,Ludlow,180,strike-slip,982
154,"Lytle Creek (San Jacinto, connector)",0,strike-slip,102
154,"Lytle Creek (San Jacinto, connector)",56,reverse oblique,2
154,"Lytle Creek (San Jacinto, connector)",58,reverse oblique,2
154,"Lytle Creek (San Jacinto, connector)",59,reverse oblique,2
154,"Lytle Creek (San Jacinto, connector)",60,reverse oblique,2
154,"Lytle Creek (San Jacinto, connector)",63,reverse oblique,2
154,"Lytle Creek (San Jacinto, connector)",65,reverse oblique,2
154,"Lytle Creek (San Jacinto, connector)",66,reverse oblique,3
154,"Lytle Creek (San Jacinto, connector)",67,reverse oblique,2
154,"Lytle Creek (San Jacinto, connector)",68,reverse oblique,3
154,"Lytle Creek (San Jacinto, connector)",69,reverse oblique,2
154,"Lytle Creek (San Jacinto, connector)",70,reverse,3
154,"Lytle Creek (San Jacinto, connector)",72,reverse,3
154,"Lytle Creek (San Jacinto, connector)",74,reverse,2
154,"Lytle Creek (San Jacinto, connector)",77,reverse,3
154,"Lytle Creek (San Jacinto, connector)",78,reverse,3
154,"Lytle Creek (San Jacinto, connector)",80,reverse,3
154,"Lytle Creek (San Jacinto, connector)",85,reverse,2
154,"Lytle Creek (San Jacinto, connector)",86,reverse,8
154,"Lytle Creek (San Jacinto, connector)",88,reverse,4
154,"Lytle Creek (San Jacinto, connector)",89,reverse,14
154,"Lytle Creek (San Jacinto, connector)",90,reverse,9
154,"Lytle Creek (San Jacinto, connector)",91,reverse,6
154,"Lytle Creek (San Jacinto, connector)",92,reverse,4
154,"Lytle Creek (San Jacinto, connector)",93,reverse,29
154,"Lytle Creek (San Jacinto, connector)",94,reverse,33
154,"Lytle Creek (San Jacinto, connector)",95,reverse,53
154,"Lytle Creek (San Jacinto, connector)",96,reverse,52
154,"Lytle Creek (San Jacinto, connector)",97,reverse,29
154,"Lytle Creek (San Jacinto, connector)",98,reverse,29
154,"Lytle Creek (San Jacinto, connector)",99,reverse,53
154,"Lytle Creek (San Jacinto, connector)",100,reverse,29
154,"Lytle Creek (San Jacinto, connector)",101,reverse,17
154,"Lytle Creek (San Jacinto, connector)",102,reverse,41
154,"Lytle Creek (San Jacinto, connector)",103,reverse,39
154,"Lytle Creek (San Jacinto, connector)",104,reverse,35
154,"Lytle Creek (San Jacinto, connector)",105,reverse,30
154,"Lytle Creek (San Jacinto, connector)",106,reverse,54
154,"Lytle Creek (San Jacinto, connector)",107,reverse,32
154,"Lytle Creek (San Jacinto, connector)",108,reverse,57
154,"Lytle Creek (San Jacinto, connector)",109,reverse,48
154,"Lytle Creek (San Jacinto, connector)",110,reverse oblique,42
154,"Lytle Creek (San Jacinto, connector)",111,reverse oblique,36
154,"Lytle Creek (San Jacinto, connector)",112,reverse oblique,57
154,"Lytle Creek (San Jacinto, connector)",113,reverse oblique,24
154,"Lytle Creek (San Jacinto, connector)",114,reverse oblique,69
154,"Lytle Creek (San Jacinto, connector)",115,reverse oblique,39
154,"Lytle Creek (San Jacinto, connector)",116,reverse oblique,57
154,"Lytle Creek (San Jacinto, connector)",117,reverse oblique,48
154,"Lytle Creek (San Jacinto, connector)",118,reverse oblique,39
154,"Lytle Creek (San Jacinto, connector)",119,reverse oblique,69
154,"Lytle Creek (San Jacinto, connector)",120,reverse oblique,36
154,"Lytle Creek (San Jacinto, connector)",121,reverse oblique,60
154,"Lytle Creek (San Jacinto, connector)",122,reverse oblique,50
154,"Lytle Creek (San Jacinto, connector)",123,reverse oblique,39
154,"Lytle Creek (San Jacinto, connector)",124,reverse oblique,66
154,"Lytle Creek (San Jacinto, connector)",125,reverse oblique,42
154,"Lytle Creek (San Jacinto, connector)",126,reverse oblique,75
154,"Lytle Creek (San Jacinto, connector)",127,reverse oblique,69
154,"Lytle Creek (San Jacinto, connector)",128,reverse oblique,87
154,"Lytle Creek (San Jacinto, connector)",129,reverse oblique,51
154,"Lytle Creek (San Jacinto, connector)",130,reverse oblique,84
154,"Lytle Creek (San Jacinto, connector)",131,reverse oblique,69
154,"Lytle Creek (San Jacinto, connector)",132,reverse oblique,96
154,"Lytle Creek (San Jacinto, connector)",133,reverse oblique,74
154,"Lytle Creek (San Jacinto, connector)",134,reverse oblique,93
154,"Lytle Creek (San Jacinto, connector)",135,reverse oblique,84
154,"Lytle Creek (San Jacinto, connector)",136,reverse oblique,72
154,"Lytle Creek (San Jacinto, connector)",137,reverse oblique,63
154,"Lytle Creek (San Jacinto, connector)",138,reverse oblique,78
154,"Lytle Creek (San Jacinto, connector)",139,reverse oblique,81
154,"Lytle Creek (San Jacinto, connector)",140,reverse oblique,75
154,"Lytle Creek (San Jacinto, connector)",141,reverse oblique,84
154,"Lytle Creek (San Jacinto, connector)",142,reverse oblique,77
154,"Lytle Creek (San Jacinto, connector)",143,reverse oblique,63
154,"Lytle Creek (San Jacinto, connector)",144,reverse oblique,81
154,"Lytle Creek (San Jacinto, connector)",145,reverse oblique,78
154,"Lytle Creek (San Jacinto, connector)",146,reverse oblique,72
154,"Lytle Creek (San Jacinto, connector)",147,reverse oblique,57
154,"Lytle Creek (San Jacinto, connector)",148,reverse oblique,74
154,"Lytle Creek (San Jacinto, connector)",149,reverse oblique,51
154,"Lytle Creek (San Jacinto, connector)",150,reverse oblique,69
154,"Lytle Creek (San Jacinto, connector)",151,reverse oblique,54
154,"Lytle Creek (San Jacinto, connector)",152,reverse oblique,77
154,"Lytle Creek (San Jacinto, connector)",153,reverse oblique,51
154,"Lytle Creek (San Jacinto, connector)",154,reverse oblique,39
154,"Lytle Creek (San Jacinto, connector)",155,reverse oblique,39
154,"Lytle Creek (San Jacinto, connector)",156,reverse oblique,41
154,"Lytle Creek (San Jacinto, connector)",157,reverse oblique,39
154,"Lytle Creek (San Jacinto, connector)",158,reverse oblique,36
154,"Lytle Creek (San Jacinto, connector)",159,reverse oblique,41
154,"Lytle Creek (San Jacinto, connector)",160,strike-slip,33
154,"Lytle Creek (San Jacinto, connector)",161,strike-slip,35
154,"Lytle Creek (San Jacinto, connector)",162,strike-slip,39
154,"Lytle Creek (San Jacinto, connector)",163,strike-slip,35
154,"Lytle Creek (San Jacinto, connector)",164,strike-slip,39
154,"Lytle Creek (San Jacinto, connector)",165,strike-slip,27
154,"Lytle Creek (San Jacinto, connector)",166,strike-slip,42
154,"Lytle Creek (San Jacinto, connector)",167,strike-slip,33
154,"Lytle Creek (San Jacinto, connector)",168,strike-slip,48
154,"Lytle Creek (San Jacinto, connector)",169,strike-slip,44
154,"Lytle Creek (San Jacinto, connector)",170,strike-slip,59
154,"Lytle Creek (San Jacinto, connector)",171,strike-slip,86
154,"Lytle Creek (San Jacinto, connector)",172,strike-slip,163
154,"Lytle Creek (San Jacinto, connector)",173,strike-slip,186
154,"Lytle Creek (San Jacinto, connector)",174,strike-slip,401
154,"Lytle Creek (San Jacinto, connector)",175,strike-slip,326
154,"Lytle Creek (San Jacinto, connector)",176,strike-slip,973
154,"Lytle Creek (San Jacinto, connector)",177,strike-slip,1992
154,"Lytle Creek (San Jacinto, connector)",178,strike-slip,1013
154,"Lytle Creek (San Jacinto, connector)",179,strike-slip,5178
154,"Lytle Creek (San Jacinto, connector)",180,strike-slip,20471
155,Maacama,178,strike-slip,182
155,Maacama,179,strike-slip,1809
155,Maacama,180,strike-slip,27265
156,Mad River - Trinidad [2],90,reverse,112
156,Mad River - Trinidad [2],96,reverse,8
156,Mad River - Trinidad [2],97,reverse,7
156,Mad River - Trinidad [2],98,reverse,6
156,Mad River - Trinidad [2],99,reverse,13
156,Mad River - Trinidad [2],100,reverse,7
156,Mad River - Trinidad [2],102,reverse,18
156,Mad River - Trinidad [2],103,reverse,7
156,Mad River - Trinidad [2],104,reverse,13
156,Mad River - Trinidad [2],105,reverse,9
156,Mad River - Trinidad [2],106,reverse,7
156,Mad River - Trinidad [2],107,reverse,12
156,Mad River - Trinidad [2],108,reverse,5
156,Mad River - Trinidad [2],109,reverse,13
156,Mad River - Trinidad [2],110,reverse oblique,8
156,Mad River - Trinidad [2],112,reverse oblique,35
156,Mad River - Trinidad [2],115,reverse oblique,15
156,Mad River - Trinidad [2],116,reverse oblique,11
156,Mad River - Trinidad [2],117,reverse oblique,12
156,Mad River - Trinidad [2],118,reverse oblique,7
156,Mad River - Trinidad [2],119,reverse oblique,9
156,Mad River - Trinidad [2],120,reverse oblique,20
156,Mad River - Trinidad [2],122,reverse oblique,20
156,Mad River - Trinidad [2],123,reverse oblique,12
156,Mad River - Trinidad [2],124,reverse oblique,25
156,Mad River - Trinidad [2],125,reverse oblique,7
156,Mad River - Trinidad [2],126,reverse oblique,25
156,Mad River - Trinidad [2],127,reverse oblique,13
156,Mad River - Trinidad [2],128,reverse oblique,15
156,Mad River - Trinidad [2],129,reverse oblique,27
156,Mad River - Trinidad [2],130,reverse oblique,15
156,Mad River - Trinidad [2],132,reverse oblique,32
156,Mad River - Trinidad [2],133,reverse oblique,4
156,Mad River - Trinidad [2],134,reverse oblique,30
156,Mad River - Trinidad [2],135,reverse oblique,13
156,Mad River - Trinidad [2],136,reverse oblique,27
156,Mad River - Trinidad [2],137,reverse oblique,17
156,Mad River - Trinidad [2],138,reverse oblique,45
156,Mad River - Trinidad [2],139,reverse oblique,20
156,Mad River - Trinidad [2],140,reverse oblique,26
156,Mad River - Trinidad [2],141,reverse oblique,24
156,Mad River - Trinidad [2],142,reverse oblique,47
156,Mad River - Trinidad [2],143,reverse oblique,30
156,Mad River - Trinidad [2],144,reverse oblique,21
156,Mad River - Trinidad [2],145,reverse oblique,18
156,Mad River - Trinidad [2],146,reverse oblique,54
156,Mad River - Trinidad [2],147,reverse oblique,26
156,Mad River - Trinidad [2],148,reverse oblique,30
156,Mad River - Trinidad [2],149,reverse oblique,35
156,Mad River - Trinidad [2],150,reverse oblique,34
156,Mad River - Trinidad [2],151,reverse oblique,59
156,Mad River - Trinidad [2],152,reverse oblique,35
156,Mad River - Trinidad [2],153,reverse oblique,28
156,Mad River - Trinidad [2],154,reverse oblique,47
156,Mad River - Trinidad [2],155,reverse oblique,22
156,Mad River - Trinidad [2],156,reverse oblique,42
156,Mad River - Trinidad [2],157,reverse oblique,24
156,Mad River - Trinidad [2],158,reverse oblique,31
156,Mad River - Trinidad [2],159,reverse oblique,9
156,Mad River - Trinidad [2],160,strike-slip,33
156,Mad River - Trinidad [2],161,strike-slip,29
156,Mad River - Trinidad [2],162,strike-slip,22
156,Mad River - Trinidad [2],163,strike-slip,9
156,Mad River - Trinidad [2],164,strike-slip,24
156,Mad River - Trinidad [2],165,strike-slip,17
156,Mad River - Trinidad [2],166,strike-slip,11
156,Mad River - Trinidad [2],167,strike-slip,11
156,Mad River - Trinidad [2],168,strike-slip,26
156,Mad River - Trinidad [2],169,strike-slip,8
156,Mad River - Trinidad [2],170,strike-slip,6
156,Mad River - Trinidad [2],171,strike-slip,6
156,Mad River - Trinidad [2],172,strike-slip,14
156,Mad River - Trinidad [2],173,strike-slip,2
159,Malibu Coast (extension) [2],30,reverse oblique,142
159,Malibu Coast (extension) [2],32,reverse oblique,14
159,Malibu Coast (extension) [2],33,reverse oblique,17
159,Malibu Coast (extension) [2],34,reverse oblique,172
159,Malibu Coast (extension) [2],35,reverse oblique,134
159,Malibu Coast (extension) [2],36,reverse oblique,107
159,Malibu Coast (extension) [2],37,reverse oblique,81
159,Malibu Coast (extension) [2],38,reverse oblique,103
159,Malibu Coast (extension) [2],39,reverse oblique,99
159,Malibu Coast (extension) [2],40,reverse oblique,125
159,Malibu Coast (extension) [2],41,reverse oblique,98
159,Malibu Coast (extension) [2],42,reverse oblique,117
159,Malibu Coast (extension) [2],43,reverse oblique,98
159,Malibu Coast (extension) [2],44,reverse oblique,209
159,Malibu Coast (extension) [2],45,reverse oblique,244
159,Malibu Coast (extension) [2],46,reverse oblique,351
159,Malibu Coast (extension) [2],47,reverse oblique,337
159,Malibu Coast (extension) [2],48,reverse oblique,350
159,Malibu Coast (extension) [2],49,reverse oblique,306
159,Malibu Coast (extension) [2],50,reverse oblique,331
159,Malibu Coast (extension) [2],51,reverse oblique,300
159,Malibu Coast (extension) [2],52,reverse oblique,378
159,Malibu Coast (extension) [2],53,reverse oblique,291
159,Malibu Coast (extension) [2],54,reverse oblique,366
159,Malibu Coast (extension) [2],55,reverse oblique,289
159,Malibu Coast (extension) [2],56,reverse oblique,414
159,Malibu Coast (extension) [2],57,reverse oblique,352
159,Malibu Coast (extension) [2],58,reverse oblique,452
159,Malibu Coast (extension) [2],59,reverse oblique,359
159,Malibu Coast (extension) [2],60,reverse oblique,378
159,Malibu Coast (extension) [2],61,reverse oblique,266
159,Malibu Coast (extension) [2],62,reverse oblique,437
159,Malibu Coast (extension) [2],63,reverse oblique,331
159,Malibu Coast (extension) [2],64,reverse oblique,424
159,Malibu Coast (extension) [2],65,reverse oblique,290
159,Malibu Coast (extension) [2],66,reverse oblique,374
159,Malibu Coast (extension) [2],67,reverse oblique,284
159,Malibu Coast (extension) [2],68,reverse oblique,321
159,Malibu Coast (extension) [2],69,reverse oblique,312
159,Malibu Coast (extension) [2],70,reverse,374
159,Malibu Coast (extension) [2],71,reverse,245
159,Malibu Coast (extension) [2],72,reverse,371
159,Malibu Coast (extension) [2],73,reverse,259
159,Malibu Coast (extension) [2],74,reverse,218
159,Malibu Coast (extension) [2],75,reverse,226
159,Malibu Coast (extension) [2],76,reverse,217
159,Malibu Coast (extension) [2],77,reverse,111
159,Malibu Coast (extension) [2],78,reverse,185
159,Malibu Coast (extension) [2],79,reverse,110
159,Malibu Coast (extension) [2],80,reverse,104
159,Malibu Coast (extension) [2],81,reverse,116
159,Malibu Coast (extension) [2],82,reverse,66
159,Malibu Coast (extension) [2],83,reverse,57
159,Malibu Coast (extension) [2],84,reverse,57
159,Malibu Coast (extension) [2],85,reverse,30
159,Malibu Coast (extension) [2],86,reverse,53
159,Malibu Coast (extension) [2],87,reverse,52
159,Malibu Coast (extension) [2],88,reverse,36
159,Malibu Coast (extension) [2],89,reverse,52
159,Malibu Coast (extension) [2],90,reverse,57
159,Malibu Coast (extension) [2],91,reverse,67
159,Malibu Coast (extension) [2],92,reverse,26
159,Malibu Coast (extension) [2],93,reverse,42
159,Malibu Coast (extension) [2],94,reverse,63
159,Malibu Coast (extension) [2],95,reverse,39
159,Malibu Coast (extension) [2],96,reverse,40
159,Malibu Coast (extension) [2],97,reverse,61
159,Malibu Coast (extension) [2],98,reverse,49
159,Malibu Coast (extension) [2],99,reverse,37
159,Malibu Coast (extension) [2],100,reverse,43
159,Malibu Coast (extension) [2],101,reverse,37
159,Malibu Coast (extension) [2],102,reverse,60
159,Malibu Coast (extension) [2],103,reverse,19
159,Malibu Coast (extension) [2],104,reverse,60
159,Malibu Coast (extension) [2],105,reverse,40
159,Malibu Coast (extension) [2],106,reverse,37
159,Malibu Coast (extension) [2],107,reverse,32
159,Malibu Coast (extension) [2],108,reverse,38
159,Malibu Coast (extension) [2],109,reverse,29
159,Malibu Coast (extension) [2],110,reverse oblique,27
159,Malibu Coast (extension) [2],111,reverse oblique,34
159,Malibu Coast (extension) [2],112,reverse oblique,36
159,Malibu Coast (extension) [2],113,reverse oblique,18
159,Malibu Coast (extension) [2],114,reverse oblique,30
159,Malibu Coast (extension) [2],115,reverse oblique,18
159,Malibu Coast (extension) [2],116,reverse oblique,31
159,Malibu Coast (extension) [2],117,reverse oblique,29
159,Malibu Coast (extension) [2],118,reverse oblique,23
159,Malibu Coast (extension) [2],119,reverse oblique,21
159,Malibu Coast (extension) [2],120,reverse oblique,35
159,Malibu Coast (extension) [2],121,reverse oblique,33
159,Malibu Coast (extension) [2],122,reverse oblique,25
159,Malibu Coast (extension) [2],123,reverse oblique,29
159,Malibu Coast (extension) [2],124,reverse oblique,35
159,Malibu Coast (extension) [2],125,reverse oblique,26
159,Malibu Coast (extension) [2],126,reverse oblique,24
159,Malibu Coast (extension) [2],127,reverse oblique,25
159,Malibu Coast (extension) [2],128,reverse oblique,28
159,Malibu Coast (extension) [2],129,reverse oblique,26
159,Malibu Coast (extension) [2],130,reverse oblique,23
159,Malibu Coast (extension) [2],131,reverse oblique,25
159,Malibu Coast (extension) [2],132,reverse oblique,36
159,Malibu Coast (extension) [2],133,reverse oblique,22
159,Malibu Coast (extension) [2],134,reverse oblique,21
159,Malibu Coast (extension) [2],135,reverse oblique,35
159,Malibu Coast (extension) [2],136,reverse oblique,30
159,Malibu Coast (extension) [2],137,reverse oblique,9
159,Malibu Coast (extension) [2],138,reverse oblique,44
159,Malibu Coast (extension) [2],139,reverse oblique,28
159,Malibu Coast (extension) [2],140,reverse oblique,32
159,Malibu Coast (extension) [2],141,reverse oblique,26
159,Malibu Coast (extension) [2],142,reverse oblique,26
159,Malibu Coast (extension) [2],143,reverse oblique,28
159,Malibu Coast (extension) [2],144,reverse oblique,20
159,Malibu Coast (extension) [2],145,reverse oblique,16
159,Malibu Coast (extension) [2],146,reverse oblique,10
159,Malibu Coast (extension) [2],147,reverse oblique,7
159,Malibu Coast (extension) [2],148,reverse oblique,6
161,Malibu Coast [2],30,reverse oblique,222
161,Malibu Coast [2],32,reverse oblique,20
161,Malibu Coast [2],33,reverse oblique,39
161,Malibu Coast [2],34,reverse oblique,407
161,Malibu Coast [2],35,reverse oblique,238
161,Malibu Coast [2],36,reverse oblique,182
161,Malibu Coast [2],37,reverse oblique,165
161,Malibu Coast [2],38,reverse oblique,199
161,Malibu Coast [2],39,reverse oblique,182
161,Malibu Coast [2],40,reverse oblique,238
161,Malibu Coast [2],41,reverse oblique,187
161,Malibu Coast [2],42,reverse oblique,227
161,Malibu Coast [2],43,reverse oblique,221
161,Malibu Coast [2],44,reverse oblique,375
161,Malibu Coast [2],45,reverse oblique,370
161,Malibu Coast [2],46,reverse oblique,546
161,Malibu Coast [2],47,reverse oblique,525
161,Malibu Coast [2],48,reverse oblique,572
161,Malibu Coast [2],49,reverse oblique,428
161,Malibu Coast [2],50,reverse oblique,507
161,Malibu Coast [2],51,reverse oblique,405
161,Malibu Coast [2],52,reverse oblique,560
161,Malibu Coast [2],53,reverse oblique,381
161,Malibu Coast [2],54,reverse oblique,550
161,Malibu Coast [2],55,reverse oblique,392
161,Malibu Coast [2],56,reverse oblique,560
161,Malibu Coast [2],57,reverse oblique,475
161,Malibu Coast [2],58,reverse oblique,589
161,Malibu Coast [2],59,reverse oblique,470
161,Malibu Coast [2],60,reverse oblique,509
161,Malibu Coast [2],61,reverse oblique,407
161,Malibu Coast [2],62,reverse oblique,574
161,Malibu Coast [2],63,reverse oblique,411
161,Malibu Coast [2],64,reverse oblique,551
161,Malibu Coast [2],65,reverse oblique,422
161,Malibu Coast [2],66,reverse oblique,546
161,Malibu Coast [2],67,reverse oblique,420
161,Malibu Coast [2],68,reverse oblique,516
161,Malibu Coast [2],69,reverse oblique,439
161,Malibu Coast [2],70,reverse,525
161,Malibu Coast [2],71,reverse,385
161,Malibu Coast [2],72,reverse,573
161,Malibu Coast [2],73,reverse,381
161,Malibu Coast [2],74,reverse,340
161,Malibu Coast [2],75,reverse,364
161,Malibu Coast [2],76,reverse,323
161,Malibu Coast [2],77,reverse,218
161,Malibu Coast [2],78,reverse,312
161,Malibu Coast [2],79,reverse,233
161,Malibu Coast [2],80,reverse,214
161,Malibu Coast [2],81,reverse,224
161,Malibu Coast [2],82,reverse,173
161,Malibu Coast [2],83,reverse,141
161,Malibu Coast [2],84,reverse,133
161,Malibu Coast [2],85,reverse,91
161,Malibu Coast [2],86,reverse,157
161,Malibu Coast [2],87,reverse,105
161,Malibu Coast [2],88,reverse,109
161,Malibu Coast [2],89,reverse,116
161,Malibu Coast [2],90,reverse,146
161,Malibu Coast [2],91,reverse,170
161,Malibu Coast [2],92,reverse,87
161,Malibu Coast [2],93,reverse,78
161,Malibu Coast [2],94,reverse,146
161,Malibu Coast [2],95,reverse,117
161,Malibu Coast [2],96,reverse,96
161,Malibu Coast [2],97,reverse,118
161,Malibu Coast [2],98,reverse,122
161,Malibu Coast [2],99,reverse,93
161,Malibu Coast [2],100,reverse,121
161,Malibu Coast [2],101,reverse,88
161,Malibu Coast [2],102,reverse,137
161,Malibu Coast [2],103,reverse,73
161,Malibu Coast [2],104,reverse,114
161,Malibu Coast [2],105,reverse,96
161,Malibu Coast [2],106,reverse,112
161,Malibu Coast [2],107,reverse,77
161,Malibu Coast [2],108,reverse,114
161,Malibu Coast [2],109,reverse,79
161,Malibu Coast [2],110,reverse oblique,87
161,Malibu Coast [2],111,reverse oblique,91
161,Malibu Coast [2],112,reverse oblique,93
161,Malibu Coast [2],113,reverse oblique,71
161,Malibu Coast [2],114,reverse oblique,76
161,Malibu Coast [2],115,reverse oblique,66
161,Malibu Coast [2],116,reverse oblique,86
161,Malibu Coast [2],117,reverse oblique,81
161,Malibu Coast [2],118,reverse oblique,85
161,Malibu Coast [2],119,reverse oblique,69
161,Malibu Coast [2],120,reverse oblique,86
161,Malibu Coast [2],121,reverse oblique,95
161,Malibu Coast [2],122,reverse oblique,81
161,Malibu Coast [2],123,reverse oblique,81
161,Malibu Coast [2],124,reverse oblique,94
161,Malibu Coast [2],125,reverse oblique,73
161,Malibu Coast [2],126,reverse oblique,75
161,Malibu Coast [2],127,reverse oblique,68
161,Malibu Coast [2],128,reverse oblique,83
161,Malibu Coast [2],129,reverse oblique,69
161,Malibu Coast [2],130,reverse oblique,60
161,Malibu Coast [2],131,reverse oblique,82
161,Malibu Coast [2],132,reverse oblique,76
161,Malibu Coast [2],133,reverse oblique,62
161,Malibu Coast [2],134,reverse oblique,74
161,Malibu Coast [2],135,reverse oblique,78
161,Malibu Coast [2],136,reverse oblique,65
161,Malibu Coast [2],137,reverse oblique,38
161,Malibu Coast [2],138,reverse oblique,95
161,Malibu Coast [2],139,reverse oblique,68
161,Malibu Coast [2],140,reverse oblique,73
161,Malibu Coast [2],141,reverse oblique,72
161,Malibu Coast [2],142,reverse oblique,55
161,Malibu Coast [2],143,reverse oblique,76
161,Malibu Coast [2],144,reverse oblique,72
161,Malibu Coast [2],145,reverse oblique,56
161,Malibu Coast [2],146,reverse oblique,58
161,Malibu Coast [2],147,reverse oblique,49
161,Malibu Coast [2],148,reverse oblique,54
161,Malibu Coast [2],149,reverse oblique,37
161,Malibu Coast [2],150,reverse oblique,51
161,Malibu Coast [2],151,reverse oblique,34
161,Malibu Coast [2],152,reverse oblique,45
161,Malibu Coast [2],153,reverse oblique,29
161,Malibu Coast [2],154,reverse oblique,25
161,Malibu Coast [2],155,reverse oblique,19
161,Malibu Coast [2],156,reverse oblique,15
161,Malibu Coast [2],157,reverse oblique,12
161,Malibu Coast [2],158,reverse oblique,2
162,Manix - Afton Hills,0,strike-slip,261
162,Manix - Afton Hills,180,strike-slip,7
164,McLean Lake,0,strike-slip,264
165,Mendocino,100,reverse,2
165,Mendocino,102,reverse,2
165,Mendocino,104,reverse,2
165,Mendocino,105,reverse,3
165,Mendocino,107,reverse,5
165,Mendocino,109,reverse,4
165,Mendocino,110,reverse oblique,3
165,Mendocino,112,reverse oblique,6
165,Mendocino,114,reverse oblique,5
165,Mendocino,115,reverse oblique,3
165,Mendocino,116,reverse oblique,4
165,Mendocino,117,reverse oblique,5
165,Mendocino,118,reverse oblique,6
165,Mendocino,122,reverse oblique,27
165,Mendocino,124,reverse oblique,2
165,Mendocino,125,reverse oblique,8
165,Mendocino,126,reverse oblique,13
165,Mendocino,128,reverse oblique,5
165,Mendocino,129,reverse oblique,12
165,Mendocino,130,reverse oblique,3
165,Mendocino,131,reverse oblique,11
165,Mendocino,133,reverse oblique,9
165,Mendocino,134,reverse oblique,8
165,Mendocino,135,reverse oblique,4
165,Mendocino,136,reverse oblique,13
165,Mendocino,137,reverse oblique,7
165,Mendocino,138,reverse oblique,9
165,Mendocino,139,reverse oblique,7
165,Mendocino,140,reverse oblique,11
165,Mendocino,141,reverse oblique,30
165,Mendocino,142,reverse oblique,6
165,Mendocino,143,reverse oblique,10
165,Mendocino,144,reverse oblique,30
165,Mendocino,145,reverse oblique,16
165,Mendocino,146,reverse oblique,29
165,Mendocino,147,reverse oblique,23
165,Mendocino,148,reverse oblique,40
165,Mendocino,149,reverse oblique,25
165,Mendocino,150,reverse oblique,42
165,Mendocino,151,reverse oblique,25
165,Mendocino,152,reverse oblique,67
165,Mendocino,153,reverse oblique,57
165,Mendocino,154,reverse oblique,69
165,Mendocino,155,reverse oblique,54
165,Mendocino,156,reverse oblique,99
165,Mendocino,157,reverse oblique,76
165,Mendocino,158,reverse oblique,101
165,Mendocino,159,reverse oblique,103
165,Mendocino,160,strike-slip,153
165,Mendocino,161,strike-slip,114
165,Mendocino,162,strike-slip,180
165,Mendocino,163,strike-slip,202
165,Mendocino,164,strike-slip,260
165,Mendocino,165,strike-slip,274
165,Mendocino,166,strike-slip,400
165,Mendocino,167,strike-slip,367
165,Mendocino,168,strike-slip,524
165,Mendocino,169,strike-slip,488
165,Mendocino,170,strike-slip,729
165,Mendocino,171,strike-slip,556
165,Mendocino,172,strike-slip,1044
165,Mendocino,173,strike-slip,1789
165,Mendocino,174,strike-slip,6359
165,Mendocino,175,strike-slip,8176
165,Mendocino,176,strike-slip,38245
165,Mendocino,177,strike-slip,20497
165,Mendocino,178,strike-slip,24988
165,Mendocino,179,strike-slip,63388
165,Mendocino,180,strike-slip,179393
166,"Mill Creek (San Andreas, north branch)",0,strike-slip,200
166,"Mill Creek (San Andreas, north branch)",102,reverse,2
166,"Mill Creek (San Andreas, north branch)",104,reverse,2
166,"Mill Creek (San Andreas, north branch)",106,reverse,7
166,"Mill Creek (San Andreas, north branch)",107,reverse,3
166,"Mill Creek (San Andreas, north branch)",109,reverse,9
166,"Mill Creek (San Andreas, north branch)",110,reverse oblique,11
166,"Mill Creek (San Andreas, north branch)",111,reverse oblique,2
166,"Mill Creek (San Andreas, north branch)",112,reverse oblique,8
166,"Mill Creek (San Andreas, north branch)",113,reverse oblique,12
166,"Mill Creek (San Andreas, north branch)",114,reverse oblique,10
166,"Mill Creek (San Andreas, north branch)",115,reverse oblique,3
166,"Mill Creek (San Andreas, north branch)",116,reverse oblique,14
166,"Mill Creek (San Andreas, north branch)",117,reverse oblique,15
166,"Mill Creek (San Andreas, north branch)",118,reverse oblique,16
166,"Mill Creek (San Andreas, north branch)",119,reverse oblique,15
166,"Mill Creek (San Andreas, north branch)",120,reverse oblique,13
166,"Mill Creek (San Andreas, north branch)",121,reverse oblique,12
166,"Mill Creek (San Andreas, north branch)",122,reverse oblique,25
166,"Mill Creek (San Andreas, north branch)",123,reverse oblique,23
166,"Mill Creek (San Andreas, north branch)",124,reverse oblique,14
166,"Mill Creek (San Andreas, north branch)",125,reverse oblique,13
166,"Mill Creek (San Andreas, north branch)",126,reverse oblique,28
166,"Mill Creek (San Andreas, north branch)",127,reverse oblique,20
166,"Mill Creek (San Andreas, north branch)",128,reverse oblique,34
166,"Mill Creek (San Andreas, north branch)",129,reverse oblique,30
166,"Mill Creek (San Andreas, north branch)",130,reverse oblique,32
166,"Mill Creek (San Andreas, north branch)",131,reverse oblique,20
166,"Mill Creek (San Andreas, north branch)",132,reverse oblique,42
166,"Mill Creek (San Andreas, north branch)",133,reverse oblique,17
166,"Mill Creek (San Andreas, north branch)",134,reverse oblique,27
166,"Mill Creek (San Andreas, north branch)",135,reverse oblique,47
166,"Mill Creek (San Andreas, north branch)",136,reverse oblique,19
166,"Mill Creek (San Andreas, north branch)",137,reverse oblique,23
166,"Mill Creek (San Andreas, north branch)",138,reverse oblique,47
166,"Mill Creek (San Andreas, north branch)",139,reverse oblique,45
166,"Mill Creek (San Andreas, north branch)",140,reverse oblique,43
166,"Mill Creek (San Andreas, north branch)",141,reverse oblique,43
166,"Mill Creek (San Andreas, north branch)",142,reverse oblique,22
166,"Mill Creek (San Andreas, north branch)",143,reverse oblique,51
166,"Mill Creek (San Andreas, north branch)",144,reverse oblique,58
166,"Mill Creek (San Andreas, north branch)",145,reverse oblique,63
166,"Mill Creek (San Andreas, north branch)",146,reverse oblique,67
166,"Mill Creek (San Andreas, north branch)",147,reverse oblique,79
166,"Mill Creek (San Andreas, north branch)",148,reverse oblique,79
166,"Mill Creek (San Andreas, north branch)",149,reverse oblique,107
166,"Mill Creek (San Andreas, north branch)",150,reverse oblique,87
166,"Mill Creek (San Andreas, north branch)",151,reverse oblique,149
166,"Mill Creek (San Andreas, north branch)",152,reverse oblique,93
166,"Mill Creek (San Andreas, north branch)",153,reverse oblique,90
166,"Mill Creek (San Andreas, north branch)",154,reverse oblique,201
166,"Mill Creek (San Andreas, north branch)",155,reverse oblique,97
166,"Mill Creek (San Andreas, north branch)",156,reverse oblique,186
166,"Mill Creek (San Andreas, north branch)",157,reverse oblique,114
166,"Mill Creek (San Andreas, north branch)",158,reverse oblique,154
166,"Mill Creek (San Andreas, north branch)",159,reverse oblique,169
166,"Mill Creek (San Andreas, north branch)",160,strike-slip,135
166,"Mill Creek (San Andreas, north branch)",161,strike-slip,210
166,"Mill Creek (San Andreas, north branch)",162,strike-slip,150
166,"Mill Creek (San Andreas, north branch)",163,strike-slip,139
166,"Mill Creek (San Andreas, north branch)",164,strike-slip,206
166,"Mill Creek (San Andreas, north branch)",165,strike-slip,183
166,"Mill Creek (San Andreas, north branch)",166,strike-slip,346
166,"Mill Creek (San Andreas, north branch)",167,strike-slip,300
166,"Mill Creek (San Andreas, north branch)",168,strike-slip,404
166,"Mill Creek (San Andreas, north branch)",169,strike-slip,392
166,"Mill Creek (San Andreas, north branch)",170,strike-slip,638
166,"Mill Creek (San Andreas, north branch)",171,strike-slip,692
166,"Mill Creek (San Andreas, north branch)",172,strike-slip,1339
166,"Mill Creek (San Andreas, north branch)",173,strike-slip,2149
166,"Mill Creek (San Andreas, north branch)",174,strike-slip,3373
166,"Mill Creek (San Andreas, north branch)",175,strike-slip,2392
166,"Mill Creek (San Andreas, north branch)",176,strike-slip,3041
166,"Mill Creek (San Andreas, north branch)",177,strike-slip,8828
166,"Mill Creek (San Andreas, north branch)",178,strike-slip,4933
166,"Mill Creek (San Andreas, north branch)",179,strike-slip,22760
166,"Mill Creek (San Andreas, north branch)",180,strike-slip,99777
167,Mission (connected),161,strike-slip,2
167,Mission (connected),162,strike-slip,3
167,Mission (connected),163,strike-slip,6
167,Mission (connected),164,strike-slip,14
167,Mission (connected),165,strike-slip,18
167,Mission (connected),166,strike-slip,30
167,Mission (connected),167,strike-slip,43
167,Mission (connected),168,strike-slip,49
167,Mission (connected),169,strike-slip,217
167,Mission (connected),170,strike-slip,132
167,Mission (connected),171,strike-slip,75
167,Mission (connected),172,strike-slip,341
167,Mission (connected),173,strike-slip,65
167,Mission (connected),174,strike-slip,657
167,Mission (connected),175,strike-slip,411
167,Mission (connected),176,strike-slip,172
167,Mission (connected),177,strike-slip,211
167,Mission (connected),178,strike-slip,263
167,Mission (connected),179,strike-slip,199
167,Mission (connected),180,strike-slip,32217
168,Mission Creek,0,strike-slip,22
168,Mission Creek,115,reverse oblique,2
168,Mission Creek,122,reverse oblique,2
168,Mission Creek,124,reverse oblique,2
168,Mission Creek,125,reverse oblique,3
168,Mission Creek,127,reverse oblique,3
168,Mission Creek,128,reverse oblique,2
168,Mission Creek,130,reverse oblique,4
168,Mission Creek,131,reverse oblique,5
168,Mission Creek,134,reverse oblique,9
168,Mission Creek,137,reverse oblique,9
168,Mission Creek,140,reverse oblique,7
168,Mission Creek,141,reverse oblique,2
168,Mission Creek,143,reverse oblique,2
168,Mission Creek,144,reverse oblique,7
168,Mission Creek,146,reverse oblique,2
168,Mission Creek,147,reverse oblique,7
168,Mission Creek,148,reverse oblique,2
168,Mission Creek,149,reverse oblique,3
168,Mission Creek,150,reverse oblique,4
168,Mission Creek,151,reverse oblique,7
168,Mission Creek,154,reverse oblique,4
168,Mission Creek,156,reverse oblique,2
168,Mission Creek,158,reverse oblique,3
168,Mission Creek,160,strike-slip,4
168,Mission Creek,162,strike-slip,2
168,Mission Creek,164,strike-slip,3
168,Mission Creek,165,strike-slip,6
168,Mission Creek,166,strike-slip,7
168,Mission Creek,167,strike-slip,18
168,Mission Creek,168,strike-slip,9
168,Mission Creek,169,strike-slip,13
168,Mission Creek,170,strike-slip,27
168,Mission Creek,171,strike-slip,24
168,Mission Creek,172,strike-slip,56
168,Mission Creek,173,strike-slip,89
168,Mission Creek,174,strike-slip,203
168,Mission Creek,175,strike-slip,72
168,Mission Creek,176,strike-slip,122
168,Mission Creek,177,strike-slip,65
168,Mission Creek,178,strike-slip,90
168,Mission Creek,179,strike-slip,462
168,Mission Creek,180,strike-slip,1963
169,Mission Hills,70,reverse,2
169,Mission Hills,72,reverse,2
169,Mission Hills,73,reverse,4
169,Mission Hills,74,reverse,4
169,Mission Hills,75,reverse,8
169,Mission Hills,76,reverse,6
169,Mission Hills,77,reverse,12
169,Mission Hills,78,reverse,4
169,Mission Hills,79,reverse,14
169,Mission Hills,80,reverse,26
169,Mission Hills,81,reverse,14
169,Mission Hills,82,reverse,28
169,Mission Hills,83,reverse,58
169,Mission Hills,84,reverse,122
169,Mission Hills,85,reverse,140
169,Mission Hills,86,reverse,84
169,Mission Hills,87,reverse,106
169,Mission Hills,88,reverse,22
169,Mission Hills,90,reverse,916
169,Mission Hills,93,reverse,6
169,Mission Hills,94,reverse,4
169,Mission Hills,95,reverse,4
169,Mission Hills,96,reverse,18
169,Mission Hills,97,reverse,6
169,Mission Hills,99,reverse,10
169,Mission Hills,100,reverse,12
169,Mission Hills,101,reverse,4
169,Mission Hills,102,reverse,6
169,Mission Hills,104,reverse,10
169,Mission Hills,105,reverse,8
169,Mission Hills,106,reverse,4
169,Mission Hills,107,reverse,4
169,Mission Hills,108,reverse,6
169,Mission Hills,109,reverse,10
169,Mission Hills,110,reverse oblique,6
169,Mission Hills,111,reverse oblique,6
169,Mission Hills,112,reverse oblique,6
169,Mission Hills,114,reverse oblique,4
169,Mission Hills,115,reverse oblique,4
169,Mission Hills,116,reverse oblique,6
169,Mission Hills,117,reverse oblique,6
169,Mission Hills,118,reverse oblique,4
169,Mission Hills,119,reverse oblique,10
169,Mission Hills,120,reverse oblique,2
169,Mission Hills,121,reverse oblique,6
169,Mission Hills,123,reverse oblique,2
169,Mission Hills,124,reverse oblique,2
169,Mission Hills,125,reverse oblique,2
169,Mission Hills,126,reverse oblique,6
169,Mission Hills,127,reverse oblique,2
169,Mission Hills,128,reverse oblique,8
169,Mission Hills,129,reverse oblique,2
169,Mission Hills,130,reverse oblique,6
169,Mission Hills,131,reverse oblique,4
169,Mission Hills,132,reverse oblique,6
169,Mission Hills,133,reverse oblique,4
169,Mission Hills,134,reverse oblique,4
169,Mission Hills,135,reverse oblique,4
169,Mission Hills,136,reverse oblique,4
169,Mission Hills,137,reverse oblique,2
169,Mission Hills,138,reverse oblique,4
169,Mission Hills,139,reverse oblique,8
169,Mission Hills,140,reverse oblique,6
169,Mission Hills,141,reverse oblique,8
169,Mission Hills,142,reverse oblique,6
169,Mission Hills,143,reverse oblique,6
169,Mission Hills,144,reverse oblique,2
169,Mission Hills,145,reverse oblique,2
169,Mission Hills,146,reverse oblique,2
170,Mission Ridge - Arroyo Parida - Santa Ana,36,reverse oblique,2
170,Mission Ridge - Arroyo Parida - Santa Ana,37,reverse oblique,3
170,Mission Ridge - Arroyo Parida - Santa Ana,38,reverse oblique,4
170,Mission Ridge - Arroyo Parida - Santa Ana,39,reverse oblique,2
170,Mission Ridge - Arroyo Parida - Santa Ana,41,reverse oblique,3
170,Mission Ridge - Arroyo Parida - Santa Ana,42,reverse oblique,4
170,Mission Ridge - Arroyo Parida - Santa Ana,43,reverse oblique,2
170,Mission Ridge - Arroyo Parida - Santa Ana,44,reverse oblique,3
170,Mission Ridge - Arroyo Parida - Santa Ana,46,reverse oblique,4
170,Mission Ridge - Arroyo Parida - Santa Ana,47,reverse oblique,4
170,Mission Ridge - Arroyo Parida - Santa Ana,49,reverse oblique,3
170,Mission Ridge - Arroyo Parida - Santa Ana,50,reverse oblique,7
170,Mission Ridge - Arroyo Parida - Santa Ana,52,reverse oblique,4
170,Mission Ridge - Arroyo Parida - Santa Ana,53,reverse oblique,2
170,Mission Ridge - Arroyo Parida - Santa Ana,54,reverse oblique,8
170,Mission Ridge - Arroyo Parida - Santa Ana,55,reverse oblique,4
170,Mission Ridge - Arroyo Parida - Santa Ana,56,reverse oblique,6
170,Mission Ridge - Arroyo Parida - Santa Ana,58,reverse oblique,11
170,Mission Ridge - Arroyo Parida - Santa Ana,60,reverse oblique,11
170,Mission Ridge - Arroyo Parida - Santa Ana,61,reverse oblique,16
170,Mission Ridge - Arroyo Parida - Santa Ana,63,reverse oblique,14
170,Mission Ridge - Arroyo Parida - Santa Ana,64,reverse oblique,16
170,Mission Ridge - Arroyo Parida - Santa Ana,65,reverse oblique,14
170,Mission Ridge - Arroyo Parida - Santa Ana,66,reverse oblique,22
170,Mission Ridge - Arroyo Parida - Santa Ana,67,reverse oblique,20
170,Mission Ridge - Arroyo Parida - Santa Ana,68,reverse oblique,29
170,Mission Ridge - Arroyo Parida - Santa Ana,69,reverse oblique,37
170,Mission Ridge - Arroyo Parida - Santa Ana,70,reverse,71
170,Mission Ridge - Arroyo Parida - Santa Ana,71,reverse,38
170,Mission Ridge - Arroyo Parida - Santa Ana,72,reverse,84
170,Mission Ridge - Arroyo Parida - Santa Ana,73,reverse,81
170,Mission Ridge - Arroyo Parida - Santa Ana,74,reverse,122
170,Mission Ridge - Arroyo Parida - Santa Ana,75,reverse,101
170,Mission Ridge - Arroyo Parida - Santa Ana,76,reverse,184
170,Mission Ridge - Arroyo Parida - Santa Ana,77,reverse,166
170,Mission Ridge - Arroyo Parida - Santa Ana,78,reverse,189
170,Mission Ridge - Arroyo Parida - Santa Ana,79,reverse,326
170,Mission Ridge - Arroyo Parida - Santa Ana,80,reverse,567
170,Mission Ridge - Arroyo Parida - Santa Ana,81,reverse,494
170,Mission Ridge - Arroyo Parida - Santa Ana,82,reverse,603
170,Mission Ridge - Arroyo Parida - Santa Ana,83,reverse,105
170,Mission Ridge - Arroyo Parida - Santa Ana,84,reverse,126
170,Mission Ridge - Arroyo Parida - Santa Ana,85,reverse,36
170,Mission Ridge - Arroyo Parida - Santa Ana,86,reverse,48
170,Mission Ridge - Arroyo Parida - Santa Ana,87,reverse,12
170,Mission Ridge - Arroyo Parida - Santa Ana,88,reverse,706
170,Mission Ridge - Arroyo Parida - Santa Ana,90,reverse,32229
170,Mission Ridge - Arroyo Parida - Santa Ana,91,reverse,1133
170,Mission Ridge - Arroyo Parida - Santa Ana,92,reverse,425
170,Mission Ridge - Arroyo Parida - Santa Ana,93,reverse,60
170,Mission Ridge - Arroyo Parida - Santa Ana,94,reverse,161
170,Mission Ridge - Arroyo Parida - Santa Ana,95,reverse,256
170,Mission Ridge - Arroyo Parida - Santa Ana,96,reverse,313
170,Mission Ridge - Arroyo Parida - Santa Ana,97,reverse,238
170,Mission Ridge - Arroyo Parida - Santa Ana,98,reverse,366
170,Mission Ridge - Arroyo Parida - Santa Ana,99,reverse,371
170,Mission Ridge - Arroyo Parida - Santa Ana,100,reverse,197
170,Mission Ridge - Arroyo Parida - Santa Ana,101,reverse,258
170,Mission Ridge - Arroyo Parida - Santa Ana,102,reverse,295
170,Mission Ridge - Arroyo Parida - Santa Ana,103,reverse,148
170,Mission Ridge - Arroyo Parida - Santa Ana,104,reverse,274
170,Mission Ridge - Arroyo Parida - Santa Ana,105,reverse,179
170,Mission Ridge - Arroyo Parida - Santa Ana,106,reverse,218
170,Mission Ridge - Arroyo Parida - Santa Ana,107,reverse,200
170,Mission Ridge - Arroyo Parida - Santa Ana,108,reverse,204
170,Mission Ridge - Arroyo Parida - Santa Ana,109,reverse,226
170,Mission Ridge - Arroyo Parida - Santa Ana,110,reverse oblique,181
170,Mission Ridge - Arroyo Parida - Santa Ana,111,reverse oblique,126
170,Mission Ridge - Arroyo Parida - Santa Ana,112,reverse oblique,209
170,Mission Ridge - Arroyo Parida - Santa Ana,113,reverse oblique,122
170,Mission Ridge - Arroyo Parida - Santa Ana,114,reverse oblique,105
170,Mission Ridge - Arroyo Parida - Santa Ana,115,reverse oblique,63
170,Mission Ridge - Arroyo Parida - Santa Ana,116,reverse oblique,63
170,Mission Ridge - Arroyo Parida - Santa Ana,117,reverse oblique,34
170,Mission Ridge - Arroyo Parida - Santa Ana,118,reverse oblique,29
170,Mission Ridge - Arroyo Parida - Santa Ana,119,reverse oblique,25
170,Mission Ridge - Arroyo Parida - Santa Ana,120,reverse oblique,2
170,Mission Ridge - Arroyo Parida - Santa Ana,122,reverse oblique,18
170,Mission Ridge - Arroyo Parida - Santa Ana,124,reverse oblique,5
170,Mission Ridge - Arroyo Parida - Santa Ana,125,reverse oblique,2
171,Mohawk Valley,180,strike-slip,156
172,Mono Lake,-90,normal,7
173,Monte Vista - Shannon,90,reverse,112
173,Monte Vista - Shannon,96,reverse,7
173,Monte Vista - Shannon,97,reverse,6
173,Monte Vista - Shannon,98,reverse,10
173,Monte Vista - Shannon,99,reverse,7
173,Monte Vista - Shannon,100,reverse,18
173,Monte Vista - Shannon,102,reverse,23
173,Monte Vista - Shannon,104,reverse,17
173,Monte Vista - Shannon,105,reverse,11
173,Monte Vista - Shannon,106,reverse,10
173,Monte Vista - Shannon,107,reverse,27
173,Monte Vista - Shannon,108,reverse,16
173,Monte Vista - Shannon,109,reverse,4
173,Monte Vista - Shannon,110,reverse oblique,46
173,Monte Vista - Shannon,111,reverse oblique,26
173,Monte Vista - Shannon,112,reverse oblique,4
173,Monte Vista - Shannon,113,reverse oblique,16
173,Monte Vista - Shannon,114,reverse oblique,37
173,Monte Vista - Shannon,115,reverse oblique,24
173,Monte Vista - Shannon,116,reverse oblique,33
173,Monte Vista - Shannon,117,reverse oblique,21
173,Monte Vista - Shannon,118,reverse oblique,33
173,Monte Vista - Shannon,119,reverse oblique,52
173,Monte Vista - Shannon,120,reverse oblique,34
173,Monte Vista - Shannon,121,reverse oblique,48
173,Monte Vista - Shannon,122,reverse oblique,18
173,Monte Vista - Shannon,123,reverse oblique,66
173,Monte Vista - Shannon,124,reverse oblique,52
173,Monte Vista - Shannon,125,reverse oblique,50
173,Monte Vista - Shannon,126,reverse oblique,111
173,Monte Vista - Shannon,127,reverse oblique,41
173,Monte Vista - Shannon,128,reverse oblique,66
173,Monte Vista - Shannon,129,reverse oblique,88
173,Monte Vista - Shannon,130,reverse oblique,112
173,Monte Vista - Shannon,131,reverse oblique,74
173,Monte Vista - Shannon,132,reverse oblique,100
173,Monte Vista - Shannon,133,reverse oblique,114
173,Monte Vista - Shannon,134,reverse oblique,152
173,Monte Vista - Shannon,135,reverse oblique,81
173,Monte Vista - Shannon,136,reverse oblique,112
173,Monte Vista - Shannon,137,reverse oblique,118
173,Monte Vista - Shannon,138,reverse oblique,119
173,Monte Vista - Shannon,139,reverse oblique,84
173,Monte Vista - Shannon,140,reverse oblique,119
173,Monte Vista - Shannon,141,reverse oblique,121
173,Monte Vista - Shannon,142,reverse oblique,119
173,Monte Vista - Shannon,143,reverse oblique,117
173,Monte Vista - Shannon,144,reverse oblique,147
173,Monte Vista - Shannon,145,reverse oblique,100
173,Monte Vista - Shannon,146,reverse oblique,178
173,Monte Vista - Shannon,147,reverse oblique,125
173,Monte Vista - Shannon,148,reverse oblique,183
173,Monte Vista - Shannon,149,reverse oblique,153
173,Monte Vista - Shannon,150,reverse oblique,255
173,Monte Vista - Shannon,151,reverse oblique,206
173,Monte Vista - Shannon,152,reverse oblique,264
173,Monte Vista - Shannon,153,reverse oblique,222
173,Monte Vista - Shannon,154,reverse oblique,243
173,Monte Vista - Shannon,155,reverse oblique,210
173,Monte Vista - Shannon,156,reverse oblique,278
173,Monte Vista - Shannon,157,reverse oblique,286
173,Monte Vista - Shannon,158,reverse oblique,309
173,Monte Vista - Shannon,159,reverse oblique,316
173,Monte Vista - Shannon,160,strike-slip,366
173,Monte Vista - Shannon,161,strike-slip,310
173,Monte Vista - Shannon,162,strike-slip,409
173,Monte Vista - Shannon,163,strike-slip,361
173,Monte Vista - Shannon,164,strike-slip,451
173,Monte Vista - Shannon,165,strike-slip,392
173,Monte Vista - Shannon,166,strike-slip,653
173,Monte Vista - Shannon,167,strike-slip,687
173,Monte Vista - Shannon,168,strike-slip,882
173,Monte Vista - Shannon,169,strike-slip,710
173,Monte Vista - Shannon,170,strike-slip,986
173,Monte Vista - Shannon,171,strike-slip,1022
173,Monte Vista - Shannon,172,strike-slip,1432
173,Monte Vista - Shannon,173,strike-slip,1418
173,Monte Vista - Shannon,174,strike-slip,2189
173,Monte Vista - Shannon,175,strike-slip,2653
173,Monte Vista - Shannon,176,strike-slip,2164
173,Monte Vista - Shannon,177,strike-slip,1295
173,Monte Vista - Shannon,178,strike-slip,883
173,Monte Vista - Shannon,179,strike-slip,130
174,Monterey Bay - Tularcitos,150,reverse oblique,442
174,Monterey Bay - Tularcitos,155,reverse oblique,17
174,Monterey Bay - Tularcitos,156,reverse oblique,7
174,Monterey Bay - Tularcitos,157,reverse oblique,23
174,Monterey Bay - Tularcitos,158,reverse oblique,26
174,Monterey Bay - Tularcitos,159,reverse oblique,22
174,Monterey Bay - Tularcitos,160,strike-slip,26
174,Monterey Bay - Tularcitos,161,strike-slip,29
174,Monterey Bay - Tularcitos,162,strike-slip,42
174,Monterey Bay - Tularcitos,163,strike-slip,40
174,Monterey Bay - Tularcitos,164,strike-slip,74
174,Monterey Bay - Tularcitos,165,strike-slip,46
174,Monterey Bay - Tularcitos,166,strike-slip,75
174,Monterey Bay - Tularcitos,167,strike-slip,92
174,Monterey Bay - Tularcitos,168,strike-slip,108
174,Monterey Bay - Tularcitos,169,strike-slip,123
174,Monterey Bay - Tularcitos,170,strike-slip,121
174,Monterey Bay - Tularcitos,171,strike-slip,122
174,Monterey Bay - Tularcitos,172,strike-slip,180
174,Monterey Bay - Tularcitos,173,strike-slip,141
174,Monterey Bay - Tularcitos,174,strike-slip,237
174,Monterey Bay - Tularcitos,175,strike-slip,230
174,Monterey Bay - Tularcitos,176,strike-slip,328
174,Monterey Bay - Tularcitos,177,strike-slip,221
174,Monterey Bay - Tularcitos,178,strike-slip,168
174,Monterey Bay - Tularcitos,179,strike-slip,22
175,Morales (east),90,reverse,7
175,Morales (east),131,reverse oblique,3
175,Morales (east),142,reverse oblique,5
175,Morales (east),150,reverse oblique,3
175,Morales (east),152,reverse oblique,3
175,Morales (east),153,reverse oblique,2
175,Morales (east),154,reverse oblique,5
175,Morales (east),155,reverse oblique,3
175,Morales (east),156,reverse oblique,2
175,Morales (east),157,reverse oblique,3
175,Morales (east),158,reverse oblique,2
175,Morales (east),159,reverse oblique,5
175,Morales (east),160,strike-slip,9
175,Morales (east),161,strike-slip,8
175,Morales (east),162,strike-slip,13
175,Morales (east),163,strike-slip,19
175,Morales (east),164,strike-slip,22
175,Morales (east),165,strike-slip,19
175,Morales (east),166,strike-slip,50
175,Morales (east),167,strike-slip,51
175,Morales (east),168,strike-slip,69
175,Morales (east),169,strike-slip,71
175,Morales (east),170,strike-slip,141
175,Morales (east),171,strike-slip,114
175,Morales (east),172,strike-slip,172
175,Morales (east),173,strike-slip,224
175,Morales (east),174,strike-slip,246
175,Morales (east),175,strike-slip,228
175,Morales (east),176,strike-slip,309
175,Morales (east),177,strike-slip,427
175,Morales (east),178,strike-slip,231
175,Morales (east),179,strike-slip,22
176,Morales (west),90,reverse,16
176,Morales (west),110,reverse oblique,4
176,Morales (west),116,reverse oblique,3
176,Morales (west),118,reverse oblique,8
176,Morales (west),126,reverse oblique,12
176,Morales (west),131,reverse oblique,4
176,Morales (west),132,reverse oblique,4
176,Morales (west),134,reverse oblique,3
176,Morales (west),136,reverse oblique,4
176,Morales (west),137,reverse oblique,8
176,Morales (west),139,reverse oblique,3
176,Morales (west),140,reverse oblique,7
176,Morales (west),141,reverse oblique,4
176,Morales (west),144,reverse oblique,7
176,Morales (west),145,reverse oblique,9
176,Morales (west),146,reverse oblique,4
176,Morales (west),147,reverse oblique,4
176,Morales (west),148,reverse oblique,14
176,Morales (west),149,reverse oblique,7
176,Morales (west),150,reverse oblique,11
176,Morales (west),151,reverse oblique,9
176,Morales (west),152,reverse oblique,16
176,Morales (west),153,reverse oblique,4
176,Morales (west),154,reverse oblique,23
176,Morales (west),155,reverse oblique,32
176,Morales (west),156,reverse oblique,22
176,Morales (west),157,reverse oblique,50
176,Morales (west),158,reverse oblique,61
176,Morales (west),159,reverse oblique,101
176,Morales (west),160,strike-slip,143
176,Morales (west),161,strike-slip,119
176,Morales (west),162,strike-slip,139
176,Morales (west),163,strike-slip,105
176,Morales (west),164,strike-slip,189
176,Morales (west),165,strike-slip,161
176,Morales (west),166,strike-slip,256
176,Morales (west),167,strike-slip,171
176,Morales (west),168,strike-slip,262
176,Morales (west),169,strike-slip,377
176,Morales (west),170,strike-slip,385
176,Morales (west),171,strike-slip,329
176,Morales (west),172,strike-slip,494
176,Morales (west),173,strike-slip,394
176,Morales (west),174,strike-slip,602
176,Morales (west),175,strike-slip,492
176,Morales (west),176,strike-slip,698
176,Morales (west),177,strike-slip,495
176,Morales (west),178,strike-slip,262
176,Morales (west),179,strike-slip,12
179,Mount Diablo [2],90,reverse,16
179,Mount Diablo [2],100,reverse,2
179,Mount Diablo [2],101,reverse,2
179,Mount Diablo [2],103,reverse,2
179,Mount Diablo [2],104,reverse,2
179,Mount Diablo [2],105,reverse,2
179,Mount Diablo [2],109,reverse,2
179,Mount Diablo [2],110,reverse oblique,6
179,Mount Diablo [2],113,reverse oblique,6
179,Mount Diablo [2],116,reverse oblique,7
179,Mount Diablo [2],117,reverse oblique,8
179,Mount Diablo [2],119,reverse oblique,3
179,Mount Diablo [2],123,reverse oblique,7
179,Mount Diablo [2],124,reverse oblique,7
179,Mount Diablo [2],125,reverse oblique,3
179,Mount Diablo [2],126,reverse oblique,6
179,Mount Diablo [2],127,reverse oblique,4
179,Mount Diablo [2],128,reverse oblique,4
179,Mount Diablo [2],130,reverse oblique,6
179,Mount Diablo [2],131,reverse oblique,11
179,Mount Diablo [2],132,reverse oblique,7
179,Mount Diablo [2],134,reverse oblique,13
179,Mount Diablo [2],135,reverse oblique,11
179,Mount Diablo [2],136,reverse oblique,11
179,Mount Diablo [2],137,reverse oblique,6
179,Mount Diablo [2],138,reverse oblique,4
179,Mount Diablo [2],139,reverse oblique,18
179,Mount Diablo [2],140,reverse oblique,4
179,Mount Diablo [2],141,reverse oblique,20
179,Mount Diablo [2],142,reverse oblique,14
179,Mount Diablo [2],143,reverse oblique,18
179,Mount Diablo [2],144,reverse oblique,25
179,Mount Diablo [2],145,reverse oblique,14
179,Mount Diablo [2],146,reverse oblique,37
179,Mount Diablo [2],147,reverse oblique,10
179,Mount Diablo [2],148,reverse oblique,44
179,Mount Diablo [2],149,reverse oblique,4
179,Mount Diablo [2],150,reverse oblique,54
179,Mount Diablo [2],151,reverse oblique,33
179,Mount Diablo [2],152,reverse oblique,43
179,Mount Diablo [2],153,reverse oblique,44
179,Mount Diablo [2],154,reverse oblique,71
179,Mount Diablo [2],155,reverse oblique,64
179,Mount Diablo [2],156,reverse oblique,74
179,Mount Diablo [2],157,reverse oblique,52
179,Mount Diablo [2],158,reverse oblique,107
179,Mount Diablo [2],159,reverse oblique,109
179,Mount Diablo [2],160,strike-slip,149
179,Mount Diablo [2],161,strike-slip,135
179,Mount Diablo [2],162,strike-slip,185
179,Mount Diablo [2],163,strike-slip,182
179,Mount Diablo [2],164,strike-slip,241
179,Mount Diablo [2],165,strike-slip,212
179,Mount Diablo [2],166,strike-slip,250
179,Mount Diablo [2],167,strike-slip,237
179,Mount Diablo [2],168,strike-slip,293
179,Mount Diablo [2],169,strike-slip,198
179,Mount Diablo [2],170,strike-slip,214
179,Mount Diablo [2],171,strike-slip,117
179,Mount Diablo [2],172,strike-slip,186
179,Mount Diablo [2],173,strike-slip,227
179,Mount Diablo [2],174,strike-slip,287
179,Mount Diablo [2],175,strike-slip,149
179,Mount Diablo [2],176,strike-slip,33
179,Mount Diablo [2],177,strike-slip,16
179,Mount Diablo [2],178,strike-slip,2
180,Nelson Lake,0,strike-slip,174
181,Newport - Inglewood (offshore),83,reverse,2
181,Newport - Inglewood (offshore),85,reverse,3
181,Newport - Inglewood (offshore),86,reverse,6
181,Newport - Inglewood (offshore),88,reverse,10
181,Newport - Inglewood (offshore),89,reverse,9
181,Newport - Inglewood (offshore),90,reverse,8
181,Newport - Inglewood (offshore),91,reverse,18
181,Newport - Inglewood (offshore),92,reverse,10
181,Newport - Inglewood (offshore),93,reverse,22
181,Newport - Inglewood (offshore),94,reverse,48
181,Newport - Inglewood (offshore),95,reverse,26
181,Newport - Inglewood (offshore),96,reverse,55
181,Newport - Inglewood (offshore),97,reverse,40
181,Newport - Inglewood (offshore),98,reverse,51
181,Newport - Inglewood (offshore),99,reverse,27
181,Newport - Inglewood (offshore),100,reverse,59
181,Newport - Inglewood (offshore),101,reverse,30
181,Newport - Inglewood (offshore),102,reverse,69
181,Newport - Inglewood (offshore),103,reverse,63
181,Newport - Inglewood (offshore),104,reverse,65
181,Newport - Inglewood (offshore),105,reverse,57
181,Newport - Inglewood (offshore),106,reverse,84
181,Newport - Inglewood (offshore),107,reverse,70
181,Newport - Inglewood (offshore),108,reverse,68
181,Newport - Inglewood (offshore),109,reverse,50
181,Newport - Inglewood (offshore),110,reverse oblique,85
181,Newport - Inglewood (offshore),111,reverse oblique,97
181,Newport - Inglewood (offshore),112,reverse oblique,60
181,Newport - Inglewood (offshore),113,reverse oblique,65
181,Newport - Inglewood (offshore),114,reverse oblique,63
181,Newport - Inglewood (offshore),115,reverse oblique,66
181,Newport - Inglewood (offshore),116,reverse oblique,82
181,Newport - Inglewood (offshore),117,reverse oblique,40
181,Newport - Inglewood (offshore),118,reverse oblique,76
181,Newport - Inglewood (offshore),119,reverse oblique,68
181,Newport - Inglewood (offshore),120,reverse oblique,42
181,Newport - Inglewood (offshore),121,reverse oblique,50
181,Newport - Inglewood (offshore),122,reverse oblique,99
181,Newport - Inglewood (offshore),123,reverse oblique,39
181,Newport - Inglewood (offshore),124,reverse oblique,53
181,Newport - Inglewood (offshore),125,reverse oblique,57
181,Newport - Inglewood (offshore),126,reverse oblique,48
181,Newport - Inglewood (offshore),127,reverse oblique,39
181,Newport - Inglewood (offshore),128,reverse oblique,66
181,Newport - Inglewood (offshore),129,reverse oblique,75
181,Newport - Inglewood (offshore),130,reverse oblique,19
181,Newport - Inglewood (offshore),131,reverse oblique,47
181,Newport - Inglewood (offshore),132,reverse oblique,78
181,Newport - Inglewood (offshore),133,reverse oblique,49
181,Newport - Inglewood (offshore),134,reverse oblique,35
181,Newport - Inglewood (offshore),135,reverse oblique,30
181,Newport - Inglewood (offshore),136,reverse oblique,64
181,Newport - Inglewood (offshore),137,reverse oblique,38
181,Newport - Inglewood (offshore),138,reverse oblique,42
181,Newport - Inglewood (offshore),139,reverse oblique,45
181,Newport - Inglewood (offshore),140,reverse oblique,74
181,Newport - Inglewood (offshore),141,reverse oblique,72
181,Newport - Inglewood (offshore),142,reverse oblique,77
181,Newport - Inglewood (offshore),143,reverse oblique,62
181,Newport - Inglewood (offshore),144,reverse oblique,78
181,Newport - Inglewood (offshore),145,reverse oblique,67
181,Newport - Inglewood (offshore),146,reverse oblique,83
181,Newport - Inglewood (offshore),147,reverse oblique,73
181,Newport - Inglewood (offshore),148,reverse oblique,103
181,Newport - Inglewood (offshore),149,reverse oblique,74
181,Newport - Inglewood (offshore),150,reverse oblique,34
181,Newport - Inglewood (offshore),151,reverse oblique,35
181,Newport - Inglewood (offshore),152,reverse oblique,43
181,Newport - Inglewood (offshore),153,reverse oblique,38
181,Newport - Inglewood (offshore),154,reverse oblique,65
181,Newport - Inglewood (offshore),155,reverse oblique,48
181,Newport - Inglewood (offshore),156,reverse oblique,71
181,Newport - Inglewood (offshore),157,reverse oblique,68
181,Newport - Inglewood (offshore),158,reverse oblique,57
181,Newport - Inglewood (offshore),159,reverse oblique,42
181,Newport - Inglewood (offshore),160,strike-slip,63
181,Newport - Inglewood (offshore),161,strike-slip,48
181,Newport - Inglewood (offshore),162,strike-slip,103
181,Newport - Inglewood (offshore),163,strike-slip,65
181,Newport - Inglewood (offshore),164,strike-slip,149
181,Newport - Inglewood (offshore),165,strike-slip,139
181,Newport - Inglewood (offshore),166,strike-slip,234
181,Newport - Inglewood (offshore),167,strike-slip,208
181,Newport - Inglewood (offshore),168,strike-slip,337
181,Newport - Inglewood (offshore),169,strike-slip,319
181,Newport - Inglewood (offshore),170,strike-slip,569
181,Newport - Inglewood (offshore),171,strike-slip,602
181,Newport - Inglewood (offshore),172,strike-slip,945
181,Newport - Inglewood (offshore),173,strike-slip,826
181,Newport - Inglewood (offshore),174,strike-slip,1190
181,Newport - Inglewood (offshore),175,strike-slip,644
181,Newport - Inglewood (offshore),176,strike-slip,112
181,Newport - Inglewood (offshore),177,strike-slip,42
181,Newport - Inglewood (offshore),180,strike-slip,5482
183,Newport - Inglewood [2],64,reverse oblique,2
183,Newport - Inglewood [2],66,reverse oblique,2
183,Newport - Inglewood [2],67,reverse oblique,3
183,Newport - Inglewood [2],69,reverse oblique,2
183,Newport - Inglewood [2],70,reverse,9
183,Newport - Inglewood [2],71,reverse,2
183,Newport - Inglewood [2],72,reverse,3
183,Newport - Inglewood [2],73,reverse,7
183,Newport - Inglewood [2],74,reverse,5
183,Newport - Inglewood [2],75,reverse,7
183,Newport - Inglewood [2],76,reverse,13
183,Newport - Inglewood [2],77,reverse,8
183,Newport - Inglewood [2],78,reverse,4
183,Newport - Inglewood [2],79,reverse,5
183,Newport - Inglewood [2],80,reverse,18
183,Newport - Inglewood [2],81,reverse,5
183,Newport - Inglewood [2],82,reverse,11
183,Newport - Inglewood [2],83,reverse,26
183,Newport - Inglewood [2],85,reverse,20
183,Newport - Inglewood [2],86,reverse,38
183,Newport - Inglewood [2],88,reverse,25
183,Newport - Inglewood [2],89,reverse,14
183,Newport - Inglewood [2],90,reverse,46
183,Newport - Inglewood [2],91,reverse,28
183,Newport - Inglewood [2],92,reverse,11
183,Newport - Inglewood [2],93,reverse,28
183,Newport - Inglewood [2],94,reverse,44
183,Newport - Inglewood [2],95,reverse,27
183,Newport - Inglewood [2],96,reverse,49
183,Newport - Inglewood [2],97,reverse,42
183,Newport - Inglewood [2],98,reverse,48
183,Newport - Inglewood [2],99,reverse,48
183,Newport - Inglewood [2],100,reverse,70
183,Newport - Inglewood [2],101,reverse,57
183,Newport - Inglewood [2],102,reverse,107
183,Newport - Inglewood [2],103,reverse,90
183,Newport - Inglewood [2],104,reverse,90
183,Newport - Inglewood [2],105,reverse,92
183,Newport - Inglewood [2],106,reverse,124
183,Newport - Inglewood [2],107,reverse,109
183,Newport - Inglewood [2],108,reverse,125
183,Newport - Inglewood [2],109,reverse,105
183,Newport - Inglewood [2],110,reverse oblique,132
183,Newport - Inglewood [2],111,reverse oblique,143
183,Newport - Inglewood [2],112,reverse oblique,120
183,Newport - Inglewood [2],113,reverse oblique,92
183,Newport - Inglewood [2],114,reverse oblique,118
183,Newport - Inglewood [2],115,reverse oblique,117
183,Newport - Inglewood [2],116,reverse oblique,122
183,Newport - Inglewood [2],117,reverse oblique,52
183,Newport - Inglewood [2],118,reverse oblique,109
183,Newport - Inglewood [2],119,reverse oblique,86
183,Newport - Inglewood [2],120,reverse oblique,65
183,Newport - Inglewood [2],121,reverse oblique,50
183,Newport - Inglewood [2],122,reverse oblique,139
183,Newport - Inglewood [2],123,reverse oblique,49
183,Newport - Inglewood [2],124,reverse oblique,47
183,Newport - Inglewood [2],125,reverse oblique,88
183,Newport - Inglewood [2],126,reverse oblique,68
183,Newport - Inglewood [2],127,reverse oblique,46
183,Newport - Inglewood [2],128,reverse oblique,69
183,Newport - Inglewood [2],129,reverse oblique,78
183,Newport - Inglewood [2],130,reverse oblique,45
183,Newport - Inglewood [2],131,reverse oblique,53
183,Newport - Inglewood [2],132,reverse oblique,80
183,Newport - Inglewood [2],133,reverse oblique,50
183,Newport - Inglewood [2],134,reverse oblique,39
183,Newport - Inglewood [2],135,reverse oblique,25
183,Newport - Inglewood [2],136,reverse oblique,45
183,Newport - Inglewood [2],137,reverse oblique,35
183,Newport - Inglewood [2],138,reverse oblique,42
183,Newport - Inglewood [2],139,reverse oblique,39
183,Newport - Inglewood [2],140,reverse oblique,47
183,Newport - Inglewood [2],141,reverse oblique,55
183,Newport - Inglewood [2],142,reverse oblique,46
183,Newport - Inglewood [2],143,reverse oblique,39
183,Newport - Inglewood [2],144,reverse oblique,72
183,Newport - Inglewood [2],145,reverse oblique,44
183,Newport - Inglewood [2],146,reverse oblique,48
183,Newport - Inglewood [2],147,reverse oblique,50
183,Newport - Inglewood [2],148,reverse oblique,62
183,Newport - Inglewood [2],149,reverse oblique,43
183,Newport - Inglewood [2],150,reverse oblique,23
183,Newport - Inglewood [2],151,reverse oblique,22
183,Newport - Inglewood [2],152,reverse oblique,25
183,Newport - Inglewood [2],153,reverse oblique,14
183,Newport - Inglewood [2],154,reverse oblique,38
183,Newport - Inglewood [2],155,reverse oblique,19
183,Newport - Inglewood [2],156,reverse oblique,30
183,Newport - Inglewood [2],157,reverse oblique,21
183,Newport - Inglewood [2],158,reverse oblique,20
183,Newport - Inglewood [2],160,strike-slip,7
183,Newport - Inglewood [2],162,strike-slip,8
183,Newport - Inglewood [2],164,strike-slip,9
183,Newport - Inglewood [2],168,strike-slip,4
183,Newport - Inglewood [2],169,strike-slip,4
183,Newport - Inglewood [2],170,strike-slip,30
183,Newport - Inglewood [2],171,strike-slip,52
183,Newport - Inglewood [2],172,strike-slip,149
183,Newport - Inglewood [2],173,strike-slip,238
183,Newport - Inglewood [2],174,strike-slip,496
183,Newport - Inglewood [2],175,strike-slip,342
183,Newport - Inglewood [2],176,strike-slip,53
183,Newport - Inglewood [2],177,strike-slip,24
183,Newport - Inglewood [2],180,strike-slip,1564
184,North Channel [2],36,reverse oblique,2
184,North Channel [2],37,reverse oblique,3
184,North Channel [2],38,reverse oblique,4
184,North Channel [2],39,reverse oblique,2
184,North Channel [2],40,reverse oblique,3
184,North Channel [2],41,reverse oblique,4
184,North Channel [2],43,reverse oblique,2
184,North Channel [2],44,reverse oblique,3
184,North Channel [2],45,reverse oblique,4
184,North Channel [2],47,reverse oblique,2
184,North Channel [2],48,reverse oblique,3
184,North Channel [2],50,reverse oblique,4
184,North Channel [2],51,reverse oblique,5
184,North Channel [2],52,reverse oblique,2
184,North Channel [2],54,reverse oblique,3
184,North Channel [2],55,reverse oblique,4
184,North Channel [2],58,reverse oblique,2
184,North Channel [2],59,reverse oblique,3
184,North Channel [2],60,reverse oblique,4
184,North Channel [2],62,reverse oblique,9
184,North Channel [2],63,reverse oblique,10
184,North Channel [2],64,reverse oblique,26
184,North Channel [2],65,reverse oblique,21
184,North Channel [2],66,reverse oblique,63
184,North Channel [2],67,reverse oblique,53
184,North Channel [2],68,reverse oblique,122
184,North Channel [2],69,reverse oblique,81
184,North Channel [2],70,reverse,120
184,North Channel [2],71,reverse,98
184,North Channel [2],72,reverse,84
184,North Channel [2],73,reverse,103
184,North Channel [2],74,reverse,153
184,North Channel [2],75,reverse,166
184,North Channel [2],76,reverse,194
184,North Channel [2],77,reverse,104
184,North Channel [2],78,reverse,201
184,North Channel [2],79,reverse,151
184,North Channel [2],80,reverse,270
184,North Channel [2],81,reverse,288
184,North Channel [2],82,reverse,512
184,North Channel [2],83,reverse,614
184,North Channel [2],84,reverse,955
184,North Channel [2],85,reverse,753
184,North Channel [2],86,reverse,275
184,North Channel [2],90,reverse,1228
184,North Channel [2],92,reverse,2
185,North Frontal (east),78,reverse,2
185,North Frontal (east),79,reverse,5
185,North Frontal (east),80,reverse,3
185,North Frontal (east),81,reverse,2
185,North Frontal (east),82,reverse,5
185,North Frontal (east),83,reverse,3
185,North Frontal (east),90,reverse,22
185,North Frontal (east),103,reverse,3
185,North Frontal (east),109,reverse,5
185,North Frontal (east),114,reverse oblique,3
185,North Frontal (east),117,reverse oblique,2
185,North Frontal (east),120,reverse oblique,3
185,North Frontal (east),124,reverse oblique,5
185,North Frontal (east),128,reverse oblique,3
185,North Frontal (east),130,reverse oblique,2
185,North Frontal (east),132,reverse oblique,3
185,North Frontal (east),136,reverse oblique,5
185,North Frontal (east),139,reverse oblique,3
185,North Frontal (east),140,reverse oblique,2
185,North Frontal (east),141,reverse oblique,3
185,North Frontal (east),144,reverse oblique,5
185,North Frontal (east),146,reverse oblique,3
185,North Frontal (east),147,reverse oblique,2
185,North Frontal (east),148,reverse oblique,3
185,North Frontal (east),150,reverse oblique,5
185,North Frontal (east),151,reverse oblique,3
185,North Frontal (east),152,reverse oblique,2
185,North Frontal (east),153,reverse oblique,3
185,North Frontal (east),154,reverse oblique,5
185,North Frontal (east),156,reverse oblique,5
185,North Frontal (east),157,reverse oblique,5
185,North Frontal (east),158,reverse oblique,3
185,North Frontal (east),159,reverse oblique,2
185,North Frontal (east),160,strike-slip,2
185,North Frontal (east),161,strike-slip,2
185,North Frontal (east),162,strike-slip,2
185,North Frontal (east),164,strike-slip,4
185,North Frontal (east),165,strike-slip,2
186,North Frontal (west),57,reverse oblique,3
186,North Frontal (west),64,reverse oblique,11
186,North Frontal (west),65,reverse oblique,3
186,North Frontal (west),67,reverse oblique,2
186,North Frontal (west),68,reverse oblique,8
186,North Frontal (west),70,reverse,8
186,North Frontal (west),71,reverse,3
186,North Frontal (west),72,reverse,7
186,North Frontal (west),73,reverse,9
186,North Frontal (west),74,reverse,15
186,North Frontal (west),76,reverse,16
186,North Frontal (west),77,reverse,7
186,North Frontal (west),78,reverse,17
186,North Frontal (west),79,reverse,32
186,North Frontal (west),80,reverse,26
186,North Frontal (west),81,reverse,30
186,North Frontal (west),82,reverse,59
186,North Frontal (west),83,reverse,20
186,North Frontal (west),84,reverse,11
186,North Frontal (west),90,reverse,48
187,North Salt Lake,32,reverse oblique,8
187,North Salt Lake,33,reverse oblique,4
187,North Salt Lake,34,reverse oblique,2
187,North Salt Lake,35,reverse oblique,2
187,North Salt Lake,36,reverse oblique,2
187,North Salt Lake,37,reverse oblique,6
187,North Salt Lake,38,reverse oblique,2
187,North Salt Lake,39,reverse oblique,2
187,North Salt Lake,40,reverse oblique,2
187,North Salt Lake,41,reverse oblique,2
187,North Salt Lake,42,reverse oblique,4
187,North Salt Lake,43,reverse oblique,6
187,North Salt Lake,44,reverse oblique,8
187,North Salt Lake,45,reverse oblique,8
187,North Salt Lake,46,reverse oblique,8
187,North Salt Lake,47,reverse oblique,16
187,North Salt Lake,48,reverse oblique,10
187,North Salt Lake,49,reverse oblique,12
187,North Salt Lake,50,reverse oblique,18
187,North Salt Lake,51,reverse oblique,8
187,North Salt Lake,52,reverse oblique,14
187,North Salt Lake,53,reverse oblique,8
187,North Salt Lake,54,reverse oblique,10
187,North Salt Lake,55,reverse oblique,8
187,North Salt Lake,56,reverse oblique,8
187,North Salt Lake,57,reverse oblique,8
187,North Salt Lake,58,reverse oblique,6
187,North Salt Lake,59,reverse oblique,6
187,North Salt Lake,60,reverse oblique,4
187,North Salt Lake,61,reverse oblique,2
187,North Salt Lake,62,reverse oblique,2
187,North Salt Lake,63,reverse oblique,2
187,North Salt Lake,64,reverse oblique,2
187,North Salt Lake,65,reverse oblique,4
187,North Salt Lake,66,reverse oblique,2
187,North Salt Lake,67,reverse oblique,4
187,North Salt Lake,68,reverse oblique,4
187,North Salt Lake,70,reverse,2
187,North Salt Lake,71,reverse,2
187,North Salt Lake,73,reverse,2
187,North Salt Lake,90,reverse,4
188,North Tahoe,-90,normal,20
189,Northridge,47,reverse oblique,2
189,Northridge,49,reverse oblique,2
189,Northridge,52,reverse oblique,2
189,Northridge,53,reverse oblique,3
189,Northridge,56,reverse oblique,5
189,Northridge,58,reverse oblique,7
189,Northridge,60,reverse oblique,9
189,Northridge,61,reverse oblique,5
189,Northridge,62,reverse oblique,9
189,Northridge,63,reverse oblique,8
189,Northridge,64,reverse oblique,11
189,Northridge,65,reverse oblique,9
189,Northridge,67,reverse oblique,24
189,Northridge,68,reverse oblique,27
189,Northridge,69,reverse oblique,16
189,Northridge,70,reverse,72
189,Northridge,71,reverse,56
189,Northridge,72,reverse,54
189,Northridge,73,reverse,62
189,Northridge,74,reverse,57
189,Northridge,75,reverse,49
189,Northridge,76,reverse,87
189,Northridge,77,reverse,50
189,Northridge,78,reverse,98
189,Northridge,79,reverse,163
189,Northridge,80,reverse,286
189,Northridge,81,reverse,145
189,Northridge,82,reverse,275
189,Northridge,83,reverse,438
189,Northridge,84,reverse,1059
189,Northridge,85,reverse,972
189,Northridge,86,reverse,578
189,Northridge,87,reverse,416
189,Northridge,88,reverse,289
189,Northridge,89,reverse,6
189,Northridge,90,reverse,5125
189,Northridge,91,reverse,8
189,Northridge,92,reverse,6
189,Northridge,93,reverse,26
189,Northridge,94,reverse,30
189,Northridge,95,reverse,24
189,Northridge,96,reverse,57
189,Northridge,97,reverse,28
189,Northridge,98,reverse,32
189,Northridge,99,reverse,30
189,Northridge,100,reverse,53
189,Northridge,101,reverse,28
189,Northridge,102,reverse,27
189,Northridge,103,reverse,19
189,Northridge,104,reverse,21
189,Northridge,105,reverse,34
189,Northridge,106,reverse,23
189,Northridge,107,reverse,9
189,Northridge,108,reverse,23
189,Northridge,109,reverse,13
189,Northridge,110,reverse oblique,16
189,Northridge,111,reverse oblique,11
189,Northridge,112,reverse oblique,20
189,Northridge,113,reverse oblique,12
189,Northridge,114,reverse oblique,16
189,Northridge,115,reverse oblique,7
189,Northridge,116,reverse oblique,18
189,Northridge,117,reverse oblique,7
189,Northridge,118,reverse oblique,18
189,Northridge,119,reverse oblique,4
189,Northridge,120,reverse oblique,12
189,Northridge,121,reverse oblique,15
189,Northridge,122,reverse oblique,4
189,Northridge,123,reverse oblique,4
189,Northridge,124,reverse oblique,10
189,Northridge,125,reverse oblique,9
189,Northridge,126,reverse oblique,6
189,Northridge,127,reverse oblique,7
189,Northridge,128,reverse oblique,9
189,Northridge,129,reverse oblique,9
189,Northridge,130,reverse oblique,5
189,Northridge,131,reverse oblique,9
189,Northridge,132,reverse oblique,2
189,Northridge,133,reverse oblique,9
189,Northridge,134,reverse oblique,6
189,Northridge,135,reverse oblique,9
189,Northridge,136,reverse oblique,5
189,Northridge,137,reverse oblique,2
189,Northridge,138,reverse oblique,9
189,Northridge,139,reverse oblique,8
189,Northridge,141,reverse oblique,5
189,Northridge,142,reverse oblique,7
189,Northridge,143,reverse oblique,2
190,Northridge Hills,63,reverse oblique,2
190,Northridge Hills,64,reverse oblique,2
190,Northridge Hills,66,reverse oblique,4
190,Northridge Hills,68,reverse oblique,4
190,Northridge Hills,69,reverse oblique,4
190,Northridge Hills,70,reverse,16
190,Northridge Hills,71,reverse,10
190,Northridge Hills,72,reverse,24
190,Northridge Hills,73,reverse,34
190,Northridge Hills,74,reverse,68
190,Northridge Hills,75,reverse,96
190,Northridge Hills,76,reverse,124
190,Northridge Hills,77,reverse,106
190,Northridge Hills,78,reverse,158
190,Northridge Hills,79,reverse,146
190,Northridge Hills,80,reverse,240
190,Northridge Hills,81,reverse,282
190,Northridge Hills,82,reverse,434
190,Northridge Hills,83,reverse,328
190,Northridge Hills,84,reverse,382
190,Northridge Hills,85,reverse,678
190,Northridge Hills,86,reverse,866
190,Northridge Hills,87,reverse,368
190,Northridge Hills,88,reverse,454
190,Northridge Hills,89,reverse,30
190,Northridge Hills,90,reverse,4318
190,Northridge Hills,91,reverse,32
190,Northridge Hills,92,reverse,30
190,Northridge Hills,93,reverse,56
190,Northridge Hills,94,reverse,116
190,Northridge Hills,95,reverse,122
190,Northridge Hills,96,reverse,124
190,Northridge Hills,97,reverse,96
190,Northridge Hills,98,reverse,120
190,Northridge Hills,99,reverse,104
190,Northridge Hills,100,reverse,92
190,Northridge Hills,101,reverse,82
190,Northridge Hills,102,reverse,102
190,Northridge Hills,103,reverse,76
190,Northridge Hills,104,reverse,62
190,Northridge Hills,105,reverse,52
190,Northridge Hills,106,reverse,78
190,Northridge Hills,107,reverse,52
190,Northridge Hills,108,reverse,72
190,Northridge Hills,109,reverse,62
190,Northridge Hills,110,reverse oblique,54
190,Northridge Hills,111,reverse oblique,38
190,Northridge Hills,112,reverse oblique,50
190,Northridge Hills,113,reverse oblique,42
190,Northridge Hills,114,reverse oblique,66
190,Northridge Hills,115,reverse oblique,32
190,Northridge Hills,116,reverse oblique,48
190,Northridge Hills,117,reverse oblique,36
190,Northridge Hills,118,reverse oblique,30
190,Northridge Hills,119,reverse oblique,36
190,Northridge Hills,120,reverse oblique,32
190,Northridge Hills,121,reverse oblique,30
190,Northridge Hills,122,reverse oblique,40
190,Northridge Hills,123,reverse oblique,28
190,Northridge Hills,124,reverse oblique,36
190,Northridge Hills,125,reverse oblique,40
190,Northridge Hills,126,reverse oblique,38
190,Northridge Hills,127,reverse oblique,40
190,Northridge Hills,128,reverse oblique,58
190,Northridge Hills,129,reverse oblique,30
190,Northridge Hills,130,reverse oblique,44
190,Northridge Hills,131,reverse oblique,40
190,Northridge Hills,132,reverse oblique,52
190,Northridge Hills,133,reverse oblique,42
190,Northridge Hills,134,reverse oblique,46
190,Northridge Hills,135,reverse oblique,34
190,Northridge Hills,136,reverse oblique,34
190,Northridge Hills,137,reverse oblique,32
190,Northridge Hills,138,reverse oblique,26
190,Northridge Hills,139,reverse oblique,28
190,Northridge Hills,140,reverse oblique,22
190,Northridge Hills,141,reverse oblique,20
190,Northridge Hills,142,reverse oblique,14
190,Northridge Hills,143,reverse oblique,8
190,Northridge Hills,144,reverse oblique,8
190,Northridge Hills,145,reverse oblique,2
191,Oak Ridge (offshore) [2],66,reverse oblique,2
191,Oak Ridge (offshore) [2],67,reverse oblique,2
191,Oak Ridge (offshore) [2],68,reverse oblique,2
191,Oak Ridge (offshore) [2],69,reverse oblique,4
191,Oak Ridge (offshore) [2],70,reverse,6
191,Oak Ridge (offshore) [2],71,reverse,9
191,Oak Ridge (offshore) [2],72,reverse,6
191,Oak Ridge (offshore) [2],73,reverse,11
191,Oak Ridge (offshore) [2],74,reverse,6
191,Oak Ridge (offshore) [2],75,reverse,7
191,Oak Ridge (offshore) [2],76,reverse,19
191,Oak Ridge (offshore) [2],77,reverse,33
191,Oak Ridge (offshore) [2],78,reverse,26
191,Oak Ridge (offshore) [2],79,reverse,39
191,Oak Ridge (offshore) [2],80,reverse,46
191,Oak Ridge (offshore) [2],81,reverse,99
191,Oak Ridge (offshore) [2],82,reverse,200
191,Oak Ridge (offshore) [2],83,reverse,225
191,Oak Ridge (offshore) [2],84,reverse,378
191,Oak Ridge (offshore) [2],85,reverse,320
191,Oak Ridge (offshore) [2],86,reverse,462
191,Oak Ridge (offshore) [2],87,reverse,24
191,Oak Ridge (offshore) [2],90,reverse,444
192,"Oak Ridge (offshore, extension) [2]",77,reverse,22
192,"Oak Ridge (offshore, extension) [2]",78,reverse,62
192,"Oak Ridge (offshore, extension) [2]",79,reverse,9
192,"Oak Ridge (offshore, extension) [2]",80,reverse,75
192,"Oak Ridge (offshore, extension) [2]",81,reverse,77
192,"Oak Ridge (offshore, extension) [2]",82,reverse,262
192,"Oak Ridge (offshore, extension) [2]",83,reverse,269
192,"Oak Ridge (offshore, extension) [2]",84,reverse,152
192,"Oak Ridge (offshore, extension) [2]",85,reverse,44
192,"Oak Ridge (offshore, extension) [2]",86,reverse,63
192,"Oak Ridge (offshore, extension) [2]",90,reverse,1712
193,Oak Ridge (onshore),56,reverse oblique,2
193,Oak Ridge (onshore),57,reverse oblique,2
193,Oak Ridge (onshore),58,reverse oblique,6
193,Oak Ridge (onshore),59,reverse oblique,10
193,Oak Ridge (onshore),61,reverse oblique,8
193,Oak Ridge (onshore),62,reverse oblique,12
193,Oak Ridge (onshore),63,reverse oblique,8
193,Oak Ridge (onshore),64,reverse oblique,14
193,Oak Ridge (onshore),65,reverse oblique,14
193,Oak Ridge (onshore),66,reverse oblique,16
193,Oak Ridge (onshore),67,reverse oblique,16
193,Oak Ridge (onshore),68,reverse oblique,16
193,Oak Ridge (onshore),69,reverse oblique,14
193,Oak Ridge (onshore),70,reverse,20
193,Oak Ridge (onshore),71,reverse,10
193,Oak Ridge (onshore),72,reverse,12
193,Oak Ridge (onshore),73,reverse,4
193,Oak Ridge (onshore),74,reverse,8
193,Oak Ridge (onshore),75,reverse,15
193,Oak Ridge (onshore),76,reverse,18
193,Oak Ridge (onshore),77,reverse,16
193,Oak Ridge (onshore),78,reverse,62
193,Oak Ridge (onshore),79,reverse,76
193,Oak Ridge (onshore),80,reverse,155
193,Oak Ridge (onshore),81,reverse,183
193,Oak Ridge (onshore),82,reverse,570
193,Oak Ridge (onshore),83,reverse,1107
193,Oak Ridge (onshore),84,reverse,2372
193,Oak Ridge (onshore),85,reverse,2438
193,Oak Ridge (onshore),86,reverse,1810
193,Oak Ridge (onshore),87,reverse,891
193,Oak Ridge (onshore),88,reverse,733
193,Oak Ridge (onshore),89,reverse,12
193,Oak Ridge (onshore),90,reverse,8274
193,Oak Ridge (onshore),91,reverse,289
193,Oak Ridge (onshore),92,reverse,73
193,Oak Ridge (onshore),93,reverse,24
193,Oak Ridge (onshore),94,reverse,41
193,Oak Ridge (onshore),95,reverse,65
193,Oak Ridge (onshore),96,reverse,96
193,Oak Ridge (onshore),97,reverse,117
193,Oak Ridge (onshore),98,reverse,80
193,Oak Ridge (onshore),99,reverse,98
193,Oak Ridge (onshore),100,reverse,141
193,Oak Ridge (onshore),101,reverse,62
193,Oak Ridge (onshore),102,reverse,120
193,Oak Ridge (onshore),103,reverse,79
193,Oak Ridge (onshore),104,reverse,57
193,Oak Ridge (onshore),105,reverse,73
193,Oak Ridge (onshore),106,reverse,76
193,Oak Ridge (onshore),107,reverse,60
193,Oak Ridge (onshore),108,reverse,66
193,Oak Ridge (onshore),109,reverse,71
193,Oak Ridge (onshore),110,reverse oblique,62
193,Oak Ridge (onshore),111,reverse oblique,51
193,Oak Ridge (onshore),112,reverse oblique,57
193,Oak Ridge (onshore),113,reverse oblique,46
193,Oak Ridge (onshore),114,reverse oblique,44
193,Oak Ridge (onshore),115,reverse oblique,24
193,Oak Ridge (onshore),116,reverse oblique,23
193,Oak Ridge (onshore),117,reverse oblique,11
193,Oak Ridge (onshore),118,reverse oblique,20
193,Oak Ridge (onshore),119,reverse oblique,14
193,Oak Ridge (onshore),120,reverse oblique,14
193,Oak Ridge (onshore),121,reverse oblique,11
193,Oak Ridge (onshore),122,reverse oblique,11
193,Oak Ridge (onshore),123,reverse oblique,9
193,Oak Ridge (onshore),124,reverse oblique,7
193,Oak Ridge (onshore),125,reverse oblique,2
193,Oak Ridge (onshore),126,reverse oblique,19
193,Oak Ridge (onshore),127,reverse oblique,12
193,Oak Ridge (onshore),128,reverse oblique,11
193,Oak Ridge (onshore),129,reverse oblique,4
193,Oak Ridge (onshore),130,reverse oblique,13
193,Oak Ridge (onshore),131,reverse oblique,2
193,Oak Ridge (onshore),132,reverse oblique,7
193,Oak Ridge (onshore),133,reverse oblique,2
193,Oak Ridge (onshore),134,reverse oblique,9
193,Oak Ridge (onshore),136,reverse oblique,5
193,Oak Ridge (onshore),138,reverse oblique,2
194,Oceanic - West Huasna,56,reverse oblique,6
194,Oceanic - West Huasna,58,reverse oblique,6
194,Oceanic - West Huasna,60,reverse oblique,21
194,Oceanic - West Huasna,61,reverse oblique,22
194,Oceanic - West Huasna,62,reverse oblique,17
194,Oceanic - West Huasna,63,reverse oblique,39
194,Oceanic - West Huasna,64,reverse oblique,22
194,Oceanic - West Huasna,65,reverse oblique,17
194,Oceanic - West Huasna,66,reverse oblique,51
194,Oceanic - West Huasna,67,reverse oblique,16
194,Oceanic - West Huasna,68,reverse oblique,28
194,Oceanic - West Huasna,69,reverse oblique,29
194,Oceanic - West Huasna,70,reverse,88
194,Oceanic - West Huasna,71,reverse,22
194,Oceanic - West Huasna,72,reverse,122
194,Oceanic - West Huasna,73,reverse,104
194,Oceanic - West Huasna,74,reverse,80
194,Oceanic - West Huasna,75,reverse,91
194,Oceanic - West Huasna,76,reverse,121
194,Oceanic - West Huasna,77,reverse,83
194,Oceanic - West Huasna,78,reverse,73
194,Oceanic - West Huasna,79,reverse,73
194,Oceanic - West Huasna,80,reverse,152
194,Oceanic - West Huasna,81,reverse,103
194,Oceanic - West Huasna,82,reverse,88
194,Oceanic - West Huasna,83,reverse,99
194,Oceanic - West Huasna,84,reverse,126
194,Oceanic - West Huasna,85,reverse,119
194,Oceanic - West Huasna,86,reverse,136
194,Oceanic - West Huasna,87,reverse,106
194,Oceanic - West Huasna,88,reverse,197
194,Oceanic - West Huasna,89,reverse,134
194,Oceanic - West Huasna,90,reverse,134
194,Oceanic - West Huasna,91,reverse,126
194,Oceanic - West Huasna,92,reverse,317
194,Oceanic - West Huasna,93,reverse,373
194,Oceanic - West Huasna,94,reverse,554
194,Oceanic - West Huasna,95,reverse,607
194,Oceanic - West Huasna,96,reverse,748
194,Oceanic - West Huasna,97,reverse,609
194,Oceanic - West Huasna,98,reverse,958
194,Oceanic - West Huasna,99,reverse,651
194,Oceanic - West Huasna,100,reverse,788
194,Oceanic - West Huasna,101,reverse,623
194,Oceanic - West Huasna,102,reverse,880
194,Oceanic - West Huasna,103,reverse,579
194,Oceanic - West Huasna,104,reverse,878
194,Oceanic - West Huasna,105,reverse,520
194,Oceanic - West Huasna,106,reverse,612
194,Oceanic - West Huasna,107,reverse,498
194,Oceanic - West Huasna,108,reverse,472
194,Oceanic - West Huasna,109,reverse,406
194,Oceanic - West Huasna,110,reverse oblique,523
194,Oceanic - West Huasna,111,reverse oblique,405
194,Oceanic - West Huasna,112,reverse oblique,455
194,Oceanic - West Huasna,113,reverse oblique,381
194,Oceanic - West Huasna,114,reverse oblique,434
194,Oceanic - West Huasna,115,reverse oblique,349
194,Oceanic - West Huasna,116,reverse oblique,448
194,Oceanic - West Huasna,117,reverse oblique,266
194,Oceanic - West Huasna,118,reverse oblique,487
194,Oceanic - West Huasna,119,reverse oblique,334
194,Oceanic - West Huasna,120,reverse oblique,398
194,Oceanic - West Huasna,121,reverse oblique,383
194,Oceanic - West Huasna,122,reverse oblique,381
194,Oceanic - West Huasna,123,reverse oblique,320
194,Oceanic - West Huasna,124,reverse oblique,431
194,Oceanic - West Huasna,125,reverse oblique,312
194,Oceanic - West Huasna,126,reverse oblique,388
194,Oceanic - West Huasna,127,reverse oblique,283
194,Oceanic - West Huasna,128,reverse oblique,327
194,Oceanic - West Huasna,129,reverse oblique,383
194,Oceanic - West Huasna,130,reverse oblique,337
194,Oceanic - West Huasna,131,reverse oblique,326
194,Oceanic - West Huasna,132,reverse oblique,543
194,Oceanic - West Huasna,133,reverse oblique,292
194,Oceanic - West Huasna,134,reverse oblique,284
194,Oceanic - West Huasna,135,reverse oblique,5086
194,Oceanic - West Huasna,136,reverse oblique,346
194,Oceanic - West Huasna,137,reverse oblique,134
194,Oceanic - West Huasna,138,reverse oblique,273
194,Oceanic - West Huasna,139,reverse oblique,285
194,Oceanic - West Huasna,140,reverse oblique,292
194,Oceanic - West Huasna,141,reverse oblique,324
194,Oceanic - West Huasna,142,reverse oblique,426
194,Oceanic - West Huasna,143,reverse oblique,409
194,Oceanic - West Huasna,144,reverse oblique,464
194,Oceanic - West Huasna,145,reverse oblique,433
194,Oceanic - West Huasna,146,reverse oblique,444
194,Oceanic - West Huasna,147,reverse oblique,405
194,Oceanic - West Huasna,148,reverse oblique,539
194,Oceanic - West Huasna,149,reverse oblique,471
194,Oceanic - West Huasna,150,reverse oblique,579
194,Oceanic - West Huasna,151,reverse oblique,461
194,Oceanic - West Huasna,152,reverse oblique,589
194,Oceanic - West Huasna,153,reverse oblique,502
194,Oceanic - West Huasna,154,reverse oblique,647
194,Oceanic - West Huasna,155,reverse oblique,497
194,Oceanic - West Huasna,156,reverse oblique,668
194,Oceanic - West Huasna,157,reverse oblique,589
194,Oceanic - West Huasna,158,reverse oblique,614
194,Oceanic - West Huasna,159,reverse oblique,521
194,Oceanic - West Huasna,160,strike-slip,810
194,Oceanic - West Huasna,161,strike-slip,655
194,Oceanic - West Huasna,162,strike-slip,906
194,Oceanic - West Huasna,163,strike-slip,777
194,Oceanic - West Huasna,164,strike-slip,1343
194,Oceanic - West Huasna,165,strike-slip,1207
194,Oceanic - West Huasna,166,strike-slip,1561
194,Oceanic - West Huasna,167,strike-slip,1585
194,Oceanic - West Huasna,168,strike-slip,2223
194,Oceanic - West Huasna,169,strike-slip,1989
194,Oceanic - West Huasna,170,strike-slip,2690
194,Oceanic - West Huasna,171,strike-slip,2271
194,Oceanic - West Huasna,172,strike-slip,3653
194,Oceanic - West Huasna,173,strike-slip,3373
194,Oceanic - West Huasna,174,strike-slip,4613
194,Oceanic - West Huasna,175,strike-slip,3666
194,Oceanic - West Huasna,176,strike-slip,3572
194,Oceanic - West Huasna,177,strike-slip,2324
194,Oceanic - West Huasna,178,strike-slip,1926
194,Oceanic - West Huasna,179,strike-slip,921
194,Oceanic - West Huasna,180,strike-slip,68
196,Oceanside [2],90,reverse,771
196,Oceanside [2],91,reverse,13
196,Oceanside [2],92,reverse,133
196,Oceanside [2],93,reverse,157
196,Oceanside [2],94,reverse,296
196,Oceanside [2],95,reverse,197
196,Oceanside [2],96,reverse,315
196,Oceanside [2],97,reverse,180
196,Oceanside [2],98,reverse,253
196,Oceanside [2],99,reverse,176
196,Oceanside [2],100,reverse,243
196,Oceanside [2],101,reverse,245
196,Oceanside [2],102,reverse,293
196,Oceanside [2],103,reverse,219
196,Oceanside [2],104,reverse,243
196,Oceanside [2],105,reverse,207
196,Oceanside [2],106,reverse,282
196,Oceanside [2],107,reverse,195
196,Oceanside [2],108,reverse,217
196,Oceanside [2],109,reverse,200
196,Oceanside [2],110,reverse oblique,209
196,Oceanside [2],111,reverse oblique,187
196,Oceanside [2],112,reverse oblique,174
196,Oceanside [2],113,reverse oblique,139
196,Oceanside [2],114,reverse oblique,153
196,Oceanside [2],115,reverse oblique,135
196,Oceanside [2],116,reverse oblique,153
196,Oceanside [2],117,reverse oblique,78
196,Oceanside [2],118,reverse oblique,129
196,Oceanside [2],119,reverse oblique,99
196,Oceanside [2],120,reverse oblique,88
196,Oceanside [2],121,reverse oblique,66
196,Oceanside [2],122,reverse oblique,145
196,Oceanside [2],123,reverse oblique,40
196,Oceanside [2],124,reverse oblique,64
196,Oceanside [2],125,reverse oblique,83
196,Oceanside [2],126,reverse oblique,66
196,Oceanside [2],127,reverse oblique,46
196,Oceanside [2],128,reverse oblique,60
196,Oceanside [2],129,reverse oblique,46
196,Oceanside [2],130,reverse oblique,52
196,Oceanside [2],131,reverse oblique,29
196,Oceanside [2],132,reverse oblique,49
196,Oceanside [2],133,reverse oblique,20
196,Oceanside [2],134,reverse oblique,29
196,Oceanside [2],135,reverse oblique,24
196,Oceanside [2],136,reverse oblique,12
196,Oceanside [2],137,reverse oblique,22
196,Oceanside [2],138,reverse oblique,17
196,Oceanside [2],139,reverse oblique,15
196,Oceanside [2],140,reverse oblique,10
196,Oceanside [2],141,reverse oblique,21
196,Oceanside [2],142,reverse oblique,10
196,Oceanside [2],143,reverse oblique,5
196,Oceanside [2],144,reverse oblique,13
196,Oceanside [2],145,reverse oblique,8
196,Oceanside [2],146,reverse oblique,7
196,Oceanside [2],147,reverse oblique,11
196,Oceanside [2],148,reverse oblique,7
196,Oceanside [2],149,reverse oblique,5
196,Oceanside [2],150,reverse oblique,4
196,Oceanside [2],151,reverse oblique,2
196,Oceanside [2],152,reverse oblique,7
196,Oceanside [2],154,reverse oblique,5
196,Oceanside [2],155,reverse oblique,4
196,Oceanside [2],156,reverse oblique,5
196,Oceanside [2],157,reverse oblique,2
196,Oceanside [2],158,reverse oblique,4
196,Oceanside [2],160,strike-slip,2
196,Oceanside [2],162,strike-slip,2
196,Oceanside [2],164,strike-slip,2
197,Ortigalita (north),112,reverse oblique,2
197,Ortigalita (north),121,reverse oblique,5
197,Ortigalita (north),132,reverse oblique,3
197,Ortigalita (north),141,reverse oblique,2
197,Ortigalita (north),147,reverse oblique,5
197,Ortigalita (north),151,reverse oblique,3
197,Ortigalita (north),152,reverse oblique,2
197,Ortigalita (north),155,reverse oblique,5
197,Ortigalita (north),158,reverse oblique,5
197,Ortigalita (north),160,strike-slip,5
197,Ortigalita (north),162,strike-slip,5
197,Ortigalita (north),164,strike-slip,5
197,Ortigalita (north),165,strike-slip,5
197,Ortigalita (north),166,strike-slip,5
197,Ortigalita (north),167,strike-slip,5
197,Ortigalita (north),168,strike-slip,3
197,Ortigalita (north),180,strike-slip,332
198,Ortigalita (south),122,reverse oblique,2
198,Ortigalita (south),133,reverse oblique,3
198,Ortigalita (south),141,reverse oblique,6
198,Ortigalita (south),147,reverse oblique,10
198,Ortigalita (south),151,reverse oblique,3
198,Ortigalita (south),152,reverse oblique,10
198,Ortigalita (south),155,reverse oblique,16
198,Ortigalita (south),158,reverse oblique,19
198,Ortigalita (south),160,strike-slip,22
198,Ortigalita (south),162,strike-slip,25
198,Ortigalita (south),164,strike-slip,28
198,Ortigalita (south),165,strike-slip,31
198,Ortigalita (south),166,strike-slip,21
198,Ortigalita (south),167,strike-slip,23
198,Ortigalita (south),168,strike-slip,12
198,Ortigalita (south),180,strike-slip,737
199,Owens Valley,-173,strike-slip,98
199,Owens Valley,-172,strike-slip,257
199,Owens Valley,-171,strike-slip,310
199,Owens Valley,-170,strike-slip,297
199,Owens Valley,-169,strike-slip,194
199,Owens Valley,-168,strike-slip,231
199,Owens Valley,-167,strike-slip,134
199,Owens Valley,-166,strike-slip,117
199,Owens Valley,-165,strike-slip,89
199,Owens Valley,-164,strike-slip,83
199,Owens Valley,-163,strike-slip,25
199,Owens Valley,-162,strike-slip,53
199,Owens Valley,-161,strike-slip,53
199,Owens Valley,-160,normal oblique,19
199,Owens Valley,-159,normal oblique,54
199,Owens Valley,-158,normal oblique,81
199,Owens Valley,-157,normal oblique,95
199,Owens Valley,-156,normal oblique,137
199,Owens Valley,-155,normal oblique,124
199,Owens Valley,-154,normal oblique,165
199,Owens Valley,-153,normal oblique,166
199,Owens Valley,-152,normal oblique,159
199,Owens Valley,-151,normal oblique,162
199,Owens Valley,-150,normal oblique,210
199,Owens Valley,-149,normal oblique,169
199,Owens Valley,-148,normal oblique,180
199,Owens Valley,-147,normal oblique,111
199,Owens Valley,-146,normal oblique,177
199,Owens Valley,-145,normal oblique,57
199,Owens Valley,-144,normal oblique,172
199,Owens Valley,-143,normal oblique,89
199,Owens Valley,-142,normal oblique,125
199,Owens Valley,-141,normal oblique,68
199,Owens Valley,-140,normal oblique,161
199,Owens Valley,-139,normal oblique,19
199,Owens Valley,-138,normal oblique,188
199,Owens Valley,-137,normal oblique,58
199,Owens Valley,-136,normal oblique,75
199,Owens Valley,-135,normal oblique,132
199,Owens Valley,-134,normal oblique,88
199,Owens Valley,-133,normal oblique,66
199,Owens Valley,-132,normal oblique,134
199,Owens Valley,-131,normal oblique,76
199,Owens Valley,-130,normal oblique,109
199,Owens Valley,-129,normal oblique,111
199,Owens Valley,-128,normal oblique,58
199,Owens Valley,-127,normal oblique,91
199,Owens Valley,-126,normal oblique,106
199,Owens Valley,-125,normal oblique,94
199,Owens Valley,-124,normal oblique,78
199,Owens Valley,-123,normal oblique,115
199,Owens Valley,-122,normal oblique,97
199,Owens Valley,-121,normal oblique,90
199,Owens Valley,-120,normal oblique,21
199,Owens Valley,-119,normal oblique,128
199,Owens Valley,-118,normal oblique,29
199,Owens Valley,-117,normal oblique,41
199,Owens Valley,-116,normal oblique,69
199,Owens Valley,-115,normal oblique,31
199,Owens Valley,-114,normal oblique,49
199,Owens Valley,-113,normal oblique,24
199,Owens Valley,-112,normal oblique,45
199,Owens Valley,-111,normal oblique,25
199,Owens Valley,-110,normal,54
199,Owens Valley,-109,normal,41
199,Owens Valley,-108,normal,28
199,Owens Valley,-107,normal,46
199,Owens Valley,-106,normal,39
199,Owens Valley,-105,normal,31
199,Owens Valley,-104,normal,65
199,Owens Valley,-103,normal,37
199,Owens Valley,-102,normal,57
199,Owens Valley,-101,normal,52
199,Owens Valley,-100,normal,45
199,Owens Valley,-99,normal,46
199,Owens Valley,-98,normal,13
199,Owens Valley,-97,normal,10
199,Owens Valley,-96,normal,7
199,Owens Valley,-95,normal,4
199,Owens Valley,-94,normal,2
199,Owens Valley,180,strike-slip,952
200,Owens Valley (Keough Hot Springs),-173,strike-slip,18
200,Owens Valley (Keough Hot Springs),-172,strike-slip,49
200,Owens Valley (Keough Hot Springs),-171,strike-slip,64
200,Owens Valley (Keough Hot Springs),-170,strike-slip,71
200,Owens Valley (Keough Hot Springs),-169,strike-slip,50
200,Owens Valley (Keough Hot Springs),-168,strike-slip,61
200,Owens Valley (Keough Hot Springs),-167,strike-slip,41
200,Owens Valley (Keough Hot Springs),-166,strike-slip,43
200,Owens Valley (Keough Hot Springs),-165,strike-slip,32
200,Owens Valley (Keough Hot Springs),-164,strike-slip,29
200,Owens Valley (Keough Hot Springs),-163,strike-slip,17
200,Owens Valley (Keough Hot Springs),-162,strike-slip,26
200,Owens Valley (Keough Hot Springs),-161,strike-slip,19
200,Owens Valley (Keough Hot Springs),-160,normal oblique,12
200,Owens Valley (Keough Hot Springs),-159,normal oblique,20
200,Owens Valley (Keough Hot Springs),-158,normal oblique,23
200,Owens Valley (Keough Hot Springs),-157,normal oblique,18
200,Owens Valley (Keough Hot Springs),-156,normal oblique,32
200,Owens Valley (Keough Hot Springs),-155,normal oblique,15
200,Owens Valley (Keough Hot Springs),-154,normal oblique,29
200,Owens Valley (Keough Hot Springs),-153,normal oblique,24
200,Owens Valley (Keough Hot Springs),-152,normal oblique,21
200,Owens Valley (Keough Hot Springs),-151,normal oblique,26
200,Owens Valley (Keough Hot Springs),-150,normal oblique,35
200,Owens Valley (Keough Hot Springs),-149,normal oblique,20
200,Owens Valley (Keough Hot Springs),-148,normal oblique,27
200,Owens Valley (Keough Hot Springs),-147,normal oblique,14
200,Owens Valley (Keough Hot Springs),-146,normal oblique,24
200,Owens Valley (Keough Hot Springs),-145,normal oblique,18
200,Owens Valley (Keough Hot Springs),-144,normal oblique,24
200,Owens Valley (Keough Hot Springs),-143,normal oblique,16
200,Owens Valley (Keough Hot Springs),-142,normal oblique,15
200,Owens Valley (Keough Hot Springs),-141,normal oblique,17
200,Owens Valley (Keough Hot Springs),-140,normal oblique,24
200,Owens Valley (Keough Hot Springs),-139,normal oblique,5
200,Owens Valley (Keough Hot Springs),-138,normal oblique,27
200,Owens Valley (Keough Hot Springs),-137,normal oblique,15
200,Owens Valley (Keough Hot Springs),-136,normal oblique,5
200,Owens Valley (Keough Hot Springs),-135,normal oblique,21
200,Owens Valley (Keough Hot Springs),-134,normal oblique,15
200,Owens Valley (Keough Hot Springs),-133,normal oblique,5
200,Owens Valley (Keough Hot Springs),-132,normal oblique,24
200,Owens Valley (Keough Hot Springs),-131,normal oblique,17
200,Owens Valley (Keough Hot Springs),-130,normal oblique,8
200,Owens Valley (Keough Hot Springs),-129,normal oblique,20
200,Owens Valley (Keough Hot Springs),-128,normal oblique,11
200,Owens Valley (Keough Hot Springs),-127,normal oblique,17
200,Owens Valley (Keough Hot Springs),-126,normal oblique,9
200,Owens Valley (Keough Hot Springs),-125,normal oblique,18
200,Owens Valley (Keough Hot Springs),-124,normal oblique,8
200,Owens Valley (Keough Hot Springs),-123,normal oblique,11
200,Owens Valley (Keough Hot Springs),-122,normal oblique,11
200,Owens Valley (Keough Hot Springs),-121,normal oblique,12
200,Owens Valley (Keough Hot Springs),-120,normal oblique,11
200,Owens Valley (Keough Hot Springs),-119,normal oblique,6
200,Owens Valley (Keough Hot Springs),-118,normal oblique,2
200,Owens Valley (Keough Hot Springs),-117,normal oblique,3
200,Owens Valley (Keough Hot Springs),-116,normal oblique,12
200,Owens Valley (Keough Hot Springs),-115,normal oblique,3
200,Owens Valley (Keough Hot Springs),-113,normal oblique,2
200,Owens Valley (Keough Hot Springs),-112,normal oblique,6
200,Owens Valley (Keough Hot Springs),-111,normal oblique,3
200,Owens Valley (Keough Hot Springs),-110,normal,3
200,Owens Valley (Keough Hot Springs),-108,normal,2
200,Owens Valley (Keough Hot Springs),-107,normal,6
200,Owens Valley (Keough Hot Springs),-106,normal,3
200,Owens Valley (Keough Hot Springs),-104,normal,3
200,Owens Valley (Keough Hot Springs),-102,normal,5
200,Owens Valley (Keough Hot Springs),-101,normal,3
200,Owens Valley (Keough Hot Springs),-90,normal,22
201,Owl Lake,0,strike-slip,744
201,Owl Lake,180,strike-slip,98
202,Ozena,90,reverse,1049
202,Ozena,91,reverse,38
202,Ozena,92,reverse,119
202,Ozena,93,reverse,141
202,Ozena,94,reverse,140
202,Ozena,95,reverse,114
202,Ozena,96,reverse,131
202,Ozena,97,reverse,107
202,Ozena,98,reverse,153
202,Ozena,99,reverse,90
202,Ozena,100,reverse,96
202,Ozena,101,reverse,68
202,Ozena,102,reverse,83
202,Ozena,103,reverse,43
202,Ozena,104,reverse,68
202,Ozena,105,reverse,25
202,Ozena,106,reverse,34
202,Ozena,107,reverse,36
202,Ozena,108,reverse,31
202,Ozena,109,reverse,24
202,Ozena,110,reverse oblique,37
202,Ozena,111,reverse oblique,33
202,Ozena,112,reverse oblique,27
202,Ozena,113,reverse oblique,20
202,Ozena,114,reverse oblique,48
202,Ozena,115,reverse oblique,28
202,Ozena,116,reverse oblique,31
202,Ozena,117,reverse oblique,23
202,Ozena,118,reverse oblique,41
202,Ozena,119,reverse oblique,32
202,Ozena,120,reverse oblique,46
202,Ozena,121,reverse oblique,29
202,Ozena,122,reverse oblique,32
202,Ozena,123,reverse oblique,22
202,Ozena,124,reverse oblique,21
202,Ozena,125,reverse oblique,23
202,Ozena,126,reverse oblique,32
202,Ozena,127,reverse oblique,24
202,Ozena,128,reverse oblique,36
202,Ozena,129,reverse oblique,21
202,Ozena,130,reverse oblique,29
202,Ozena,131,reverse oblique,24
202,Ozena,132,reverse oblique,25
202,Ozena,133,reverse oblique,24
202,Ozena,134,reverse oblique,24
202,Ozena,135,reverse oblique,21
202,Ozena,136,reverse oblique,23
202,Ozena,137,reverse oblique,21
202,Ozena,138,reverse oblique,17
202,Ozena,139,reverse oblique,11
202,Ozena,140,reverse oblique,14
202,Ozena,141,reverse oblique,14
202,Ozena,142,reverse oblique,14
202,Ozena,143,reverse oblique,8
202,Ozena,144,reverse oblique,6
202,Ozena,145,reverse oblique,11
202,Ozena,146,reverse oblique,11
202,Ozena,147,reverse oblique,7
202,Ozena,148,reverse oblique,8
202,Ozena,149,reverse oblique,3
202,Ozena,150,reverse oblique,5
202,Ozena,151,reverse oblique,5
202,Ozena,152,reverse oblique,10
202,Ozena,153,reverse oblique,2
202,Ozena,154,reverse oblique,2
202,Ozena,155,reverse oblique,4
202,Ozena,156,reverse oblique,2
202,Ozena,157,reverse oblique,2
203,Palos Verdes,61,reverse oblique,4
203,Palos Verdes,62,reverse oblique,4
203,Palos Verdes,63,reverse oblique,2
203,Palos Verdes,64,reverse oblique,3
203,Palos Verdes,65,reverse oblique,2
203,Palos Verdes,66,reverse oblique,9
203,Palos Verdes,67,reverse oblique,5
203,Palos Verdes,68,reverse oblique,7
203,Palos Verdes,69,reverse oblique,11
203,Palos Verdes,70,reverse,12
203,Palos Verdes,71,reverse,13
203,Palos Verdes,72,reverse,17
203,Palos Verdes,73,reverse,22
203,Palos Verdes,74,reverse,12
203,Palos Verdes,75,reverse,17
203,Palos Verdes,76,reverse,34
203,Palos Verdes,77,reverse,16
203,Palos Verdes,78,reverse,28
203,Palos Verdes,79,reverse,16
203,Palos Verdes,80,reverse,29
203,Palos Verdes,81,reverse,26
203,Palos Verdes,82,reverse,33
203,Palos Verdes,83,reverse,28
203,Palos Verdes,84,reverse,30
203,Palos Verdes,85,reverse,32
203,Palos Verdes,86,reverse,50
203,Palos Verdes,87,reverse,21
203,Palos Verdes,88,reverse,29
203,Palos Verdes,89,reverse,36
203,Palos Verdes,90,reverse,44
203,Palos Verdes,91,reverse,10
203,Palos Verdes,92,reverse,60
203,Palos Verdes,93,reverse,32
203,Palos Verdes,94,reverse,30
203,Palos Verdes,95,reverse,47
203,Palos Verdes,96,reverse,28
203,Palos Verdes,97,reverse,26
203,Palos Verdes,98,reverse,53
203,Palos Verdes,99,reverse,20
203,Palos Verdes,100,reverse,67
203,Palos Verdes,101,reverse,27
203,Palos Verdes,102,reverse,13
203,Palos Verdes,103,reverse,58
203,Palos Verdes,104,reverse,3
203,Palos Verdes,105,reverse,25
203,Palos Verdes,106,reverse,47
203,Palos Verdes,107,reverse,3
203,Palos Verdes,108,reverse,9
203,Palos Verdes,109,reverse,3
203,Palos Verdes,110,reverse oblique,42
203,Palos Verdes,112,reverse oblique,6
203,Palos Verdes,113,reverse oblique,40
203,Palos Verdes,114,reverse oblique,6
203,Palos Verdes,115,reverse oblique,11
203,Palos Verdes,116,reverse oblique,17
203,Palos Verdes,117,reverse oblique,16
203,Palos Verdes,118,reverse oblique,8
203,Palos Verdes,119,reverse oblique,12
203,Palos Verdes,120,reverse oblique,32
203,Palos Verdes,121,reverse oblique,9
203,Palos Verdes,122,reverse oblique,21
203,Palos Verdes,124,reverse oblique,18
203,Palos Verdes,125,reverse oblique,29
203,Palos Verdes,126,reverse oblique,11
203,Palos Verdes,127,reverse oblique,34
203,Palos Verdes,128,reverse oblique,2
203,Palos Verdes,129,reverse oblique,19
203,Palos Verdes,130,reverse oblique,37
203,Palos Verdes,131,reverse oblique,32
203,Palos Verdes,132,reverse oblique,44
203,Palos Verdes,133,reverse oblique,49
203,Palos Verdes,134,reverse oblique,45
203,Palos Verdes,135,reverse oblique,76
203,Palos Verdes,136,reverse oblique,67
203,Palos Verdes,137,reverse oblique,57
203,Palos Verdes,138,reverse oblique,74
203,Palos Verdes,139,reverse oblique,87
203,Palos Verdes,140,reverse oblique,90
203,Palos Verdes,141,reverse oblique,89
203,Palos Verdes,142,reverse oblique,112
203,Palos Verdes,143,reverse oblique,55
203,Palos Verdes,144,reverse oblique,114
203,Palos Verdes,145,reverse oblique,99
203,Palos Verdes,146,reverse oblique,87
203,Palos Verdes,147,reverse oblique,114
203,Palos Verdes,148,reverse oblique,116
203,Palos Verdes,149,reverse oblique,84
203,Palos Verdes,150,reverse oblique,111
203,Palos Verdes,151,reverse oblique,70
203,Palos Verdes,152,reverse oblique,89
203,Palos Verdes,153,reverse oblique,97
203,Palos Verdes,154,reverse oblique,124
203,Palos Verdes,155,reverse oblique,64
203,Palos Verdes,156,reverse oblique,100
203,Palos Verdes,157,reverse oblique,100
203,Palos Verdes,158,reverse oblique,94
203,Palos Verdes,159,reverse oblique,47
203,Palos Verdes,160,strike-slip,86
203,Palos Verdes,161,strike-slip,70
203,Palos Verdes,162,strike-slip,73
203,Palos Verdes,163,strike-slip,93
203,Palos Verdes,164,strike-slip,133
203,Palos Verdes,165,strike-slip,114
203,Palos Verdes,166,strike-slip,89
203,Palos Verdes,167,strike-slip,88
203,Palos Verdes,168,strike-slip,150
203,Palos Verdes,169,strike-slip,195
203,Palos Verdes,170,strike-slip,257
203,Palos Verdes,171,strike-slip,258
203,Palos Verdes,172,strike-slip,337
203,Palos Verdes,173,strike-slip,325
203,Palos Verdes,174,strike-slip,273
203,Palos Verdes,175,strike-slip,65
203,Palos Verdes,176,strike-slip,195
203,Palos Verdes,177,strike-slip,52
203,Palos Verdes,180,strike-slip,6335
204,Panamint Valley,-150,normal oblique,2693
204,Panamint Valley,-148,normal oblique,51
204,Panamint Valley,-147,normal oblique,33
204,Panamint Valley,-146,normal oblique,63
204,Panamint Valley,-145,normal oblique,34
204,Panamint Valley,-144,normal oblique,32
204,Panamint Valley,-143,normal oblique,61
204,Panamint Valley,-142,normal oblique,96
204,Panamint Valley,-141,normal oblique,32
204,Panamint Valley,-140,normal oblique,107
204,Panamint Valley,-139,normal oblique,87
204,Panamint Valley,-138,normal oblique,77
204,Panamint Valley,-137,normal oblique,53
204,Panamint Valley,-136,normal oblique,68
204,Panamint Valley,-135,normal oblique,57
204,Panamint Valley,-134,normal oblique,60
204,Panamint Valley,-133,normal oblique,29
204,Panamint Valley,-132,normal oblique,56
204,Panamint Valley,-131,normal oblique,29
204,Panamint Valley,-130,normal oblique,60
204,Panamint Valley,-129,normal oblique,32
204,Panamint Valley,-128,normal oblique,19
204,Panamint Valley,-127,normal oblique,38
204,Panamint Valley,-126,normal oblique,33
204,Panamint Valley,-125,normal oblique,28
204,Panamint Valley,-124,normal oblique,23
204,Panamint Valley,-123,normal oblique,28
204,Panamint Valley,-122,normal oblique,15
204,Panamint Valley,-121,normal oblique,8
204,Panamint Valley,-120,normal oblique,23
204,Panamint Valley,-119,normal oblique,6
204,Panamint Valley,-118,normal oblique,4
204,Panamint Valley,-117,normal oblique,4
204,Panamint Valley,-116,normal oblique,5
204,Panamint Valley,-115,normal oblique,4
204,Panamint Valley,-113,normal oblique,8
204,Panamint Valley,-112,normal oblique,2
204,Panamint Valley,-110,normal,2
204,Panamint Valley,-107,normal,4
204,Panamint Valley,-93,normal,3
204,Panamint Valley,-92,normal,2
204,Panamint Valley,-64,normal oblique,3
204,Panamint Valley,-52,normal oblique,2
204,Panamint Valley,-44,normal oblique,3
204,Panamint Valley,-32,normal oblique,5
204,Panamint Valley,-25,normal oblique,3
204,Panamint Valley,-22,normal oblique,2
204,Panamint Valley,-20,strike-slip,3
204,Panamint Valley,-17,strike-slip,5
204,Panamint Valley,-15,strike-slip,3
204,Panamint Valley,-14,strike-slip,2
204,Panamint Valley,-13,strike-slip,3
204,Panamint Valley,-12,strike-slip,5
204,Panamint Valley,-10,strike-slip,8
204,Panamint Valley,-9,strike-slip,5
204,Panamint Valley,-8,strike-slip,8
204,Panamint Valley,-7,strike-slip,8
204,Panamint Valley,-6,strike-slip,7
204,Panamint Valley,-5,strike-slip,2
204,Panamint Valley,-3,strike-slip,9
204,Panamint Valley,-2,strike-slip,6
205,Paradise,180,strike-slip,1031
206,Peralta Hills,57,reverse oblique,2
206,Peralta Hills,58,reverse oblique,2
206,Peralta Hills,60,reverse oblique,2
206,Peralta Hills,61,reverse oblique,6
206,Peralta Hills,62,reverse oblique,4
206,Peralta Hills,63,reverse oblique,4
206,Peralta Hills,64,reverse oblique,2
206,Peralta Hills,65,reverse oblique,6
206,Peralta Hills,66,reverse oblique,2
206,Peralta Hills,67,reverse oblique,6
206,Peralta Hills,68,reverse oblique,6
206,Peralta Hills,69,reverse oblique,8
206,Peralta Hills,70,reverse,6
206,Peralta Hills,71,reverse,6
206,Peralta Hills,72,reverse,10
206,Peralta Hills,73,reverse,12
206,Peralta Hills,74,reverse,8
206,Peralta Hills,75,reverse,12
206,Peralta Hills,76,reverse,6
206,Peralta Hills,77,reverse,18
206,Peralta Hills,78,reverse,2
206,Peralta Hills,79,reverse,14
206,Peralta Hills,80,reverse,6
206,Peralta Hills,81,reverse,8
206,Peralta Hills,82,reverse,12
206,Peralta Hills,83,reverse,14
206,Peralta Hills,84,reverse,4
206,Peralta Hills,85,reverse,4
206,Peralta Hills,86,reverse,8
206,Peralta Hills,87,reverse,4
206,Peralta Hills,88,reverse,6
206,Peralta Hills,89,reverse,10
206,Peralta Hills,90,reverse,14
206,Peralta Hills,91,reverse,8
206,Peralta Hills,92,reverse,8
206,Peralta Hills,93,reverse,2
206,Peralta Hills,94,reverse,8
206,Peralta Hills,95,reverse,6
206,Peralta Hills,96,reverse,8
206,Peralta Hills,97,reverse,6
206,Peralta Hills,98,reverse,12
206,Peralta Hills,99,reverse,4
206,Peralta Hills,100,reverse,6
206,Peralta Hills,101,reverse,8
206,Peralta Hills,102,reverse,8
206,Peralta Hills,103,reverse,2
206,Peralta Hills,104,reverse,2
206,Peralta Hills,105,reverse,4
206,Peralta Hills,106,reverse,8
206,Peralta Hills,107,reverse,4
206,Peralta Hills,108,reverse,4
206,Peralta Hills,109,reverse,6
206,Peralta Hills,110,reverse oblique,6
206,Peralta Hills,111,reverse oblique,4
206,Peralta Hills,112,reverse oblique,6
206,Peralta Hills,113,reverse oblique,2
206,Peralta Hills,114,reverse oblique,6
206,Peralta Hills,115,reverse oblique,4
206,Peralta Hills,116,reverse oblique,4
206,Peralta Hills,117,reverse oblique,4
206,Peralta Hills,118,reverse oblique,4
206,Peralta Hills,119,reverse oblique,2
206,Peralta Hills,120,reverse oblique,4
206,Peralta Hills,121,reverse oblique,2
206,Peralta Hills,122,reverse oblique,2
206,Peralta Hills,123,reverse oblique,6
206,Peralta Hills,124,reverse oblique,2
206,Peralta Hills,126,reverse oblique,6
206,Peralta Hills,128,reverse oblique,2
206,Peralta Hills,129,reverse oblique,4
206,Peralta Hills,130,reverse oblique,4
206,Peralta Hills,131,reverse oblique,4
206,Peralta Hills,132,reverse oblique,4
206,Peralta Hills,133,reverse oblique,2
206,Peralta Hills,135,reverse oblique,2
206,Peralta Hills,136,reverse oblique,2
206,Peralta Hills,137,reverse oblique,2
206,Peralta Hills,138,reverse oblique,2
206,Peralta Hills,139,reverse oblique,2
206,Peralta Hills,140,reverse oblique,2
206,Peralta Hills,142,reverse oblique,6
206,Peralta Hills,143,reverse oblique,2
206,Peralta Hills,145,reverse oblique,6
206,Peralta Hills,146,reverse oblique,4
206,Peralta Hills,147,reverse oblique,4
206,Peralta Hills,148,reverse oblique,4
206,Peralta Hills,149,reverse oblique,2
206,Peralta Hills,150,reverse oblique,2
206,Peralta Hills,151,reverse oblique,4
206,Peralta Hills,152,reverse oblique,6
206,Peralta Hills,153,reverse oblique,6
206,Peralta Hills,154,reverse oblique,2
206,Peralta Hills,155,reverse oblique,4
206,Peralta Hills,156,reverse oblique,4
206,Peralta Hills,157,reverse oblique,6
206,Peralta Hills,158,reverse oblique,2
206,Peralta Hills,159,reverse oblique,6
206,Peralta Hills,160,strike-slip,6
206,Peralta Hills,161,strike-slip,2
206,Peralta Hills,162,strike-slip,4
206,Peralta Hills,163,strike-slip,4
206,Peralta Hills,164,strike-slip,6
206,Peralta Hills,165,strike-slip,4
206,Peralta Hills,167,strike-slip,2
206,Peralta Hills,168,strike-slip,2
206,Peralta Hills,169,strike-slip,2
206,Peralta Hills,170,strike-slip,4
206,Peralta Hills,171,strike-slip,6
206,Peralta Hills,172,strike-slip,10
206,Peralta Hills,173,strike-slip,6
207,Pilarcitos,96,reverse,2
207,Pilarcitos,97,reverse,2
207,Pilarcitos,98,reverse,2
207,Pilarcitos,99,reverse,3
207,Pilarcitos,100,reverse,5
207,Pilarcitos,102,reverse,7
207,Pilarcitos,104,reverse,6
207,Pilarcitos,105,reverse,8
207,Pilarcitos,106,reverse,6
207,Pilarcitos,107,reverse,13
207,Pilarcitos,108,reverse,6
207,Pilarcitos,109,reverse,3
207,Pilarcitos,110,reverse oblique,36
207,Pilarcitos,111,reverse oblique,11
207,Pilarcitos,112,reverse oblique,12
207,Pilarcitos,113,reverse oblique,24
207,Pilarcitos,114,reverse oblique,28
207,Pilarcitos,115,reverse oblique,22
207,Pilarcitos,116,reverse oblique,33
207,Pilarcitos,117,reverse oblique,25
207,Pilarcitos,118,reverse oblique,33
207,Pilarcitos,119,reverse oblique,49
207,Pilarcitos,120,reverse oblique,36
207,Pilarcitos,121,reverse oblique,39
207,Pilarcitos,122,reverse oblique,48
207,Pilarcitos,123,reverse oblique,68
207,Pilarcitos,124,reverse oblique,77
207,Pilarcitos,125,reverse oblique,60
207,Pilarcitos,126,reverse oblique,144
207,Pilarcitos,127,reverse oblique,38
207,Pilarcitos,128,reverse oblique,96
207,Pilarcitos,129,reverse oblique,84
207,Pilarcitos,130,reverse oblique,132
207,Pilarcitos,131,reverse oblique,75
207,Pilarcitos,132,reverse oblique,124
207,Pilarcitos,133,reverse oblique,105
207,Pilarcitos,134,reverse oblique,169
207,Pilarcitos,135,reverse oblique,142
207,Pilarcitos,136,reverse oblique,150
207,Pilarcitos,137,reverse oblique,170
207,Pilarcitos,138,reverse oblique,264
207,Pilarcitos,139,reverse oblique,160
207,Pilarcitos,140,reverse oblique,295
207,Pilarcitos,141,reverse oblique,260
207,Pilarcitos,142,reverse oblique,278
207,Pilarcitos,143,reverse oblique,269
207,Pilarcitos,144,reverse oblique,367
207,Pilarcitos,145,reverse oblique,295
207,Pilarcitos,146,reverse oblique,428
207,Pilarcitos,147,reverse oblique,292
207,Pilarcitos,148,reverse oblique,484
207,Pilarcitos,149,reverse oblique,321
207,Pilarcitos,150,reverse oblique,527
207,Pilarcitos,151,reverse oblique,545
207,Pilarcitos,152,reverse oblique,753
207,Pilarcitos,153,reverse oblique,774
207,Pilarcitos,154,reverse oblique,906
207,Pilarcitos,155,reverse oblique,788
207,Pilarcitos,156,reverse oblique,1057
207,Pilarcitos,157,reverse oblique,989
207,Pilarcitos,158,reverse oblique,1320
207,Pilarcitos,159,reverse oblique,1322
207,Pilarcitos,160,strike-slip,1649
207,Pilarcitos,161,strike-slip,1469
207,Pilarcitos,162,strike-slip,2012
207,Pilarcitos,163,strike-slip,1933
207,Pilarcitos,164,strike-slip,2305
207,Pilarcitos,165,strike-slip,1839
207,Pilarcitos,166,strike-slip,2731
207,Pilarcitos,167,strike-slip,2883
207,Pilarcitos,168,strike-slip,4013
207,Pilarcitos,169,strike-slip,3848
207,Pilarcitos,170,strike-slip,4741
207,Pilarcitos,171,strike-slip,4914
207,Pilarcitos,172,strike-slip,8189
207,Pilarcitos,173,strike-slip,8857
207,Pilarcitos,174,strike-slip,12058
207,Pilarcitos,175,strike-slip,11465
207,Pilarcitos,176,strike-slip,21303
207,Pilarcitos,177,strike-slip,27640
207,Pilarcitos,178,strike-slip,42320
207,Pilarcitos,179,strike-slip,24851
207,Pilarcitos,180,strike-slip,125903
208,Pine Mountain,15,strike-slip,2
208,Pine Mountain,16,strike-slip,6
208,Pine Mountain,17,strike-slip,4
208,Pine Mountain,18,strike-slip,4
208,Pine Mountain,19,strike-slip,2
208,Pine Mountain,20,reverse oblique,4
208,Pine Mountain,21,reverse oblique,2
208,Pine Mountain,22,reverse oblique,4
208,Pine Mountain,23,reverse oblique,4
208,Pine Mountain,24,reverse oblique,4
208,Pine Mountain,25,reverse oblique,2
208,Pine Mountain,26,reverse oblique,4
208,Pine Mountain,27,reverse oblique,2
208,Pine Mountain,28,reverse oblique,6
208,Pine Mountain,29,reverse oblique,2
208,Pine Mountain,30,reverse oblique,4
208,Pine Mountain,31,reverse oblique,4
208,Pine Mountain,35,reverse oblique,2
208,Pine Mountain,37,reverse oblique,2
208,Pine Mountain,39,reverse oblique,4
208,Pine Mountain,41,reverse oblique,4
208,Pine Mountain,44,reverse oblique,2
208,Pine Mountain,46,reverse oblique,2
208,Pine Mountain,48,reverse oblique,2
208,Pine Mountain,50,reverse oblique,4
208,Pine Mountain,51,reverse oblique,2
208,Pine Mountain,53,reverse oblique,2
208,Pine Mountain,54,reverse oblique,2
208,Pine Mountain,55,reverse oblique,2
208,Pine Mountain,56,reverse oblique,2
208,Pine Mountain,57,reverse oblique,2
208,Pine Mountain,58,reverse oblique,6
208,Pine Mountain,59,reverse oblique,4
208,Pine Mountain,60,reverse oblique,2
208,Pine Mountain,61,reverse oblique,2
208,Pine Mountain,62,reverse oblique,4
208,Pine Mountain,64,reverse oblique,4
208,Pine Mountain,65,reverse oblique,2
208,Pine Mountain,68,reverse oblique,2
208,Pine Mountain,70,reverse,4
208,Pine Mountain,71,reverse,2
208,Pine Mountain,72,reverse,4
208,Pine Mountain,73,reverse,4
208,Pine Mountain,74,reverse,4
208,Pine Mountain,75,reverse,4
208,Pine Mountain,76,reverse,10
208,Pine Mountain,77,reverse,8
208,Pine Mountain,79,reverse,4
208,Pine Mountain,80,reverse,6
208,Pine Mountain,81,reverse,4
208,Pine Mountain,82,reverse,6
208,Pine Mountain,83,reverse,2
208,Pine Mountain,89,reverse,2
208,Pine Mountain,90,reverse,892
208,Pine Mountain,91,reverse,21
208,Pine Mountain,92,reverse,68
208,Pine Mountain,93,reverse,43
208,Pine Mountain,94,reverse,67
208,Pine Mountain,95,reverse,79
208,Pine Mountain,96,reverse,67
208,Pine Mountain,97,reverse,51
208,Pine Mountain,98,reverse,69
208,Pine Mountain,99,reverse,36
208,Pine Mountain,100,reverse,23
208,Pine Mountain,101,reverse,9
208,Pine Mountain,102,reverse,16
208,Pine Mountain,103,reverse,6
208,Pine Mountain,104,reverse,10
208,Pine Mountain,105,reverse,5
208,Pine Mountain,106,reverse,15
208,Pine Mountain,107,reverse,13
208,Pine Mountain,108,reverse,15
208,Pine Mountain,109,reverse,7
208,Pine Mountain,110,reverse oblique,16
208,Pine Mountain,111,reverse oblique,7
208,Pine Mountain,112,reverse oblique,9
208,Pine Mountain,113,reverse oblique,9
208,Pine Mountain,114,reverse oblique,8
208,Pine Mountain,115,reverse oblique,5
208,Pine Mountain,116,reverse oblique,7
208,Pine Mountain,117,reverse oblique,2
208,Pine Mountain,118,reverse oblique,2
208,Pine Mountain,119,reverse oblique,4
208,Pine Mountain,120,reverse oblique,4
208,Pine Mountain,126,reverse oblique,2
208,Pine Mountain,134,reverse oblique,2
208,Pine Mountain,137,reverse oblique,2
208,Pine Mountain,140,reverse oblique,2
208,Pine Mountain,142,reverse oblique,2
208,Pine Mountain,145,reverse oblique,2
208,Pine Mountain,147,reverse oblique,2
208,Pine Mountain,149,reverse oblique,2
208,Pine Mountain,150,reverse oblique,2
208,Pine Mountain,152,reverse oblique,2
208,Pine Mountain,153,reverse oblique,2
208,Pine Mountain,154,reverse oblique,2
208,Pine Mountain,156,reverse oblique,2
208,Pine Mountain,157,reverse oblique,2
208,Pine Mountain,158,reverse oblique,2
209,Pinto Mountain,0,strike-slip,688
209,Pinto Mountain,180,strike-slip,1540
210,Pisgah - Bullion Mountain - Mesquite Lake,0,strike-slip,43
210,Pisgah - Bullion Mountain - Mesquite Lake,180,strike-slip,1025
213,Pitas Point (upper) [2],61,reverse oblique,2
213,Pitas Point (upper) [2],62,reverse oblique,9
213,Pitas Point (upper) [2],64,reverse oblique,15
213,Pitas Point (upper) [2],65,reverse oblique,20
213,Pitas Point (upper) [2],66,reverse oblique,28
213,Pitas Point (upper) [2],67,reverse oblique,47
213,Pitas Point (upper) [2],68,reverse oblique,63
213,Pitas Point (upper) [2],69,reverse oblique,62
213,Pitas Point (upper) [2],70,reverse,83
213,Pitas Point (upper) [2],71,reverse,76
213,Pitas Point (upper) [2],72,reverse,97
213,Pitas Point (upper) [2],73,reverse,83
213,Pitas Point (upper) [2],74,reverse,94
213,Pitas Point (upper) [2],75,reverse,129
213,Pitas Point (upper) [2],76,reverse,163
213,Pitas Point (upper) [2],77,reverse,146
213,Pitas Point (upper) [2],78,reverse,214
213,Pitas Point (upper) [2],79,reverse,239
213,Pitas Point (upper) [2],80,reverse,387
213,Pitas Point (upper) [2],81,reverse,323
213,Pitas Point (upper) [2],82,reverse,618
213,Pitas Point (upper) [2],83,reverse,849
213,Pitas Point (upper) [2],84,reverse,1513
213,Pitas Point (upper) [2],85,reverse,1367
213,Pitas Point (upper) [2],86,reverse,788
213,Pitas Point (upper) [2],90,reverse,327
214,Pittville,-90,normal,112
215,Pleito,90,reverse,30
215,Pleito,107,reverse,5
215,Pleito,110,reverse oblique,4
215,Pleito,111,reverse oblique,4
215,Pleito,114,reverse oblique,5
215,Pleito,115,reverse oblique,3
215,Pleito,117,reverse oblique,3
215,Pleito,118,reverse oblique,4
215,Pleito,119,reverse oblique,4
215,Pleito,121,reverse oblique,5
215,Pleito,122,reverse oblique,5
215,Pleito,125,reverse oblique,9
215,Pleito,126,reverse oblique,15
215,Pleito,127,reverse oblique,14
215,Pleito,128,reverse oblique,8
215,Pleito,129,reverse oblique,4
215,Pleito,130,reverse oblique,3
215,Pleito,132,reverse oblique,4
215,Pleito,133,reverse oblique,12
215,Pleito,134,reverse oblique,11
215,Pleito,135,reverse oblique,5
215,Pleito,137,reverse oblique,7
215,Pleito,138,reverse oblique,23
215,Pleito,139,reverse oblique,3
215,Pleito,140,reverse oblique,9
215,Pleito,141,reverse oblique,7
215,Pleito,142,reverse oblique,16
215,Pleito,143,reverse oblique,8
215,Pleito,144,reverse oblique,7
215,Pleito,145,reverse oblique,9
215,Pleito,146,reverse oblique,27
215,Pleito,147,reverse oblique,7
215,Pleito,148,reverse oblique,12
215,Pleito,149,reverse oblique,25
215,Pleito,150,reverse oblique,11
215,Pleito,151,reverse oblique,14
215,Pleito,152,reverse oblique,33
215,Pleito,153,reverse oblique,13
215,Pleito,154,reverse oblique,44
215,Pleito,155,reverse oblique,11
215,Pleito,156,reverse oblique,54
215,Pleito,157,reverse oblique,42
215,Pleito,158,reverse oblique,42
215,Pleito,159,reverse oblique,58
215,Pleito,160,strike-slip,82
215,Pleito,161,strike-slip,76
215,Pleito,162,strike-slip,125
215,Pleito,163,strike-slip,116
215,Pleito,164,strike-slip,218
215,Pleito,165,strike-slip,224
215,Pleito,166,strike-slip,385
215,Pleito,167,strike-slip,479
215,Pleito,168,strike-slip,712
215,Pleito,169,strike-slip,934
215,Pleito,170,strike-slip,1550
215,Pleito,171,strike-slip,1662
215,Pleito,172,strike-slip,3003
215,Pleito,173,strike-slip,3685
215,Pleito,174,strike-slip,5304
215,Pleito,175,strike-slip,3391
215,Pleito,176,strike-slip,2151
215,Pleito,177,strike-slip,109
215,Pleito,178,strike-slip,10
216,Point Reyes,90,reverse,814
216,Point Reyes,98,reverse,23
216,Point Reyes,99,reverse,10
216,Point Reyes,100,reverse,40
216,Point Reyes,101,reverse,17
216,Point Reyes,102,reverse,38
216,Point Reyes,103,reverse,23
216,Point Reyes,104,reverse,16
216,Point Reyes,105,reverse,26
216,Point Reyes,106,reverse,71
216,Point Reyes,107,reverse,20
216,Point Reyes,108,reverse,32
216,Point Reyes,109,reverse,58
216,Point Reyes,110,reverse oblique,60
216,Point Reyes,111,reverse oblique,47
216,Point Reyes,112,reverse oblique,45
216,Point Reyes,113,reverse oblique,66
216,Point Reyes,114,reverse oblique,64
216,Point Reyes,115,reverse oblique,54
216,Point Reyes,116,reverse oblique,76
216,Point Reyes,117,reverse oblique,47
216,Point Reyes,118,reverse oblique,76
216,Point Reyes,119,reverse oblique,75
216,Point Reyes,120,reverse oblique,57
216,Point Reyes,121,reverse oblique,93
216,Point Reyes,122,reverse oblique,120
216,Point Reyes,123,reverse oblique,90
216,Point Reyes,124,reverse oblique,141
216,Point Reyes,125,reverse oblique,136
216,Point Reyes,126,reverse oblique,196
216,Point Reyes,127,reverse oblique,100
216,Point Reyes,128,reverse oblique,232
216,Point Reyes,129,reverse oblique,129
216,Point Reyes,130,reverse oblique,231
216,Point Reyes,131,reverse oblique,199
216,Point Reyes,132,reverse oblique,206
216,Point Reyes,133,reverse oblique,233
216,Point Reyes,134,reverse oblique,406
216,Point Reyes,135,reverse oblique,242
216,Point Reyes,136,reverse oblique,424
216,Point Reyes,137,reverse oblique,304
216,Point Reyes,138,reverse oblique,611
216,Point Reyes,139,reverse oblique,506
216,Point Reyes,140,reverse oblique,750
216,Point Reyes,141,reverse oblique,678
216,Point Reyes,142,reverse oblique,699
216,Point Reyes,143,reverse oblique,667
216,Point Reyes,144,reverse oblique,747
216,Point Reyes,145,reverse oblique,629
216,Point Reyes,146,reverse oblique,762
216,Point Reyes,147,reverse oblique,616
216,Point Reyes,148,reverse oblique,1016
216,Point Reyes,149,reverse oblique,739
216,Point Reyes,150,reverse oblique,949
216,Point Reyes,151,reverse oblique,863
216,Point Reyes,152,reverse oblique,1007
216,Point Reyes,153,reverse oblique,922
216,Point Reyes,154,reverse oblique,1377
216,Point Reyes,155,reverse oblique,1193
216,Point Reyes,156,reverse oblique,1557
216,Point Reyes,157,reverse oblique,1341
216,Point Reyes,158,reverse oblique,1762
216,Point Reyes,159,reverse oblique,1565
216,Point Reyes,160,strike-slip,1812
216,Point Reyes,161,strike-slip,1556
216,Point Reyes,162,strike-slip,1878
216,Point Reyes,163,strike-slip,1680
216,Point Reyes,164,strike-slip,2012
216,Point Reyes,165,strike-slip,1707
216,Point Reyes,166,strike-slip,2113
216,Point Reyes,167,strike-slip,1788
216,Point Reyes,168,strike-slip,2131
216,Point Reyes,169,strike-slip,1583
216,Point Reyes,170,strike-slip,1889
216,Point Reyes,171,strike-slip,1518
216,Point Reyes,172,strike-slip,1852
216,Point Reyes,173,strike-slip,1518
216,Point Reyes,174,strike-slip,1425
216,Point Reyes,175,strike-slip,777
216,Point Reyes,176,strike-slip,503
216,Point Reyes,177,strike-slip,147
217,Point Reyes (connector),90,reverse,374
217,Point Reyes (connector),98,reverse,12
217,Point Reyes (connector),99,reverse,6
217,Point Reyes (connector),100,reverse,24
217,Point Reyes (connector),101,reverse,12
217,Point Reyes (connector),102,reverse,24
217,Point Reyes (connector),103,reverse,18
217,Point Reyes (connector),104,reverse,12
217,Point Reyes (connector),105,reverse,18
217,Point Reyes (connector),106,reverse,48
217,Point Reyes (connector),107,reverse,12
217,Point Reyes (connector),108,reverse,30
217,Point Reyes (connector),109,reverse,36
217,Point Reyes (connector),110,reverse oblique,42
217,Point Reyes (connector),111,reverse oblique,30
217,Point Reyes (connector),112,reverse oblique,36
217,Point Reyes (connector),113,reverse oblique,48
217,Point Reyes (connector),114,reverse oblique,48
217,Point Reyes (connector),115,reverse oblique,41
217,Point Reyes (connector),116,reverse oblique,60
217,Point Reyes (connector),117,reverse oblique,30
217,Point Reyes (connector),118,reverse oblique,65
217,Point Reyes (connector),119,reverse oblique,54
217,Point Reyes (connector),120,reverse oblique,48
217,Point Reyes (connector),121,reverse oblique,70
217,Point Reyes (connector),122,reverse oblique,84
217,Point Reyes (connector),123,reverse oblique,81
217,Point Reyes (connector),124,reverse oblique,96
217,Point Reyes (connector),125,reverse oblique,107
217,Point Reyes (connector),126,reverse oblique,138
217,Point Reyes (connector),127,reverse oblique,66
217,Point Reyes (connector),128,reverse oblique,188
217,Point Reyes (connector),129,reverse oblique,112
217,Point Reyes (connector),130,reverse oblique,177
217,Point Reyes (connector),131,reverse oblique,164
217,Point Reyes (connector),132,reverse oblique,160
217,Point Reyes (connector),133,reverse oblique,185
217,Point Reyes (connector),134,reverse oblique,310
217,Point Reyes (connector),135,reverse oblique,178
217,Point Reyes (connector),136,reverse oblique,328
217,Point Reyes (connector),137,reverse oblique,237
217,Point Reyes (connector),138,reverse oblique,437
217,Point Reyes (connector),139,reverse oblique,386
217,Point Reyes (connector),140,reverse oblique,524
217,Point Reyes (connector),141,reverse oblique,504
217,Point Reyes (connector),142,reverse oblique,560
217,Point Reyes (connector),143,reverse oblique,555
217,Point Reyes (connector),144,reverse oblique,623
217,Point Reyes (connector),145,reverse oblique,578
217,Point Reyes (connector),146,reverse oblique,638
217,Point Reyes (connector),147,reverse oblique,584
217,Point Reyes (connector),148,reverse oblique,940
217,Point Reyes (connector),149,reverse oblique,646
217,Point Reyes (connector),150,reverse oblique,912
217,Point Reyes (connector),151,reverse oblique,805
217,Point Reyes (connector),152,reverse oblique,1133
217,Point Reyes (connector),153,reverse oblique,968
217,Point Reyes (connector),154,reverse oblique,1406
217,Point Reyes (connector),155,reverse oblique,1255
217,Point Reyes (connector),156,reverse oblique,1580
217,Point Reyes (connector),157,reverse oblique,1382
217,Point Reyes (connector),158,reverse oblique,1795
217,Point Reyes (connector),159,reverse oblique,1702
217,Point Reyes (connector),160,strike-slip,2035
217,Point Reyes (connector),161,strike-slip,1786
217,Point Reyes (connector),162,strike-slip,2181
217,Point Reyes (connector),163,strike-slip,2093
217,Point Reyes (connector),164,strike-slip,2493
217,Point Reyes (connector),165,strike-slip,2245
217,Point Reyes (connector),166,strike-slip,2812
217,Point Reyes (connector),167,strike-slip,2520
217,Point Reyes (connector),168,strike-slip,3230
217,Point Reyes (connector),169,strike-slip,2871
217,Point Reyes (connector),170,strike-slip,3581
217,Point Reyes (connector),171,strike-slip,3052
217,Point Reyes (connector),172,strike-slip,4196
217,Point Reyes (connector),173,strike-slip,3885
217,Point Reyes (connector),174,strike-slip,5549
217,Point Reyes (connector),175,strike-slip,6129
217,Point Reyes (connector),176,strike-slip,12403
217,Point Reyes (connector),177,strike-slip,17669
217,Point Reyes (connector),178,strike-slip,17646
217,Point Reyes (connector),179,strike-slip,864
218,Polaris,-146,normal oblique,4
218,Polaris,-139,normal oblique,3
218,Polaris,-135,normal oblique,4
218,Polaris,-127,normal oblique,9
218,Polaris,-121,normal oblique,4
218,Polaris,-120,normal oblique,3
218,Polaris,-117,normal oblique,6
218,Polaris,-114,normal oblique,3
218,Polaris,-113,normal oblique,4
218,Polaris,-111,normal oblique,5
218,Polaris,-108,normal,3
218,Polaris,-107,normal,2
218,Polaris,-104,normal,2
218,Polaris,-102,normal,2
218,Polaris,180,strike-slip,16
219,Puente Hills (Coyote Hills) [2],51,reverse oblique,2
219,Puente Hills (Coyote Hills) [2],52,reverse oblique,4
219,Puente Hills (Coyote Hills) [2],53,reverse oblique,4
219,Puente Hills (Coyote Hills) [2],54,reverse oblique,6
219,Puente Hills (Coyote Hills) [2],55,reverse oblique,10
219,Puente Hills (Coyote Hills) [2],56,reverse oblique,14
219,Puente Hills (Coyote Hills) [2],57,reverse oblique,20
219,Puente Hills (Coyote Hills) [2],58,reverse oblique,26
219,Puente Hills (Coyote Hills) [2],59,reverse oblique,12
219,Puente Hills (Coyote Hills) [2],60,reverse oblique,40
219,Puente Hills (Coyote Hills) [2],61,reverse oblique,30
219,Puente Hills (Coyote Hills) [2],62,reverse oblique,28
219,Puente Hills (Coyote Hills) [2],63,reverse oblique,36
219,Puente Hills (Coyote Hills) [2],64,reverse oblique,40
219,Puente Hills (Coyote Hills) [2],65,reverse oblique,40
219,Puente Hills (Coyote Hills) [2],66,reverse oblique,62
219,Puente Hills (Coyote Hills) [2],67,reverse oblique,46
219,Puente Hills (Coyote Hills) [2],68,reverse oblique,50
219,Puente Hills (Coyote Hills) [2],69,reverse oblique,44
219,Puente Hills (Coyote Hills) [2],70,reverse,36
219,Puente Hills (Coyote Hills) [2],71,reverse,60
219,Puente Hills (Coyote Hills) [2],72,reverse,50
219,Puente Hills (Coyote Hills) [2],73,reverse,50
219,Puente Hills (Coyote Hills) [2],74,reverse,54
219,Puente Hills (Coyote Hills) [2],75,reverse,40
219,Puente Hills (Coyote Hills) [2],76,reverse,38
219,Puente Hills (Coyote Hills) [2],77,reverse,42
219,Puente Hills (Coyote Hills) [2],78,reverse,30
219,Puente Hills (Coyote Hills) [2],79,reverse,34
219,Puente Hills (Coyote Hills) [2],80,reverse,22
219,Puente Hills (Coyote Hills) [2],81,reverse,24
219,Puente Hills (Coyote Hills) [2],82,reverse,36
219,Puente Hills (Coyote Hills) [2],83,reverse,26
219,Puente Hills (Coyote Hills) [2],84,reverse,10
219,Puente Hills (Coyote Hills) [2],85,reverse,10
219,Puente Hills (Coyote Hills) [2],86,reverse,12
219,Puente Hills (Coyote Hills) [2],87,reverse,12
219,Puente Hills (Coyote Hills) [2],88,reverse,14
219,Puente Hills (Coyote Hills) [2],89,reverse,20
219,Puente Hills (Coyote Hills) [2],90,reverse,64
219,Puente Hills (Coyote Hills) [2],91,reverse,14
219,Puente Hills (Coyote Hills) [2],92,reverse,14
219,Puente Hills (Coyote Hills) [2],93,reverse,6
219,Puente Hills (Coyote Hills) [2],94,reverse,10
219,Puente Hills (Coyote Hills) [2],95,reverse,10
219,Puente Hills (Coyote Hills) [2],96,reverse,14
219,Puente Hills (Coyote Hills) [2],97,reverse,10
219,Puente Hills (Coyote Hills) [2],98,reverse,26
219,Puente Hills (Coyote Hills) [2],99,reverse,10
219,Puente Hills (Coyote Hills) [2],100,reverse,16
219,Puente Hills (Coyote Hills) [2],101,reverse,18
219,Puente Hills (Coyote Hills) [2],102,reverse,20
219,Puente Hills (Coyote Hills) [2],103,reverse,8
219,Puente Hills (Coyote Hills) [2],104,reverse,2
219,Puente Hills (Coyote Hills) [2],105,reverse,10
219,Puente Hills (Coyote Hills) [2],106,reverse,20
219,Puente Hills (Coyote Hills) [2],107,reverse,6
219,Puente Hills (Coyote Hills) [2],108,reverse,10
219,Puente Hills (Coyote Hills) [2],109,reverse,12
219,Puente Hills (Coyote Hills) [2],110,reverse oblique,16
219,Puente Hills (Coyote Hills) [2],111,reverse oblique,4
219,Puente Hills (Coyote Hills) [2],112,reverse oblique,12
219,Puente Hills (Coyote Hills) [2],113,reverse oblique,10
219,Puente Hills (Coyote Hills) [2],114,reverse oblique,10
219,Puente Hills (Coyote Hills) [2],115,reverse oblique,8
219,Puente Hills (Coyote Hills) [2],116,reverse oblique,8
219,Puente Hills (Coyote Hills) [2],117,reverse oblique,10
219,Puente Hills (Coyote Hills) [2],118,reverse oblique,8
219,Puente Hills (Coyote Hills) [2],119,reverse oblique,8
219,Puente Hills (Coyote Hills) [2],120,reverse oblique,10
219,Puente Hills (Coyote Hills) [2],121,reverse oblique,4
219,Puente Hills (Coyote Hills) [2],122,reverse oblique,8
219,Puente Hills (Coyote Hills) [2],123,reverse oblique,12
219,Puente Hills (Coyote Hills) [2],124,reverse oblique,8
219,Puente Hills (Coyote Hills) [2],125,reverse oblique,4
219,Puente Hills (Coyote Hills) [2],126,reverse oblique,12
219,Puente Hills (Coyote Hills) [2],127,reverse oblique,2
219,Puente Hills (Coyote Hills) [2],128,reverse oblique,6
219,Puente Hills (Coyote Hills) [2],129,reverse oblique,8
219,Puente Hills (Coyote Hills) [2],130,reverse oblique,10
219,Puente Hills (Coyote Hills) [2],131,reverse oblique,8
219,Puente Hills (Coyote Hills) [2],132,reverse oblique,10
219,Puente Hills (Coyote Hills) [2],133,reverse oblique,2
219,Puente Hills (Coyote Hills) [2],134,reverse oblique,6
219,Puente Hills (Coyote Hills) [2],135,reverse oblique,6
219,Puente Hills (Coyote Hills) [2],136,reverse oblique,8
219,Puente Hills (Coyote Hills) [2],137,reverse oblique,2
219,Puente Hills (Coyote Hills) [2],138,reverse oblique,8
219,Puente Hills (Coyote Hills) [2],139,reverse oblique,8
219,Puente Hills (Coyote Hills) [2],140,reverse oblique,4
219,Puente Hills (Coyote Hills) [2],141,reverse oblique,6
219,Puente Hills (Coyote Hills) [2],142,reverse oblique,4
219,Puente Hills (Coyote Hills) [2],143,reverse oblique,10
219,Puente Hills (Coyote Hills) [2],144,reverse oblique,2
219,Puente Hills (Coyote Hills) [2],145,reverse oblique,10
219,Puente Hills (Coyote Hills) [2],146,reverse oblique,6
219,Puente Hills (Coyote Hills) [2],147,reverse oblique,6
219,Puente Hills (Coyote Hills) [2],148,reverse oblique,10
219,Puente Hills (Coyote Hills) [2],149,reverse oblique,2
219,Puente Hills (Coyote Hills) [2],150,reverse oblique,6
219,Puente Hills (Coyote Hills) [2],151,reverse oblique,6
219,Puente Hills (Coyote Hills) [2],152,reverse oblique,10
219,Puente Hills (Coyote Hills) [2],153,reverse oblique,10
219,Puente Hills (Coyote Hills) [2],154,reverse oblique,10
219,Puente Hills (Coyote Hills) [2],155,reverse oblique,6
219,Puente Hills (Coyote Hills) [2],156,reverse oblique,10
219,Puente Hills (Coyote Hills) [2],157,reverse oblique,10
219,Puente Hills (Coyote Hills) [2],158,reverse oblique,6
219,Puente Hills (Coyote Hills) [2],159,reverse oblique,8
219,Puente Hills (Coyote Hills) [2],160,strike-slip,12
219,Puente Hills (Coyote Hills) [2],161,strike-slip,2
219,Puente Hills (Coyote Hills) [2],162,strike-slip,10
219,Puente Hills (Coyote Hills) [2],163,strike-slip,6
219,Puente Hills (Coyote Hills) [2],164,strike-slip,14
219,Puente Hills (Coyote Hills) [2],165,strike-slip,6
219,Puente Hills (Coyote Hills) [2],166,strike-slip,4
219,Puente Hills (Coyote Hills) [2],167,strike-slip,6
219,Puente Hills (Coyote Hills) [2],168,strike-slip,2
220,Puente Hills (Los Angeles) [2],43,reverse oblique,4
220,Puente Hills (Los Angeles) [2],44,reverse oblique,10
220,Puente Hills (Los Angeles) [2],45,reverse oblique,6
220,Puente Hills (Los Angeles) [2],46,reverse oblique,8
220,Puente Hills (Los Angeles) [2],47,reverse oblique,10
220,Puente Hills (Los Angeles) [2],48,reverse oblique,16
220,Puente Hills (Los Angeles) [2],49,reverse oblique,22
220,Puente Hills (Los Angeles) [2],50,reverse oblique,30
220,Puente Hills (Los Angeles) [2],51,reverse oblique,36
220,Puente Hills (Los Angeles) [2],52,reverse oblique,64
220,Puente Hills (Los Angeles) [2],53,reverse oblique,64
220,Puente Hills (Los Angeles) [2],54,reverse oblique,66
220,Puente Hills (Los Angeles) [2],55,reverse oblique,52
220,Puente Hills (Los Angeles) [2],56,reverse oblique,68
220,Puente Hills (Los Angeles) [2],57,reverse oblique,72
220,Puente Hills (Los Angeles) [2],58,reverse oblique,96
220,Puente Hills (Los Angeles) [2],59,reverse oblique,92
220,Puente Hills (Los Angeles) [2],60,reverse oblique,80
220,Puente Hills (Los Angeles) [2],61,reverse oblique,68
220,Puente Hills (Los Angeles) [2],62,reverse oblique,100
220,Puente Hills (Los Angeles) [2],63,reverse oblique,90
220,Puente Hills (Los Angeles) [2],64,reverse oblique,98
220,Puente Hills (Los Angeles) [2],65,reverse oblique,76
220,Puente Hills (Los Angeles) [2],66,reverse oblique,90
220,Puente Hills (Los Angeles) [2],67,reverse oblique,60
220,Puente Hills (Los Angeles) [2],68,reverse oblique,74
220,Puente Hills (Los Angeles) [2],69,reverse oblique,64
220,Puente Hills (Los Angeles) [2],70,reverse,78
220,Puente Hills (Los Angeles) [2],71,reverse,72
220,Puente Hills (Los Angeles) [2],72,reverse,80
220,Puente Hills (Los Angeles) [2],73,reverse,62
220,Puente Hills (Los Angeles) [2],74,reverse,72
220,Puente Hills (Los Angeles) [2],75,reverse,36
220,Puente Hills (Los Angeles) [2],76,reverse,70
220,Puente Hills (Los Angeles) [2],77,reverse,26
220,Puente Hills (Los Angeles) [2],78,reverse,46
220,Puente Hills (Los Angeles) [2],79,reverse,32
220,Puente Hills (Los Angeles) [2],80,reverse,48
220,Puente Hills (Los Angeles) [2],81,reverse,30
220,Puente Hills (Los Angeles) [2],82,reverse,30
220,Puente Hills (Los Angeles) [2],83,reverse,22
220,Puente Hills (Los Angeles) [2],84,reverse,34
220,Puente Hills (Los Angeles) [2],85,reverse,16
220,Puente Hills (Los Angeles) [2],86,reverse,16
220,Puente Hills (Los Angeles) [2],87,reverse,20
220,Puente Hills (Los Angeles) [2],88,reverse,26
220,Puente Hills (Los Angeles) [2],89,reverse,16
220,Puente Hills (Los Angeles) [2],90,reverse,44
220,Puente Hills (Los Angeles) [2],91,reverse,26
220,Puente Hills (Los Angeles) [2],92,reverse,18
220,Puente Hills (Los Angeles) [2],93,reverse,10
220,Puente Hills (Los Angeles) [2],94,reverse,16
220,Puente Hills (Los Angeles) [2],95,reverse,14
220,Puente Hills (Los Angeles) [2],96,reverse,10
220,Puente Hills (Los Angeles) [2],97,reverse,14
220,Puente Hills (Los Angeles) [2],98,reverse,12
220,Puente Hills (Los Angeles) [2],99,reverse,16
220,Puente Hills (Los Angeles) [2],100,reverse,14
220,Puente Hills (Los Angeles) [2],101,reverse,14
220,Puente Hills (Los Angeles) [2],102,reverse,18
220,Puente Hills (Los Angeles) [2],103,reverse,10
220,Puente Hills (Los Angeles) [2],104,reverse,12
220,Puente Hills (Los Angeles) [2],105,reverse,8
220,Puente Hills (Los Angeles) [2],106,reverse,12
220,Puente Hills (Los Angeles) [2],107,reverse,6
220,Puente Hills (Los Angeles) [2],108,reverse,10
220,Puente Hills (Los Angeles) [2],109,reverse,10
220,Puente Hills (Los Angeles) [2],110,reverse oblique,4
220,Puente Hills (Los Angeles) [2],111,reverse oblique,14
220,Puente Hills (Los Angeles) [2],112,reverse oblique,10
220,Puente Hills (Los Angeles) [2],113,reverse oblique,4
220,Puente Hills (Los Angeles) [2],114,reverse oblique,14
220,Puente Hills (Los Angeles) [2],115,reverse oblique,8
220,Puente Hills (Los Angeles) [2],116,reverse oblique,8
220,Puente Hills (Los Angeles) [2],117,reverse oblique,8
220,Puente Hills (Los Angeles) [2],118,reverse oblique,8
220,Puente Hills (Los Angeles) [2],119,reverse oblique,6
220,Puente Hills (Los Angeles) [2],120,reverse oblique,14
220,Puente Hills (Los Angeles) [2],121,reverse oblique,4
220,Puente Hills (Los Angeles) [2],122,reverse oblique,10
220,Puente Hills (Los Angeles) [2],123,reverse oblique,10
220,Puente Hills (Los Angeles) [2],124,reverse oblique,6
220,Puente Hills (Los Angeles) [2],125,reverse oblique,8
220,Puente Hills (Los Angeles) [2],126,reverse oblique,6
220,Puente Hills (Los Angeles) [2],127,reverse oblique,4
220,Puente Hills (Los Angeles) [2],128,reverse oblique,8
220,Puente Hills (Los Angeles) [2],129,reverse oblique,6
220,Puente Hills (Los Angeles) [2],130,reverse oblique,4
220,Puente Hills (Los Angeles) [2],131,reverse oblique,10
220,Puente Hills (Los Angeles) [2],132,reverse oblique,2
220,Puente Hills (Los Angeles) [2],133,reverse oblique,4
220,Puente Hills (Los Angeles) [2],134,reverse oblique,12
220,Puente Hills (Los Angeles) [2],135,reverse oblique,2
220,Puente Hills (Los Angeles) [2],136,reverse oblique,6
220,Puente Hills (Los Angeles) [2],137,reverse oblique,8
220,Puente Hills (Los Angeles) [2],138,reverse oblique,4
220,Puente Hills (Los Angeles) [2],139,reverse oblique,8
220,Puente Hills (Los Angeles) [2],140,reverse oblique,4
220,Puente Hills (Los Angeles) [2],141,reverse oblique,6
220,Puente Hills (Los Angeles) [2],142,reverse oblique,6
220,Puente Hills (Los Angeles) [2],143,reverse oblique,4
220,Puente Hills (Los Angeles) [2],144,reverse oblique,6
220,Puente Hills (Los Angeles) [2],145,reverse oblique,2
220,Puente Hills (Los Angeles) [2],146,reverse oblique,2
220,Puente Hills (Los Angeles) [2],147,reverse oblique,8
220,Puente Hills (Los Angeles) [2],149,reverse oblique,6
220,Puente Hills (Los Angeles) [2],150,reverse oblique,2
220,Puente Hills (Los Angeles) [2],151,reverse oblique,8
220,Puente Hills (Los Angeles) [2],152,reverse oblique,8
220,Puente Hills (Los Angeles) [2],153,reverse oblique,4
220,Puente Hills (Los Angeles) [2],154,reverse oblique,8
220,Puente Hills (Los Angeles) [2],155,reverse oblique,4
220,Puente Hills (Los Angeles) [2],156,reverse oblique,4
220,Puente Hills (Los Angeles) [2],157,reverse oblique,4
220,Puente Hills (Los Angeles) [2],158,reverse oblique,4
220,Puente Hills (Los Angeles) [2],159,reverse oblique,2
220,Puente Hills (Los Angeles) [2],160,strike-slip,4
220,Puente Hills (Los Angeles) [2],161,strike-slip,4
220,Puente Hills (Los Angeles) [2],162,strike-slip,2
221,Puente Hills (Santa Fe Springs) [2],45,reverse oblique,2
221,Puente Hills (Santa Fe Springs) [2],46,reverse oblique,4
221,Puente Hills (Santa Fe Springs) [2],47,reverse oblique,4
221,Puente Hills (Santa Fe Springs) [2],48,reverse oblique,6
221,Puente Hills (Santa Fe Springs) [2],49,reverse oblique,6
221,Puente Hills (Santa Fe Springs) [2],50,reverse oblique,28
221,Puente Hills (Santa Fe Springs) [2],51,reverse oblique,29
221,Puente Hills (Santa Fe Springs) [2],52,reverse oblique,45
221,Puente Hills (Santa Fe Springs) [2],53,reverse oblique,44
221,Puente Hills (Santa Fe Springs) [2],54,reverse oblique,59
221,Puente Hills (Santa Fe Springs) [2],55,reverse oblique,53
221,Puente Hills (Santa Fe Springs) [2],56,reverse oblique,77
221,Puente Hills (Santa Fe Springs) [2],57,reverse oblique,73
221,Puente Hills (Santa Fe Springs) [2],58,reverse oblique,91
221,Puente Hills (Santa Fe Springs) [2],59,reverse oblique,69
221,Puente Hills (Santa Fe Springs) [2],60,reverse oblique,124
221,Puente Hills (Santa Fe Springs) [2],61,reverse oblique,82
221,Puente Hills (Santa Fe Springs) [2],62,reverse oblique,97
221,Puente Hills (Santa Fe Springs) [2],63,reverse oblique,105
221,Puente Hills (Santa Fe Springs) [2],64,reverse oblique,113
221,Puente Hills (Santa Fe Springs) [2],65,reverse oblique,103
221,Puente Hills (Santa Fe Springs) [2],66,reverse oblique,135
221,Puente Hills (Santa Fe Springs) [2],67,reverse oblique,115
221,Puente Hills (Santa Fe Springs) [2],68,reverse oblique,120
221,Puente Hills (Santa Fe Springs) [2],69,reverse oblique,93
221,Puente Hills (Santa Fe Springs) [2],70,reverse,125
221,Puente Hills (Santa Fe Springs) [2],71,reverse,111
221,Puente Hills (Santa Fe Springs) [2],72,reverse,129
221,Puente Hills (Santa Fe Springs) [2],73,reverse,109
221,Puente Hills (Santa Fe Springs) [2],74,reverse,118
221,Puente Hills (Santa Fe Springs) [2],75,reverse,107
221,Puente Hills (Santa Fe Springs) [2],76,reverse,118
221,Puente Hills (Santa Fe Springs) [2],77,reverse,74
221,Puente Hills (Santa Fe Springs) [2],78,reverse,112
221,Puente Hills (Santa Fe Springs) [2],79,reverse,98
221,Puente Hills (Santa Fe Springs) [2],80,reverse,79
221,Puente Hills (Santa Fe Springs) [2],81,reverse,79
221,Puente Hills (Santa Fe Springs) [2],82,reverse,86
221,Puente Hills (Santa Fe Springs) [2],83,reverse,83
221,Puente Hills (Santa Fe Springs) [2],84,reverse,47
221,Puente Hills (Santa Fe Springs) [2],85,reverse,44
221,Puente Hills (Santa Fe Springs) [2],86,reverse,53
221,Puente Hills (Santa Fe Springs) [2],87,reverse,52
221,Puente Hills (Santa Fe Springs) [2],88,reverse,49
221,Puente Hills (Santa Fe Springs) [2],89,reverse,50
221,Puente Hills (Santa Fe Springs) [2],90,reverse,86
221,Puente Hills (Santa Fe Springs) [2],91,reverse,52
221,Puente Hills (Santa Fe Springs) [2],92,reverse,45
221,Puente Hills (Santa Fe Springs) [2],93,reverse,29
221,Puente Hills (Santa Fe Springs) [2],94,reverse,47
221,Puente Hills (Santa Fe Springs) [2],95,reverse,30
221,Puente Hills (Santa Fe Springs) [2],96,reverse,40
221,Puente Hills (Santa Fe Springs) [2],97,reverse,25
221,Puente Hills (Santa Fe Springs) [2],98,reverse,56
221,Puente Hills (Santa Fe Springs) [2],99,reverse,27
221,Puente Hills (Santa Fe Springs) [2],100,reverse,40
221,Puente Hills (Santa Fe Springs) [2],101,reverse,31
221,Puente Hills (Santa Fe Springs) [2],102,reverse,43
221,Puente Hills (Santa Fe Springs) [2],103,reverse,14
221,Puente Hills (Santa Fe Springs) [2],104,reverse,27
221,Puente Hills (Santa Fe Springs) [2],105,reverse,28
221,Puente Hills (Santa Fe Springs) [2],106,reverse,36
221,Puente Hills (Santa Fe Springs) [2],107,reverse,19
221,Puente Hills (Santa Fe Springs) [2],108,reverse,30
221,Puente Hills (Santa Fe Springs) [2],109,reverse,32
221,Puente Hills (Santa Fe Springs) [2],110,reverse oblique,32
221,Puente Hills (Santa Fe Springs) [2],111,reverse oblique,19
221,Puente Hills (Santa Fe Springs) [2],112,reverse oblique,30
221,Puente Hills (Santa Fe Springs) [2],113,reverse oblique,31
221,Puente Hills (Santa Fe Springs) [2],114,reverse oblique,25
221,Puente Hills (Santa Fe Springs) [2],115,reverse oblique,20
221,Puente Hills (Santa Fe Springs) [2],116,reverse oblique,23
221,Puente Hills (Santa Fe Springs) [2],117,reverse oblique,27
221,Puente Hills (Santa Fe Springs) [2],118,reverse oblique,29
221,Puente Hills (Santa Fe Springs) [2],119,reverse oblique,15
221,Puente Hills (Santa Fe Springs) [2],120,reverse oblique,28
221,Puente Hills (Santa Fe Springs) [2],121,reverse oblique,28
221,Puente Hills (Santa Fe Springs) [2],122,reverse oblique,26
221,Puente Hills (Santa Fe Springs) [2],123,reverse oblique,26
221,Puente Hills (Santa Fe Springs) [2],124,reverse oblique,23
221,Puente Hills (Santa Fe Springs) [2],125,reverse oblique,21
221,Puente Hills (Santa Fe Springs) [2],126,reverse oblique,29
221,Puente Hills (Santa Fe Springs) [2],127,reverse oblique,25
221,Puente Hills (Santa Fe Springs) [2],128,reverse oblique,24
221,Puente Hills (Santa Fe Springs) [2],129,reverse oblique,24
221,Puente Hills (Santa Fe Springs) [2],130,reverse oblique,28
221,Puente Hills (Santa Fe Springs) [2],131,reverse oblique,25
221,Puente Hills (Santa Fe Springs) [2],132,reverse oblique,21
221,Puente Hills (Santa Fe Springs) [2],133,reverse oblique,23
221,Puente Hills (Santa Fe Springs) [2],134,reverse oblique,27
221,Puente Hills (Santa Fe Springs) [2],135,reverse oblique,34
221,Puente Hills (Santa Fe Springs) [2],136,reverse oblique,14
221,Puente Hills (Santa Fe Springs) [2],137,reverse oblique,14
221,Puente Hills (Santa Fe Springs) [2],138,reverse oblique,39
221,Puente Hills (Santa Fe Springs) [2],139,reverse oblique,11
221,Puente Hills (Santa Fe Springs) [2],140,reverse oblique,36
221,Puente Hills (Santa Fe Springs) [2],141,reverse oblique,23
221,Puente Hills (Santa Fe Springs) [2],142,reverse oblique,15
221,Puente Hills (Santa Fe Springs) [2],143,reverse oblique,30
221,Puente Hills (Santa Fe Springs) [2],144,reverse oblique,26
221,Puente Hills (Santa Fe Springs) [2],145,reverse oblique,20
221,Puente Hills (Santa Fe Springs) [2],146,reverse oblique,34
221,Puente Hills (Santa Fe Springs) [2],147,reverse oblique,19
221,Puente Hills (Santa Fe Springs) [2],148,reverse oblique,37
221,Puente Hills (Santa Fe Springs) [2],149,reverse oblique,27
221,Puente Hills (Santa Fe Springs) [2],150,reverse oblique,33
221,Puente Hills (Santa Fe Springs) [2],151,reverse oblique,23
221,Puente Hills (Santa Fe Springs) [2],152,reverse oblique,33
221,Puente Hills (Santa Fe Springs) [2],153,reverse oblique,22
221,Puente Hills (Santa Fe Springs) [2],154,reverse oblique,28
221,Puente Hills (Santa Fe Springs) [2],155,reverse oblique,25
221,Puente Hills (Santa Fe Springs) [2],156,reverse oblique,21
221,Puente Hills (Santa Fe Springs) [2],157,reverse oblique,21
221,Puente Hills (Santa Fe Springs) [2],158,reverse oblique,15
221,Puente Hills (Santa Fe Springs) [2],159,reverse oblique,13
221,Puente Hills (Santa Fe Springs) [2],160,strike-slip,17
221,Puente Hills (Santa Fe Springs) [2],161,strike-slip,16
221,Puente Hills (Santa Fe Springs) [2],162,strike-slip,23
221,Puente Hills (Santa Fe Springs) [2],163,strike-slip,21
221,Puente Hills (Santa Fe Springs) [2],164,strike-slip,17
221,Puente Hills (Santa Fe Springs) [2],165,strike-slip,19
221,Puente Hills (Santa Fe Springs) [2],166,strike-slip,16
221,Puente Hills (Santa Fe Springs) [2],167,strike-slip,17
221,Puente Hills (Santa Fe Springs) [2],168,strike-slip,14
221,Puente Hills (Santa Fe Springs) [2],169,strike-slip,6
221,Puente Hills (Santa Fe Springs) [2],170,strike-slip,6
223,Quien Sabe,180,strike-slip,1416
224,Raymond,33,reverse oblique,4
224,Raymond,34,reverse oblique,6
224,Raymond,35,reverse oblique,13
224,Raymond,36,reverse oblique,25
224,Raymond,37,reverse oblique,28
224,Raymond,38,reverse oblique,29
224,Raymond,39,reverse oblique,23
224,Raymond,40,reverse oblique,41
224,Raymond,41,reverse oblique,30
224,Raymond,42,reverse oblique,72
224,Raymond,43,reverse oblique,70
224,Raymond,44,reverse oblique,102
224,Raymond,45,reverse oblique,115
224,Raymond,46,reverse oblique,200
224,Raymond,47,reverse oblique,198
224,Raymond,48,reverse oblique,207
224,Raymond,49,reverse oblique,126
224,Raymond,50,reverse oblique,140
224,Raymond,51,reverse oblique,142
224,Raymond,52,reverse oblique,167
224,Raymond,53,reverse oblique,108
224,Raymond,54,reverse oblique,150
224,Raymond,55,reverse oblique,106
224,Raymond,56,reverse oblique,147
224,Raymond,57,reverse oblique,146
224,Raymond,58,reverse oblique,171
224,Raymond,59,reverse oblique,162
224,Raymond,60,reverse oblique,134
224,Raymond,61,reverse oblique,145
224,Raymond,62,reverse oblique,170
224,Raymond,63,reverse oblique,111
224,Raymond,64,reverse oblique,143
224,Raymond,65,reverse oblique,128
224,Raymond,66,reverse oblique,152
224,Raymond,67,reverse oblique,80
224,Raymond,68,reverse oblique,107
224,Raymond,69,reverse oblique,91
224,Raymond,70,reverse,110
224,Raymond,71,reverse,52
224,Raymond,72,reverse,62
224,Raymond,73,reverse,61
224,Raymond,74,reverse,58
224,Raymond,75,reverse,38
224,Raymond,76,reverse,70
224,Raymond,77,reverse,51
224,Raymond,78,reverse,66
224,Raymond,79,reverse,47
224,Raymond,80,reverse,52
224,Raymond,81,reverse,54
224,Raymond,82,reverse,73
224,Raymond,83,reverse,62
224,Raymond,84,reverse,92
224,Raymond,85,reverse,93
224,Raymond,86,reverse,159
224,Raymond,87,reverse,257
224,Raymond,88,reverse,306
224,Raymond,89,reverse,3
224,Raymond,90,reverse,18
224,Raymond,91,reverse,6
224,Raymond,92,reverse,16
224,Raymond,93,reverse,59
224,Raymond,94,reverse,24
224,Raymond,95,reverse,24
224,Raymond,96,reverse,54
224,Raymond,97,reverse,20
224,Raymond,98,reverse,34
224,Raymond,99,reverse,26
224,Raymond,100,reverse,22
224,Raymond,101,reverse,23
224,Raymond,102,reverse,18
224,Raymond,103,reverse,14
224,Raymond,104,reverse,21
224,Raymond,105,reverse,23
224,Raymond,106,reverse,25
224,Raymond,107,reverse,16
224,Raymond,108,reverse,17
224,Raymond,109,reverse,18
224,Raymond,110,reverse oblique,16
224,Raymond,111,reverse oblique,19
224,Raymond,112,reverse oblique,21
224,Raymond,113,reverse oblique,9
224,Raymond,114,reverse oblique,22
224,Raymond,115,reverse oblique,20
224,Raymond,116,reverse oblique,10
224,Raymond,117,reverse oblique,12
224,Raymond,118,reverse oblique,18
224,Raymond,119,reverse oblique,15
224,Raymond,120,reverse oblique,8
224,Raymond,121,reverse oblique,25
224,Raymond,122,reverse oblique,6
224,Raymond,123,reverse oblique,12
224,Raymond,124,reverse oblique,23
224,Raymond,125,reverse oblique,8
224,Raymond,126,reverse oblique,19
224,Raymond,127,reverse oblique,10
224,Raymond,128,reverse oblique,12
224,Raymond,129,reverse oblique,8
224,Raymond,130,reverse oblique,12
224,Raymond,131,reverse oblique,4
224,Raymond,132,reverse oblique,17
224,Raymond,133,reverse oblique,5
224,Raymond,134,reverse oblique,15
224,Raymond,135,reverse oblique,24
224,Raymond,136,reverse oblique,13
224,Raymond,137,reverse oblique,20
224,Raymond,138,reverse oblique,18
224,Raymond,139,reverse oblique,19
224,Raymond,140,reverse oblique,15
224,Raymond,141,reverse oblique,26
224,Raymond,142,reverse oblique,10
224,Raymond,143,reverse oblique,23
224,Raymond,144,reverse oblique,29
224,Raymond,145,reverse oblique,30
224,Raymond,146,reverse oblique,30
224,Raymond,147,reverse oblique,26
224,Raymond,148,reverse oblique,30
224,Raymond,149,reverse oblique,15
224,Raymond,150,reverse oblique,30
224,Raymond,151,reverse oblique,31
224,Raymond,152,reverse oblique,32
224,Raymond,153,reverse oblique,24
224,Raymond,154,reverse oblique,9
224,Raymond,155,reverse oblique,13
224,Raymond,156,reverse oblique,3
224,Raymond,157,reverse oblique,6
224,Raymond,158,reverse oblique,5
224,Raymond,159,reverse oblique,6
225,Red Mountain,16,strike-slip,2
225,Red Mountain,17,strike-slip,2
225,Red Mountain,18,strike-slip,4
225,Red Mountain,19,strike-slip,2
225,Red Mountain,20,reverse oblique,4
225,Red Mountain,21,reverse oblique,2
225,Red Mountain,22,reverse oblique,2
225,Red Mountain,23,reverse oblique,2
225,Red Mountain,24,reverse oblique,5
225,Red Mountain,25,reverse oblique,5
225,Red Mountain,26,reverse oblique,8
225,Red Mountain,27,reverse oblique,5
225,Red Mountain,28,reverse oblique,3
225,Red Mountain,29,reverse oblique,5
225,Red Mountain,30,reverse oblique,5
225,Red Mountain,31,reverse oblique,2
225,Red Mountain,32,reverse oblique,6
225,Red Mountain,33,reverse oblique,7
225,Red Mountain,34,reverse oblique,4
225,Red Mountain,35,reverse oblique,5
225,Red Mountain,36,reverse oblique,19
225,Red Mountain,37,reverse oblique,15
225,Red Mountain,38,reverse oblique,12
225,Red Mountain,39,reverse oblique,19
225,Red Mountain,40,reverse oblique,15
225,Red Mountain,41,reverse oblique,12
225,Red Mountain,42,reverse oblique,10
225,Red Mountain,43,reverse oblique,25
225,Red Mountain,44,reverse oblique,41
225,Red Mountain,45,reverse oblique,9
225,Red Mountain,46,reverse oblique,12
225,Red Mountain,47,reverse oblique,8
225,Red Mountain,48,reverse oblique,13
225,Red Mountain,49,reverse oblique,16
225,Red Mountain,50,reverse oblique,16
225,Red Mountain,51,reverse oblique,9
225,Red Mountain,52,reverse oblique,20
225,Red Mountain,53,reverse oblique,12
225,Red Mountain,54,reverse oblique,16
225,Red Mountain,55,reverse oblique,8
225,Red Mountain,56,reverse oblique,49
225,Red Mountain,57,reverse oblique,8
225,Red Mountain,58,reverse oblique,12
225,Red Mountain,59,reverse oblique,43
225,Red Mountain,60,reverse oblique,26
225,Red Mountain,61,reverse oblique,9
225,Red Mountain,62,reverse oblique,34
225,Red Mountain,63,reverse oblique,21
225,Red Mountain,64,reverse oblique,25
225,Red Mountain,65,reverse oblique,36
225,Red Mountain,66,reverse oblique,36
225,Red Mountain,67,reverse oblique,31
225,Red Mountain,68,reverse oblique,32
225,Red Mountain,69,reverse oblique,39
225,Red Mountain,70,reverse,16
225,Red Mountain,71,reverse,48
225,Red Mountain,72,reverse,28
225,Red Mountain,73,reverse,43
225,Red Mountain,74,reverse,63
225,Red Mountain,75,reverse,64
225,Red Mountain,76,reverse,90
225,Red Mountain,77,reverse,97
225,Red Mountain,78,reverse,121
225,Red Mountain,79,reverse,109
225,Red Mountain,80,reverse,196
225,Red Mountain,81,reverse,184
225,Red Mountain,82,reverse,288
225,Red Mountain,83,reverse,288
225,Red Mountain,84,reverse,497
225,Red Mountain,85,reverse,492
225,Red Mountain,86,reverse,96
225,Red Mountain,87,reverse,7
225,Red Mountain,88,reverse,27
225,Red Mountain,90,reverse,3876
225,Red Mountain,91,reverse,162
225,Red Mountain,95,reverse,29
225,Red Mountain,96,reverse,23
225,Red Mountain,97,reverse,20
225,Red Mountain,98,reverse,27
225,Red Mountain,99,reverse,25
225,Red Mountain,100,reverse,22
225,Red Mountain,101,reverse,24
225,Red Mountain,102,reverse,30
225,Red Mountain,103,reverse,7
225,Red Mountain,104,reverse,14
225,Red Mountain,105,reverse,18
225,Red Mountain,106,reverse,11
225,Red Mountain,107,reverse,12
225,Red Mountain,108,reverse,20
225,Red Mountain,109,reverse,9
225,Red Mountain,110,reverse oblique,9
225,Red Mountain,111,reverse oblique,4
225,Red Mountain,112,reverse oblique,3
225,Red Mountain,113,reverse oblique,2
226,Red Pass,180,strike-slip,30
228,Redondo Canyon [2],58,reverse oblique,4
228,Redondo Canyon [2],59,reverse oblique,4
228,Redondo Canyon [2],60,reverse oblique,17
228,Redondo Canyon [2],61,reverse oblique,19
228,Redondo Canyon [2],62,reverse oblique,17
228,Redondo Canyon [2],63,reverse oblique,9
228,Redondo Canyon [2],64,reverse oblique,9
228,Redondo Canyon [2],65,reverse oblique,7
228,Redondo Canyon [2],66,reverse oblique,6
228,Redondo Canyon [2],67,reverse oblique,11
228,Redondo Canyon [2],68,reverse oblique,12
228,Redondo Canyon [2],69,reverse oblique,9
228,Redondo Canyon [2],70,reverse,9
228,Redondo Canyon [2],71,reverse,7
228,Redondo Canyon [2],72,reverse,14
228,Redondo Canyon [2],73,reverse,12
228,Redondo Canyon [2],75,reverse,6
228,Redondo Canyon [2],76,reverse,13
228,Redondo Canyon [2],77,reverse,3
228,Redondo Canyon [2],78,reverse,18
228,Redondo Canyon [2],79,reverse,15
228,Redondo Canyon [2],80,reverse,18
228,Redondo Canyon [2],81,reverse,26
228,Redondo Canyon [2],82,reverse,9
228,Redondo Canyon [2],83,reverse,11
228,Redondo Canyon [2],84,reverse,2
228,Redondo Canyon [2],85,reverse,15
228,Redondo Canyon [2],86,reverse,8
228,Redondo Canyon [2],88,reverse,8
228,Redondo Canyon [2],89,reverse,4
228,Redondo Canyon [2],90,reverse,29
228,Redondo Canyon [2],91,reverse,8
228,Redondo Canyon [2],92,reverse,8
228,Redondo Canyon [2],93,reverse,8
228,Redondo Canyon [2],94,reverse,8
228,Redondo Canyon [2],95,reverse,4
228,Redondo Canyon [2],96,reverse,4
228,Redondo Canyon [2],97,reverse,8
228,Redondo Canyon [2],98,reverse,4
228,Redondo Canyon [2],100,reverse,12
228,Redondo Canyon [2],101,reverse,4
228,Redondo Canyon [2],103,reverse,8
228,Redondo Canyon [2],104,reverse,4
228,Redondo Canyon [2],106,reverse,8
228,Redondo Canyon [2],108,reverse,4
228,Redondo Canyon [2],113,reverse oblique,8
228,Redondo Canyon [2],117,reverse oblique,4
228,Redondo Canyon [2],120,reverse oblique,11
228,Redondo Canyon [2],124,reverse oblique,4
228,Redondo Canyon [2],127,reverse oblique,4
228,Redondo Canyon [2],128,reverse oblique,3
228,Redondo Canyon [2],130,reverse oblique,10
228,Redondo Canyon [2],131,reverse oblique,4
228,Redondo Canyon [2],133,reverse oblique,4
228,Redondo Canyon [2],135,reverse oblique,8
228,Redondo Canyon [2],137,reverse oblique,4
228,Redondo Canyon [2],138,reverse oblique,3
228,Redondo Canyon [2],139,reverse oblique,4
228,Redondo Canyon [2],140,reverse oblique,13
228,Redondo Canyon [2],141,reverse oblique,8
228,Redondo Canyon [2],142,reverse oblique,14
228,Redondo Canyon [2],143,reverse oblique,4
228,Redondo Canyon [2],144,reverse oblique,8
228,Redondo Canyon [2],145,reverse oblique,8
228,Redondo Canyon [2],146,reverse oblique,12
228,Redondo Canyon [2],147,reverse oblique,12
228,Redondo Canyon [2],148,reverse oblique,12
228,Redondo Canyon [2],149,reverse oblique,8
228,Redondo Canyon [2],150,reverse oblique,20
228,Redondo Canyon [2],151,reverse oblique,8
228,Redondo Canyon [2],152,reverse oblique,12
228,Redondo Canyon [2],153,reverse oblique,12
228,Redondo Canyon [2],154,reverse oblique,20
228,Redondo Canyon [2],155,reverse oblique,12
228,Redondo Canyon [2],156,reverse oblique,16
228,Redondo Canyon [2],157,reverse oblique,29
228,Redondo Canyon [2],158,reverse oblique,16
228,Redondo Canyon [2],159,reverse oblique,8
228,Redondo Canyon [2],160,strike-slip,11
228,Redondo Canyon [2],161,strike-slip,10
228,Redondo Canyon [2],162,strike-slip,4
228,Redondo Canyon [2],163,strike-slip,12
228,Redondo Canyon [2],164,strike-slip,14
228,Redondo Canyon [2],165,strike-slip,12
228,Redondo Canyon [2],166,strike-slip,29
228,Redondo Canyon [2],167,strike-slip,27
228,Redondo Canyon [2],168,strike-slip,45
228,Redondo Canyon [2],169,strike-slip,59
228,Redondo Canyon [2],170,strike-slip,77
228,Redondo Canyon [2],171,strike-slip,74
228,Redondo Canyon [2],172,strike-slip,96
228,Redondo Canyon [2],173,strike-slip,90
228,Redondo Canyon [2],174,strike-slip,68
228,Redondo Canyon [2],175,strike-slip,10
228,Redondo Canyon [2],176,strike-slip,30
228,Redondo Canyon [2],177,strike-slip,8
229,Reliz,137,reverse oblique,2
229,Reliz,139,reverse oblique,5
229,Reliz,140,reverse oblique,8
229,Reliz,141,reverse oblique,3
229,Reliz,142,reverse oblique,12
229,Reliz,143,reverse oblique,15
229,Reliz,144,reverse oblique,20
229,Reliz,145,reverse oblique,20
229,Reliz,146,reverse oblique,32
229,Reliz,147,reverse oblique,28
229,Reliz,148,reverse oblique,39
229,Reliz,149,reverse oblique,32
229,Reliz,150,reverse oblique,43
229,Reliz,151,reverse oblique,53
229,Reliz,152,reverse oblique,87
229,Reliz,153,reverse oblique,69
229,Reliz,154,reverse oblique,100
229,Reliz,155,reverse oblique,128
229,Reliz,156,reverse oblique,131
229,Reliz,157,reverse oblique,132
229,Reliz,158,reverse oblique,187
229,Reliz,159,reverse oblique,156
229,Reliz,160,strike-slip,215
229,Reliz,161,strike-slip,174
229,Reliz,162,strike-slip,220
229,Reliz,163,strike-slip,211
229,Reliz,164,strike-slip,335
229,Reliz,165,strike-slip,263
229,Reliz,166,strike-slip,396
229,Reliz,167,strike-slip,384
229,Reliz,168,strike-slip,431
229,Reliz,169,strike-slip,412
229,Reliz,170,strike-slip,447
229,Reliz,171,strike-slip,396
229,Reliz,172,strike-slip,527
229,Reliz,173,strike-slip,628
229,Reliz,174,strike-slip,1213
229,Reliz,175,strike-slip,1664
229,Reliz,176,strike-slip,2063
229,Reliz,177,strike-slip,1275
229,Reliz,178,strike-slip,1144
229,Reliz,179,strike-slip,236
229,Reliz,180,strike-slip,30933
230,Richfield,50,reverse oblique,2
230,Richfield,52,reverse oblique,2
230,Richfield,53,reverse oblique,4
230,Richfield,54,reverse oblique,4
230,Richfield,55,reverse oblique,2
230,Richfield,56,reverse oblique,6
230,Richfield,57,reverse oblique,4
230,Richfield,58,reverse oblique,12
230,Richfield,59,reverse oblique,2
230,Richfield,60,reverse oblique,20
230,Richfield,61,reverse oblique,4
230,Richfield,62,reverse oblique,10
230,Richfield,63,reverse oblique,8
230,Richfield,64,reverse oblique,10
230,Richfield,65,reverse oblique,12
230,Richfield,66,reverse oblique,20
230,Richfield,67,reverse oblique,8
230,Richfield,68,reverse oblique,26
230,Richfield,69,reverse oblique,10
230,Richfield,70,reverse,16
230,Richfield,71,reverse,14
230,Richfield,72,reverse,18
230,Richfield,73,reverse,14
230,Richfield,74,reverse,18
230,Richfield,75,reverse,14
230,Richfield,76,reverse,14
230,Richfield,77,reverse,8
230,Richfield,78,reverse,12
230,Richfield,79,reverse,18
230,Richfield,80,reverse,6
230,Richfield,81,reverse,4
230,Richfield,82,reverse,18
230,Richfield,83,reverse,16
230,Richfield,84,reverse,10
230,Richfield,85,reverse,4
230,Richfield,86,reverse,4
230,Richfield,87,reverse,14
230,Richfield,88,reverse,10
230,Richfield,89,reverse,16
230,Richfield,90,reverse,22
230,Richfield,91,reverse,10
230,Richfield,92,reverse,4
230,Richfield,93,reverse,12
230,Richfield,94,reverse,12
230,Richfield,97,reverse,2
230,Richfield,98,reverse,6
230,Richfield,100,reverse,4
230,Richfield,101,reverse,10
230,Richfield,102,reverse,4
230,Richfield,103,reverse,2
230,Richfield,104,reverse,2
230,Richfield,105,reverse,4
230,Richfield,106,reverse,10
230,Richfield,107,reverse,4
230,Richfield,108,reverse,2
230,Richfield,109,reverse,10
230,Richfield,110,reverse oblique,2
230,Richfield,111,reverse oblique,4
230,Richfield,112,reverse oblique,2
230,Richfield,113,reverse oblique,14
230,Richfield,114,reverse oblique,2
230,Richfield,115,reverse oblique,6
230,Richfield,116,reverse oblique,8
230,Richfield,117,reverse oblique,4
230,Richfield,118,reverse oblique,4
230,Richfield,119,reverse oblique,4
230,Richfield,120,reverse oblique,10
230,Richfield,121,reverse oblique,2
230,Richfield,122,reverse oblique,4
230,Richfield,123,reverse oblique,2
230,Richfield,124,reverse oblique,4
230,Richfield,125,reverse oblique,2
230,Richfield,128,reverse oblique,6
230,Richfield,130,reverse oblique,2
230,Richfield,131,reverse oblique,2
230,Richfield,132,reverse oblique,2
230,Richfield,134,reverse oblique,2
230,Richfield,136,reverse oblique,2
230,Richfield,138,reverse oblique,2
230,Richfield,139,reverse oblique,6
230,Richfield,141,reverse oblique,2
230,Richfield,142,reverse oblique,4
230,Richfield,143,reverse oblique,2
230,Richfield,144,reverse oblique,2
230,Richfield,145,reverse oblique,4
230,Richfield,146,reverse oblique,2
230,Richfield,150,reverse oblique,6
230,Richfield,152,reverse oblique,2
230,Richfield,154,reverse oblique,6
230,Richfield,155,reverse oblique,2
230,Richfield,156,reverse oblique,6
230,Richfield,157,reverse oblique,4
230,Richfield,158,reverse oblique,4
230,Richfield,159,reverse oblique,4
230,Richfield,160,strike-slip,6
230,Richfield,163,strike-slip,2
230,Richfield,164,strike-slip,4
230,Richfield,165,strike-slip,4
230,Richfield,166,strike-slip,4
230,Richfield,167,strike-slip,4
230,Richfield,168,strike-slip,6
230,Richfield,169,strike-slip,4
230,Richfield,170,strike-slip,2
231,Rinconada,85,reverse,2
231,Rinconada,87,reverse,3
231,Rinconada,88,reverse,4
231,Rinconada,90,reverse,5
231,Rinconada,93,reverse,2
231,Rinconada,95,reverse,5
231,Rinconada,96,reverse,13
231,Rinconada,97,reverse,5
231,Rinconada,98,reverse,19
231,Rinconada,99,reverse,30
231,Rinconada,100,reverse,30
231,Rinconada,101,reverse,18
231,Rinconada,102,reverse,37
231,Rinconada,103,reverse,34
231,Rinconada,104,reverse,39
231,Rinconada,105,reverse,59
231,Rinconada,106,reverse,56
231,Rinconada,107,reverse,39
231,Rinconada,108,reverse,90
231,Rinconada,109,reverse,52
231,Rinconada,110,reverse oblique,82
231,Rinconada,111,reverse oblique,106
231,Rinconada,112,reverse oblique,82
231,Rinconada,113,reverse oblique,95
231,Rinconada,114,reverse oblique,136
231,Rinconada,115,reverse oblique,92
231,Rinconada,116,reverse oblique,199
231,Rinconada,117,reverse oblique,107
231,Rinconada,118,reverse oblique,189
231,Rinconada,119,reverse oblique,173
231,Rinconada,120,reverse oblique,188
231,Rinconada,121,reverse oblique,205
231,Rinconada,122,reverse oblique,263
231,Rinconada,123,reverse oblique,205
231,Rinconada,124,reverse oblique,265
231,Rinconada,125,reverse oblique,217
231,Rinconada,126,reverse oblique,290
231,Rinconada,127,reverse oblique,219
231,Rinconada,128,reverse oblique,295
231,Rinconada,129,reverse oblique,214
231,Rinconada,130,reverse oblique,281
231,Rinconada,131,reverse oblique,198
231,Rinconada,132,reverse oblique,284
231,Rinconada,133,reverse oblique,228
231,Rinconada,134,reverse oblique,312
231,Rinconada,135,reverse oblique,238
231,Rinconada,136,reverse oblique,299
231,Rinconada,137,reverse oblique,279
231,Rinconada,138,reverse oblique,233
231,Rinconada,139,reverse oblique,308
231,Rinconada,140,reverse oblique,316
231,Rinconada,141,reverse oblique,228
231,Rinconada,142,reverse oblique,427
231,Rinconada,143,reverse oblique,276
231,Rinconada,144,reverse oblique,379
231,Rinconada,145,reverse oblique,403
231,Rinconada,146,reverse oblique,477
231,Rinconada,147,reverse oblique,463
231,Rinconada,148,reverse oblique,541
231,Rinconada,149,reverse oblique,471
231,Rinconada,150,reverse oblique,506
231,Rinconada,151,reverse oblique,481
231,Rinconada,152,reverse oblique,652
231,Rinconada,153,reverse oblique,518
231,Rinconada,154,reverse oblique,629
231,Rinconada,155,reverse oblique,572
231,Rinconada,156,reverse oblique,607
231,Rinconada,157,reverse oblique,418
231,Rinconada,158,reverse oblique,568
231,Rinconada,159,reverse oblique,356
231,Rinconada,160,strike-slip,567
231,Rinconada,161,strike-slip,419
231,Rinconada,162,strike-slip,541
231,Rinconada,163,strike-slip,473
231,Rinconada,164,strike-slip,660
231,Rinconada,165,strike-slip,504
231,Rinconada,166,strike-slip,707
231,Rinconada,167,strike-slip,772
231,Rinconada,168,strike-slip,824
231,Rinconada,169,strike-slip,653
231,Rinconada,170,strike-slip,851
231,Rinconada,171,strike-slip,735
231,Rinconada,172,strike-slip,917
231,Rinconada,173,strike-slip,925
231,Rinconada,174,strike-slip,1496
231,Rinconada,175,strike-slip,1738
231,Rinconada,176,strike-slip,2065
231,Rinconada,177,strike-slip,1561
231,Rinconada,178,strike-slip,1624
231,Rinconada,179,strike-slip,319
231,Rinconada,180,strike-slip,24721
232,Robinson Creek,-90,normal,2
233,Rocky Ledge,-90,normal,16
234,Rose Canyon,92,reverse,6
234,Rose Canyon,93,reverse,7
234,Rose Canyon,94,reverse,11
234,Rose Canyon,95,reverse,8
234,Rose Canyon,96,reverse,18
234,Rose Canyon,97,reverse,21
234,Rose Canyon,98,reverse,18
234,Rose Canyon,99,reverse,16
234,Rose Canyon,100,reverse,47
234,Rose Canyon,101,reverse,43
234,Rose Canyon,102,reverse,41
234,Rose Canyon,103,reverse,51
234,Rose Canyon,104,reverse,38
234,Rose Canyon,105,reverse,21
234,Rose Canyon,106,reverse,20
234,Rose Canyon,107,reverse,19
234,Rose Canyon,108,reverse,18
234,Rose Canyon,109,reverse,29
234,Rose Canyon,110,reverse oblique,23
234,Rose Canyon,111,reverse oblique,33
234,Rose Canyon,112,reverse oblique,25
234,Rose Canyon,113,reverse oblique,24
234,Rose Canyon,114,reverse oblique,19
234,Rose Canyon,115,reverse oblique,28
234,Rose Canyon,116,reverse oblique,40
234,Rose Canyon,117,reverse oblique,17
234,Rose Canyon,118,reverse oblique,42
234,Rose Canyon,119,reverse oblique,37
234,Rose Canyon,121,reverse oblique,40
234,Rose Canyon,122,reverse oblique,14
234,Rose Canyon,123,reverse oblique,14
234,Rose Canyon,124,reverse oblique,20
234,Rose Canyon,126,reverse oblique,17
234,Rose Canyon,127,reverse oblique,5
234,Rose Canyon,128,reverse oblique,22
234,Rose Canyon,129,reverse oblique,23
234,Rose Canyon,130,reverse oblique,18
234,Rose Canyon,131,reverse oblique,7
234,Rose Canyon,132,reverse oblique,38
234,Rose Canyon,133,reverse oblique,14
234,Rose Canyon,134,reverse oblique,28
234,Rose Canyon,135,reverse oblique,3
234,Rose Canyon,136,reverse oblique,44
234,Rose Canyon,137,reverse oblique,14
234,Rose Canyon,138,reverse oblique,4
234,Rose Canyon,139,reverse oblique,4
234,Rose Canyon,140,reverse oblique,35
234,Rose Canyon,141,reverse oblique,23
234,Rose Canyon,142,reverse oblique,29
234,Rose Canyon,143,reverse oblique,26
234,Rose Canyon,144,reverse oblique,41
234,Rose Canyon,145,reverse oblique,38
234,Rose Canyon,146,reverse oblique,65
234,Rose Canyon,147,reverse oblique,61
234,Rose Canyon,148,reverse oblique,117
234,Rose Canyon,149,reverse oblique,82
234,Rose Canyon,150,reverse oblique,37
234,Rose Canyon,151,reverse oblique,12
234,Rose Canyon,152,reverse oblique,19
234,Rose Canyon,153,reverse oblique,34
234,Rose Canyon,154,reverse oblique,43
234,Rose Canyon,155,reverse oblique,37
234,Rose Canyon,156,reverse oblique,65
234,Rose Canyon,157,reverse oblique,73
234,Rose Canyon,158,reverse oblique,66
234,Rose Canyon,159,reverse oblique,54
234,Rose Canyon,160,strike-slip,49
234,Rose Canyon,161,strike-slip,50
234,Rose Canyon,162,strike-slip,73
234,Rose Canyon,163,strike-slip,59
234,Rose Canyon,164,strike-slip,109
234,Rose Canyon,165,strike-slip,85
234,Rose Canyon,166,strike-slip,146
234,Rose Canyon,167,strike-slip,135
234,Rose Canyon,168,strike-slip,212
234,Rose Canyon,169,strike-slip,188
234,Rose Canyon,170,strike-slip,261
234,Rose Canyon,171,strike-slip,228
234,Rose Canyon,172,strike-slip,304
234,Rose Canyon,173,strike-slip,240
234,Rose Canyon,174,strike-slip,340
234,Rose Canyon,175,strike-slip,184
234,Rose Canyon,176,strike-slip,32
234,Rose Canyon,177,strike-slip,12
234,Rose Canyon,180,strike-slip,5909
235,Round Valley,-90,normal,130
236,Russ,135,reverse oblique,156
237,San Cayetano,18,strike-slip,4
237,San Cayetano,19,strike-slip,2
237,San Cayetano,20,reverse oblique,4
237,San Cayetano,21,reverse oblique,2
237,San Cayetano,22,reverse oblique,4
237,San Cayetano,23,reverse oblique,2
237,San Cayetano,24,reverse oblique,2
237,San Cayetano,25,reverse oblique,2
237,San Cayetano,26,reverse oblique,5
237,San Cayetano,27,reverse oblique,8
237,San Cayetano,28,reverse oblique,7
237,San Cayetano,29,reverse oblique,7
237,San Cayetano,30,reverse oblique,12
237,San Cayetano,31,reverse oblique,2
237,San Cayetano,32,reverse oblique,10
237,San Cayetano,33,reverse oblique,10
237,San Cayetano,34,reverse oblique,18
237,San Cayetano,35,reverse oblique,4
237,San Cayetano,36,reverse oblique,7
237,San Cayetano,37,reverse oblique,15
237,San Cayetano,38,reverse oblique,19
237,San Cayetano,39,reverse oblique,16
237,San Cayetano,40,reverse oblique,10
237,San Cayetano,41,reverse oblique,9
237,San Cayetano,43,reverse oblique,4
237,San Cayetano,44,reverse oblique,47
237,San Cayetano,45,reverse oblique,6
237,San Cayetano,46,reverse oblique,10
237,San Cayetano,47,reverse oblique,5
237,San Cayetano,48,reverse oblique,19
237,San Cayetano,49,reverse oblique,10
237,San Cayetano,50,reverse oblique,9
237,San Cayetano,51,reverse oblique,7
237,San Cayetano,52,reverse oblique,26
237,San Cayetano,53,reverse oblique,4
237,San Cayetano,54,reverse oblique,13
237,San Cayetano,55,reverse oblique,4
237,San Cayetano,56,reverse oblique,13
237,San Cayetano,57,reverse oblique,10
237,San Cayetano,58,reverse oblique,10
237,San Cayetano,59,reverse oblique,3
237,San Cayetano,60,reverse oblique,14
237,San Cayetano,61,reverse oblique,8
237,San Cayetano,62,reverse oblique,11
237,San Cayetano,63,reverse oblique,12
237,San Cayetano,64,reverse oblique,20
237,San Cayetano,65,reverse oblique,8
237,San Cayetano,66,reverse oblique,8
237,San Cayetano,67,reverse oblique,12
237,San Cayetano,68,reverse oblique,16
237,San Cayetano,69,reverse oblique,16
237,San Cayetano,70,reverse,26
237,San Cayetano,71,reverse,10
237,San Cayetano,72,reverse,20
237,San Cayetano,73,reverse,33
237,San Cayetano,74,reverse,40
237,San Cayetano,75,reverse,39
237,San Cayetano,76,reverse,75
237,San Cayetano,77,reverse,58
237,San Cayetano,78,reverse,166
237,San Cayetano,79,reverse,237
237,San Cayetano,80,reverse,410
237,San Cayetano,81,reverse,439
237,San Cayetano,82,reverse,590
237,San Cayetano,83,reverse,673
237,San Cayetano,84,reverse,772
237,San Cayetano,85,reverse,547
237,San Cayetano,86,reverse,600
237,San Cayetano,87,reverse,233
237,San Cayetano,88,reverse,474
237,San Cayetano,89,reverse,30
237,San Cayetano,90,reverse,9545
237,San Cayetano,91,reverse,251
237,San Cayetano,92,reverse,291
237,San Cayetano,93,reverse,59
237,San Cayetano,94,reverse,121
237,San Cayetano,95,reverse,139
237,San Cayetano,96,reverse,156
237,San Cayetano,97,reverse,94
237,San Cayetano,98,reverse,162
237,San Cayetano,99,reverse,180
237,San Cayetano,100,reverse,110
237,San Cayetano,101,reverse,106
237,San Cayetano,102,reverse,138
237,San Cayetano,103,reverse,88
237,San Cayetano,104,reverse,112
237,San Cayetano,105,reverse,81
237,San Cayetano,106,reverse,103
237,San Cayetano,107,reverse,75
237,San Cayetano,108,reverse,118
237,San Cayetano,109,reverse,91
237,San Cayetano,110,reverse oblique,94
237,San Cayetano,111,reverse oblique,53
237,San Cayetano,112,reverse oblique,85
237,San Cayetano,113,reverse oblique,76
237,San Cayetano,114,reverse oblique,72
237,San Cayetano,115,reverse oblique,50
237,San Cayetano,116,reverse oblique,50
237,San Cayetano,117,reverse oblique,54
237,San Cayetano,118,reverse oblique,30
237,San Cayetano,119,reverse oblique,44
237,San Cayetano,120,reverse oblique,25
237,San Cayetano,121,reverse oblique,10
237,San Cayetano,122,reverse oblique,27
237,San Cayetano,123,reverse oblique,12
237,San Cayetano,124,reverse oblique,30
237,San Cayetano,125,reverse oblique,17
237,San Cayetano,126,reverse oblique,24
237,San Cayetano,127,reverse oblique,19
237,San Cayetano,128,reverse oblique,24
237,San Cayetano,129,reverse oblique,12
237,San Cayetano,130,reverse oblique,20
237,San Cayetano,131,reverse oblique,13
237,San Cayetano,132,reverse oblique,12
237,San Cayetano,133,reverse oblique,2
237,San Cayetano,134,reverse oblique,4
237,San Cayetano,135,reverse oblique,2
238,San Clemente,180,strike-slip,16170
240,San Diego Trough (north) [2],92,reverse,2
240,San Diego Trough (north) [2],93,reverse,4
240,San Diego Trough (north) [2],94,reverse,8
240,San Diego Trough (north) [2],95,reverse,13
240,San Diego Trough (north) [2],96,reverse,12
240,San Diego Trough (north) [2],97,reverse,11
240,San Diego Trough (north) [2],98,reverse,29
240,San Diego Trough (north) [2],99,reverse,7
240,San Diego Trough (north) [2],100,reverse,11
240,San Diego Trough (north) [2],101,reverse,11
240,San Diego Trough (north) [2],102,reverse,12
240,San Diego Trough (north) [2],103,reverse,5
240,San Diego Trough (north) [2],104,reverse,7
240,San Diego Trough (north) [2],106,reverse,14
240,San Diego Trough (north) [2],108,reverse,7
240,San Diego Trough (north) [2],110,reverse oblique,10
240,San Diego Trough (north) [2],113,reverse oblique,12
240,San Diego Trough (north) [2],116,reverse oblique,14
240,San Diego Trough (north) [2],120,reverse oblique,8
240,San Diego Trough (north) [2],123,reverse oblique,9
240,San Diego Trough (north) [2],126,reverse oblique,10
240,San Diego Trough (north) [2],128,reverse oblique,11
240,San Diego Trough (north) [2],130,reverse oblique,12
240,San Diego Trough (north) [2],133,reverse oblique,13
240,San Diego Trough (north) [2],135,reverse oblique,14
240,San Diego Trough (north) [2],137,reverse oblique,15
240,San Diego Trough (north) [2],139,reverse oblique,16
240,San Diego Trough (north) [2],140,reverse oblique,17
240,San Diego Trough (north) [2],142,reverse oblique,18
240,San Diego Trough (north) [2],144,reverse oblique,19
240,San Diego Trough (north) [2],145,reverse oblique,20
240,San Diego Trough (north) [2],146,reverse oblique,21
240,San Diego Trough (north) [2],147,reverse oblique,22
240,San Diego Trough (north) [2],149,reverse oblique,23
240,San Diego Trough (north) [2],150,reverse oblique,22
240,San Diego Trough (north) [2],151,reverse oblique,22
240,San Diego Trough (north) [2],152,reverse oblique,22
240,San Diego Trough (north) [2],153,reverse oblique,22
240,San Diego Trough (north) [2],154,reverse oblique,44
240,San Diego Trough (north) [2],155,reverse oblique,22
240,San Diego Trough (north) [2],156,reverse oblique,44
240,San Diego Trough (north) [2],157,reverse oblique,22
240,San Diego Trough (north) [2],158,reverse oblique,44
240,San Diego Trough (north) [2],159,reverse oblique,44
240,San Diego Trough (north) [2],160,strike-slip,44
240,San Diego Trough (north) [2],161,strike-slip,44
240,San Diego Trough (north) [2],162,strike-slip,66
240,San Diego Trough (north) [2],163,strike-slip,44
240,San Diego Trough (north) [2],164,strike-slip,88
240,San Diego Trough (north) [2],165,strike-slip,22
240,San Diego Trough (north) [2],180,strike-slip,19393
241,San Diego Trough (south),150,reverse oblique,2
241,San Diego Trough (south),151,reverse oblique,3
241,San Diego Trough (south),152,reverse oblique,4
241,San Diego Trough (south),153,reverse oblique,5
241,San Diego Trough (south),154,reverse oblique,13
241,San Diego Trough (south),155,reverse oblique,8
241,San Diego Trough (south),156,reverse oblique,19
241,San Diego Trough (south),157,reverse oblique,11
241,San Diego Trough (south),158,reverse oblique,25
241,San Diego Trough (south),159,reverse oblique,29
241,San Diego Trough (south),160,strike-slip,33
241,San Diego Trough (south),161,strike-slip,37
241,San Diego Trough (south),162,strike-slip,63
241,San Diego Trough (south),163,strike-slip,47
241,San Diego Trough (south),164,strike-slip,106
241,San Diego Trough (south),165,strike-slip,29
241,San Diego Trough (south),180,strike-slip,29528
242,San Gabriel,70,reverse,2
242,San Gabriel,71,reverse,2
242,San Gabriel,72,reverse,5
242,San Gabriel,73,reverse,4
242,San Gabriel,74,reverse,5
242,San Gabriel,75,reverse,7
242,San Gabriel,76,reverse,3
242,San Gabriel,77,reverse,7
242,San Gabriel,78,reverse,10
242,San Gabriel,79,reverse,3
242,San Gabriel,80,reverse,20
242,San Gabriel,81,reverse,54
242,San Gabriel,82,reverse,46
242,San Gabriel,83,reverse,26
242,San Gabriel,84,reverse,51
242,San Gabriel,85,reverse,113
242,San Gabriel,86,reverse,164
242,San Gabriel,87,reverse,31
242,San Gabriel,88,reverse,54
242,San Gabriel,89,reverse,28
242,San Gabriel,90,reverse,344
242,San Gabriel,91,reverse,395
242,San Gabriel,92,reverse,244
242,San Gabriel,93,reverse,44
242,San Gabriel,94,reverse,61
242,San Gabriel,95,reverse,54
242,San Gabriel,96,reverse,145
242,San Gabriel,97,reverse,113
242,San Gabriel,98,reverse,175
242,San Gabriel,99,reverse,148
242,San Gabriel,100,reverse,158
242,San Gabriel,101,reverse,146
242,San Gabriel,102,reverse,192
242,San Gabriel,103,reverse,126
242,San Gabriel,104,reverse,137
242,San Gabriel,105,reverse,150
242,San Gabriel,106,reverse,152
242,San Gabriel,107,reverse,133
242,San Gabriel,108,reverse,150
242,San Gabriel,109,reverse,144
242,San Gabriel,110,reverse oblique,140
242,San Gabriel,111,reverse oblique,104
242,San Gabriel,112,reverse oblique,136
242,San Gabriel,113,reverse oblique,111
242,San Gabriel,114,reverse oblique,97
242,San Gabriel,115,reverse oblique,70
242,San Gabriel,116,reverse oblique,63
242,San Gabriel,117,reverse oblique,61
242,San Gabriel,118,reverse oblique,54
242,San Gabriel,119,reverse oblique,29
242,San Gabriel,120,reverse oblique,39
242,San Gabriel,121,reverse oblique,28
242,San Gabriel,122,reverse oblique,45
242,San Gabriel,123,reverse oblique,24
242,San Gabriel,124,reverse oblique,26
242,San Gabriel,125,reverse oblique,33
242,San Gabriel,126,reverse oblique,20
242,San Gabriel,127,reverse oblique,12
242,San Gabriel,128,reverse oblique,36
242,San Gabriel,129,reverse oblique,23
242,San Gabriel,130,reverse oblique,24
242,San Gabriel,131,reverse oblique,20
242,San Gabriel,132,reverse oblique,10
242,San Gabriel,133,reverse oblique,16
242,San Gabriel,134,reverse oblique,16
242,San Gabriel,135,reverse oblique,18
242,San Gabriel,136,reverse oblique,12
242,San Gabriel,137,reverse oblique,3
242,San Gabriel,138,reverse oblique,27
242,San Gabriel,139,reverse oblique,21
242,San Gabriel,140,reverse oblique,22
242,San Gabriel,141,reverse oblique,10
242,San Gabriel,142,reverse oblique,10
242,San Gabriel,143,reverse oblique,19
242,San Gabriel,144,reverse oblique,41
242,San Gabriel,145,reverse oblique,4
242,San Gabriel,146,reverse oblique,17
242,San Gabriel,147,reverse oblique,24
242,San Gabriel,148,reverse oblique,42
242,San Gabriel,149,reverse oblique,18
242,San Gabriel,150,reverse oblique,8
242,San Gabriel,151,reverse oblique,25
242,San Gabriel,152,reverse oblique,69
242,San Gabriel,153,reverse oblique,11
242,San Gabriel,154,reverse oblique,19
242,San Gabriel,155,reverse oblique,41
242,San Gabriel,156,reverse oblique,19
242,San Gabriel,157,reverse oblique,55
242,San Gabriel,158,reverse oblique,13
242,San Gabriel,159,reverse oblique,42
242,San Gabriel,160,strike-slip,29
242,San Gabriel,161,strike-slip,51
242,San Gabriel,162,strike-slip,78
242,San Gabriel,163,strike-slip,45
242,San Gabriel,164,strike-slip,88
242,San Gabriel,165,strike-slip,98
242,San Gabriel,166,strike-slip,151
242,San Gabriel,167,strike-slip,206
242,San Gabriel,168,strike-slip,252
242,San Gabriel,169,strike-slip,407
242,San Gabriel,170,strike-slip,746
242,San Gabriel,171,strike-slip,874
242,San Gabriel,172,strike-slip,1878
242,San Gabriel,173,strike-slip,2785
242,San Gabriel,174,strike-slip,4330
242,San Gabriel,175,strike-slip,4059
242,San Gabriel,176,strike-slip,5190
242,San Gabriel,177,strike-slip,3669
242,San Gabriel,178,strike-slip,2458
242,San Gabriel,179,strike-slip,2388
242,San Gabriel,180,strike-slip,4135
243,San Gabriel (extension),45,reverse oblique,2
243,San Gabriel (extension),46,reverse oblique,2
243,San Gabriel (extension),47,reverse oblique,5
243,San Gabriel (extension),48,reverse oblique,5
243,San Gabriel (extension),49,reverse oblique,3
243,San Gabriel (extension),50,reverse oblique,6
243,San Gabriel (extension),51,reverse oblique,7
243,San Gabriel (extension),52,reverse oblique,2
243,San Gabriel (extension),53,reverse oblique,4
243,San Gabriel (extension),54,reverse oblique,9
243,San Gabriel (extension),56,reverse oblique,5
243,San Gabriel (extension),58,reverse oblique,7
243,San Gabriel (extension),60,reverse oblique,4
243,San Gabriel (extension),61,reverse oblique,9
243,San Gabriel (extension),62,reverse oblique,12
243,San Gabriel (extension),64,reverse oblique,4
243,San Gabriel (extension),65,reverse oblique,9
243,San Gabriel (extension),66,reverse oblique,11
243,San Gabriel (extension),67,reverse oblique,7
243,San Gabriel (extension),68,reverse oblique,7
243,San Gabriel (extension),69,reverse oblique,11
243,San Gabriel (extension),70,reverse,10
243,San Gabriel (extension),71,reverse,6
243,San Gabriel (extension),72,reverse,4
243,San Gabriel (extension),73,reverse,3
243,San Gabriel (extension),74,reverse,6
243,San Gabriel (extension),77,reverse,4
243,San Gabriel (extension),78,reverse,3
243,San Gabriel (extension),81,reverse,2
243,San Gabriel (extension),82,reverse,6
243,San Gabriel (extension),83,reverse,2
243,San Gabriel (extension),84,reverse,7
243,San Gabriel (extension),85,reverse,6
243,San Gabriel (extension),86,reverse,8
243,San Gabriel (extension),87,reverse,14
243,San Gabriel (extension),88,reverse,20
243,San Gabriel (extension),89,reverse,23
243,San Gabriel (extension),90,reverse,22
243,San Gabriel (extension),91,reverse,46
243,San Gabriel (extension),92,reverse,42
243,San Gabriel (extension),93,reverse,50
243,San Gabriel (extension),94,reverse,105
243,San Gabriel (extension),95,reverse,100
243,San Gabriel (extension),96,reverse,181
243,San Gabriel (extension),97,reverse,170
243,San Gabriel (extension),98,reverse,224
243,San Gabriel (extension),99,reverse,224
243,San Gabriel (extension),100,reverse,259
243,San Gabriel (extension),101,reverse,213
243,San Gabriel (extension),102,reverse,287
243,San Gabriel (extension),103,reverse,178
243,San Gabriel (extension),104,reverse,229
243,San Gabriel (extension),105,reverse,261
243,San Gabriel (extension),106,reverse,252
243,San Gabriel (extension),107,reverse,226
243,San Gabriel (extension),108,reverse,285
243,San Gabriel (extension),109,reverse,262
243,San Gabriel (extension),110,reverse oblique,272
243,San Gabriel (extension),111,reverse oblique,213
243,San Gabriel (extension),112,reverse oblique,271
243,San Gabriel (extension),113,reverse oblique,228
243,San Gabriel (extension),114,reverse oblique,211
243,San Gabriel (extension),115,reverse oblique,143
243,San Gabriel (extension),116,reverse oblique,126
243,San Gabriel (extension),117,reverse oblique,115
243,San Gabriel (extension),118,reverse oblique,135
243,San Gabriel (extension),119,reverse oblique,72
243,San Gabriel (extension),120,reverse oblique,86
243,San Gabriel (extension),121,reverse oblique,65
243,San Gabriel (extension),122,reverse oblique,78
243,San Gabriel (extension),123,reverse oblique,41
243,San Gabriel (extension),124,reverse oblique,62
243,San Gabriel (extension),125,reverse oblique,60
243,San Gabriel (extension),126,reverse oblique,34
243,San Gabriel (extension),127,reverse oblique,25
243,San Gabriel (extension),128,reverse oblique,62
243,San Gabriel (extension),129,reverse oblique,41
243,San Gabriel (extension),130,reverse oblique,30
243,San Gabriel (extension),131,reverse oblique,17
243,San Gabriel (extension),132,reverse oblique,33
243,San Gabriel (extension),133,reverse oblique,24
243,San Gabriel (extension),134,reverse oblique,38
243,San Gabriel (extension),135,reverse oblique,20
243,San Gabriel (extension),136,reverse oblique,34
243,San Gabriel (extension),137,reverse oblique,2
243,San Gabriel (extension),138,reverse oblique,43
243,San Gabriel (extension),139,reverse oblique,27
243,San Gabriel (extension),140,reverse oblique,21
243,San Gabriel (extension),141,reverse oblique,28
243,San Gabriel (extension),142,reverse oblique,34
243,San Gabriel (extension),143,reverse oblique,41
243,San Gabriel (extension),144,reverse oblique,32
243,San Gabriel (extension),145,reverse oblique,8
243,San Gabriel (extension),146,reverse oblique,30
243,San Gabriel (extension),147,reverse oblique,33
243,San Gabriel (extension),148,reverse oblique,73
243,San Gabriel (extension),149,reverse oblique,12
243,San Gabriel (extension),150,reverse oblique,20
243,San Gabriel (extension),151,reverse oblique,35
243,San Gabriel (extension),152,reverse oblique,63
243,San Gabriel (extension),153,reverse oblique,36
243,San Gabriel (extension),154,reverse oblique,26
243,San Gabriel (extension),155,reverse oblique,52
243,San Gabriel (extension),156,reverse oblique,54
243,San Gabriel (extension),157,reverse oblique,40
243,San Gabriel (extension),158,reverse oblique,34
243,San Gabriel (extension),159,reverse oblique,81
243,San Gabriel (extension),160,strike-slip,33
243,San Gabriel (extension),161,strike-slip,86
243,San Gabriel (extension),162,strike-slip,71
243,San Gabriel (extension),163,strike-slip,100
243,San Gabriel (extension),164,strike-slip,130
243,San Gabriel (extension),165,strike-slip,105
243,San Gabriel (extension),166,strike-slip,178
243,San Gabriel (extension),167,strike-slip,170
243,San Gabriel (extension),168,strike-slip,243
243,San Gabriel (extension),169,strike-slip,207
243,San Gabriel (extension),170,strike-slip,363
243,San Gabriel (extension),171,strike-slip,357
243,San Gabriel (extension),172,strike-slip,637
243,San Gabriel (extension),173,strike-slip,1187
243,San Gabriel (extension),174,strike-slip,2080
243,San Gabriel (extension),175,strike-slip,1433
243,San Gabriel (extension),176,strike-slip,987
243,San Gabriel (extension),177,strike-slip,663
243,San Gabriel (extension),180,strike-slip,112
244,San Gorgonio Pass,90,reverse,7
244,San Gorgonio Pass,109,reverse,3
244,San Gorgonio Pass,117,reverse oblique,5
244,San Gorgonio Pass,119,reverse oblique,3
244,San Gorgonio Pass,124,reverse oblique,3
244,San Gorgonio Pass,128,reverse oblique,2
244,San Gorgonio Pass,129,reverse oblique,2
244,San Gorgonio Pass,130,reverse oblique,3
244,San Gorgonio Pass,131,reverse oblique,3
244,San Gorgonio Pass,132,reverse oblique,3
244,San Gorgonio Pass,134,reverse oblique,3
244,San Gorgonio Pass,136,reverse oblique,5
244,San Gorgonio Pass,137,reverse oblique,3
244,San Gorgonio Pass,138,reverse oblique,6
244,San Gorgonio Pass,140,reverse oblique,8
244,San Gorgonio Pass,141,reverse oblique,5
244,San Gorgonio Pass,142,reverse oblique,5
244,San Gorgonio Pass,143,reverse oblique,3
244,San Gorgonio Pass,144,reverse oblique,11
244,San Gorgonio Pass,146,reverse oblique,3
244,San Gorgonio Pass,147,reverse oblique,8
244,San Gorgonio Pass,148,reverse oblique,6
244,San Gorgonio Pass,149,reverse oblique,14
244,San Gorgonio Pass,150,reverse oblique,8
244,San Gorgonio Pass,151,reverse oblique,11
244,San Gorgonio Pass,152,reverse oblique,15
244,San Gorgonio Pass,153,reverse oblique,9
244,San Gorgonio Pass,154,reverse oblique,17
244,San Gorgonio Pass,155,reverse oblique,14
244,San Gorgonio Pass,156,reverse oblique,27
244,San Gorgonio Pass,157,reverse oblique,22
244,San Gorgonio Pass,158,reverse oblique,40
244,San Gorgonio Pass,159,reverse oblique,29
244,San Gorgonio Pass,160,strike-slip,61
244,San Gorgonio Pass,161,strike-slip,52
244,San Gorgonio Pass,162,strike-slip,66
244,San Gorgonio Pass,163,strike-slip,77
244,San Gorgonio Pass,164,strike-slip,124
244,San Gorgonio Pass,165,strike-slip,112
244,San Gorgonio Pass,166,strike-slip,174
244,San Gorgonio Pass,167,strike-slip,196
244,San Gorgonio Pass,168,strike-slip,241
244,San Gorgonio Pass,169,strike-slip,225
244,San Gorgonio Pass,170,strike-slip,324
244,San Gorgonio Pass,171,strike-slip,286
244,San Gorgonio Pass,172,strike-slip,360
244,San Gorgonio Pass,173,strike-slip,379
244,San Gorgonio Pass,174,strike-slip,597
244,San Gorgonio Pass,175,strike-slip,551
244,San Gorgonio Pass,176,strike-slip,147
244,San Gorgonio Pass,177,strike-slip,58
244,San Gorgonio Pass,178,strike-slip,14
245,San Gregorio (north),98,reverse,4
245,San Gregorio (north),99,reverse,2
245,San Gregorio (north),100,reverse,4
245,San Gregorio (north),101,reverse,2
245,San Gregorio (north),102,reverse,8
245,San Gregorio (north),103,reverse,5
245,San Gregorio (north),104,reverse,3
245,San Gregorio (north),105,reverse,3
245,San Gregorio (north),106,reverse,16
245,San Gregorio (north),107,reverse,3
245,San Gregorio (north),108,reverse,12
245,San Gregorio (north),109,reverse,15
245,San Gregorio (north),110,reverse oblique,15
245,San Gregorio (north),111,reverse oblique,13
245,San Gregorio (north),112,reverse oblique,14
245,San Gregorio (north),113,reverse oblique,24
245,San Gregorio (north),114,reverse oblique,22
245,San Gregorio (north),115,reverse oblique,19
245,San Gregorio (north),116,reverse oblique,27
245,San Gregorio (north),117,reverse oblique,22
245,San Gregorio (north),118,reverse oblique,25
245,San Gregorio (north),119,reverse oblique,27
245,San Gregorio (north),120,reverse oblique,24
245,San Gregorio (north),121,reverse oblique,47
245,San Gregorio (north),122,reverse oblique,68
245,San Gregorio (north),123,reverse oblique,57
245,San Gregorio (north),124,reverse oblique,80
245,San Gregorio (north),125,reverse oblique,76
245,San Gregorio (north),126,reverse oblique,100
245,San Gregorio (north),127,reverse oblique,90
245,San Gregorio (north),128,reverse oblique,150
245,San Gregorio (north),129,reverse oblique,98
245,San Gregorio (north),130,reverse oblique,165
245,San Gregorio (north),131,reverse oblique,173
245,San Gregorio (north),132,reverse oblique,184
245,San Gregorio (north),133,reverse oblique,201
245,San Gregorio (north),134,reverse oblique,357
245,San Gregorio (north),135,reverse oblique,212
245,San Gregorio (north),136,reverse oblique,403
245,San Gregorio (north),137,reverse oblique,293
245,San Gregorio (north),138,reverse oblique,534
245,San Gregorio (north),139,reverse oblique,492
245,San Gregorio (north),140,reverse oblique,623
245,San Gregorio (north),141,reverse oblique,588
245,San Gregorio (north),142,reverse oblique,623
245,San Gregorio (north),143,reverse oblique,635
245,San Gregorio (north),144,reverse oblique,701
245,San Gregorio (north),145,reverse oblique,590
245,San Gregorio (north),146,reverse oblique,719
245,San Gregorio (north),147,reverse oblique,721
245,San Gregorio (north),148,reverse oblique,1017
245,San Gregorio (north),149,reverse oblique,913
245,San Gregorio (north),150,reverse oblique,1149
245,San Gregorio (north),151,reverse oblique,1064
245,San Gregorio (north),152,reverse oblique,1547
245,San Gregorio (north),153,reverse oblique,1433
245,San Gregorio (north),154,reverse oblique,2003
245,San Gregorio (north),155,reverse oblique,1795
245,San Gregorio (north),156,reverse oblique,2434
245,San Gregorio (north),157,reverse oblique,2128
245,San Gregorio (north),158,reverse oblique,2761
245,San Gregorio (north),159,reverse oblique,2651
245,San Gregorio (north),160,strike-slip,3754
245,San Gregorio (north),161,strike-slip,3347
245,San Gregorio (north),162,strike-slip,4704
245,San Gregorio (north),163,strike-slip,4627
245,San Gregorio (north),164,strike-slip,6712
245,San Gregorio (north),165,strike-slip,6399
245,San Gregorio (north),166,strike-slip,9406
245,San Gregorio (north),167,strike-slip,9227
245,San Gregorio (north),168,strike-slip,13337
245,San Gregorio (north),169,strike-slip,13030
245,San Gregorio (north),170,strike-slip,18875
245,San Gregorio (north),171,strike-slip,19183
245,San Gregorio (north),172,strike-slip,29519
245,San Gregorio (north),173,strike-slip,27682
245,San Gregorio (north),174,strike-slip,41998
245,San Gregorio (north),175,strike-slip,42191
245,San Gregorio (north),176,strike-slip,64076
245,San Gregorio (north),177,strike-slip,65117
245,San Gregorio (north),178,strike-slip,79284
245,San Gregorio (north),179,strike-slip,25414
245,San Gregorio (north),180,strike-slip,237698
246,San Gregorio (south),124,reverse oblique,2
246,San Gregorio (south),125,reverse oblique,3
246,San Gregorio (south),126,reverse oblique,4
246,San Gregorio (south),127,reverse oblique,7
246,San Gregorio (south),128,reverse oblique,11
246,San Gregorio (south),129,reverse oblique,14
246,San Gregorio (south),130,reverse oblique,34
246,San Gregorio (south),131,reverse oblique,27
246,San Gregorio (south),132,reverse oblique,36
246,San Gregorio (south),133,reverse oblique,35
246,San Gregorio (south),134,reverse oblique,42
246,San Gregorio (south),135,reverse oblique,44
246,San Gregorio (south),136,reverse oblique,72
246,San Gregorio (south),137,reverse oblique,73
246,San Gregorio (south),138,reverse oblique,117
246,San Gregorio (south),139,reverse oblique,102
246,San Gregorio (south),140,reverse oblique,133
246,San Gregorio (south),141,reverse oblique,126
246,San Gregorio (south),142,reverse oblique,167
246,San Gregorio (south),143,reverse oblique,162
246,San Gregorio (south),144,reverse oblique,284
246,San Gregorio (south),145,reverse oblique,217
246,San Gregorio (south),146,reverse oblique,312
246,San Gregorio (south),147,reverse oblique,260
246,San Gregorio (south),148,reverse oblique,389
246,San Gregorio (south),149,reverse oblique,331
246,San Gregorio (south),150,reverse oblique,518
246,San Gregorio (south),151,reverse oblique,476
246,San Gregorio (south),152,reverse oblique,631
246,San Gregorio (south),153,reverse oblique,582
246,San Gregorio (south),154,reverse oblique,886
246,San Gregorio (south),155,reverse oblique,692
246,San Gregorio (south),156,reverse oblique,987
246,San Gregorio (south),157,reverse oblique,838
246,San Gregorio (south),158,reverse oblique,1078
246,San Gregorio (south),159,reverse oblique,987
246,San Gregorio (south),160,strike-slip,1529
246,San Gregorio (south),161,strike-slip,1443
246,San Gregorio (south),162,strike-slip,2107
246,San Gregorio (south),163,strike-slip,1935
246,San Gregorio (south),164,strike-slip,2883
246,San Gregorio (south),165,strike-slip,2731
246,San Gregorio (south),166,strike-slip,3861
246,San Gregorio (south),167,strike-slip,3648
246,San Gregorio (south),168,strike-slip,5132
246,San Gregorio (south),169,strike-slip,4367
246,San Gregorio (south),170,strike-slip,5962
246,San Gregorio (south),171,strike-slip,5259
246,San Gregorio (south),172,strike-slip,7334
246,San Gregorio (south),173,strike-slip,6553
246,San Gregorio (south),174,strike-slip,9165
246,San Gregorio (south),175,strike-slip,8649
246,San Gregorio (south),176,strike-slip,12938
246,San Gregorio (south),177,strike-slip,18230
246,San Gregorio (south),178,strike-slip,35108
246,San Gregorio (south),179,strike-slip,9567
246,San Gregorio (south),180,strike-slip,80462
247,San Joaquin Hills,90,reverse,66
247,San Joaquin Hills,91,reverse,3
247,San Joaquin Hills,92,reverse,17
247,San Joaquin Hills,93,reverse,12
247,San Joaquin Hills,94,reverse,23
247,San Joaquin Hills,95,reverse,15
247,San Joaquin Hills,96,reverse,51
247,San Joaquin Hills,97,reverse,24
247,San Joaquin Hills,98,reverse,29
247,San Joaquin Hills,99,reverse,28
247,San Joaquin Hills,100,reverse,31
247,San Joaquin Hills,101,reverse,33
247,San Joaquin Hills,102,reverse,48
247,San Joaquin Hills,103,reverse,31
247,San Joaquin Hills,104,reverse,31
247,San Joaquin Hills,105,reverse,35
247,San Joaquin Hills,106,reverse,34
247,San Joaquin Hills,107,reverse,32
247,San Joaquin Hills,108,reverse,21
247,San Joaquin Hills,109,reverse,27
247,San Joaquin Hills,110,reverse oblique,27
247,San Joaquin Hills,111,reverse oblique,21
247,San Joaquin Hills,112,reverse oblique,27
247,San Joaquin Hills,113,reverse oblique,9
247,San Joaquin Hills,114,reverse oblique,26
247,San Joaquin Hills,115,reverse oblique,17
247,San Joaquin Hills,116,reverse oblique,12
247,San Joaquin Hills,117,reverse oblique,9
247,San Joaquin Hills,118,reverse oblique,8
247,San Joaquin Hills,119,reverse oblique,6
247,San Joaquin Hills,121,reverse oblique,5
247,San Joaquin Hills,122,reverse oblique,12
247,San Joaquin Hills,124,reverse oblique,2
247,San Joaquin Hills,125,reverse oblique,6
247,San Joaquin Hills,126,reverse oblique,3
247,San Joaquin Hills,127,reverse oblique,3
247,San Joaquin Hills,128,reverse oblique,3
247,San Joaquin Hills,129,reverse oblique,3
247,San Joaquin Hills,132,reverse oblique,5
247,San Joaquin Hills,133,reverse oblique,3
247,San Joaquin Hills,137,reverse oblique,3
247,San Joaquin Hills,138,reverse oblique,2
247,San Joaquin Hills,140,reverse oblique,3
247,San Joaquin Hills,144,reverse oblique,5
247,San Joaquin Hills,148,reverse oblique,2
247,San Joaquin Hills,151,reverse oblique,2
247,San Joaquin Hills,154,reverse oblique,2
248,San Jose,30,reverse oblique,7
248,San Jose,51,reverse oblique,3
248,San Jose,52,reverse oblique,5
248,San Jose,53,reverse oblique,5
248,San Jose,54,reverse oblique,5
248,San Jose,55,reverse oblique,2
248,San Jose,57,reverse oblique,6
248,San Jose,58,reverse oblique,5
248,San Jose,59,reverse oblique,3
248,San Jose,60,reverse oblique,10
248,San Jose,61,reverse oblique,8
248,San Jose,62,reverse oblique,5
248,San Jose,63,reverse oblique,17
248,San Jose,64,reverse oblique,20
248,San Jose,65,reverse oblique,17
248,San Jose,66,reverse oblique,28
248,San Jose,67,reverse oblique,10
248,San Jose,68,reverse oblique,18
248,San Jose,69,reverse oblique,10
248,San Jose,70,reverse,5
248,San Jose,71,reverse,21
248,San Jose,72,reverse,8
248,San Jose,73,reverse,14
248,San Jose,74,reverse,14
248,San Jose,75,reverse,9
248,San Jose,76,reverse,8
248,San Jose,77,reverse,9
248,San Jose,78,reverse,14
248,San Jose,79,reverse,9
248,San Jose,80,reverse,8
248,San Jose,81,reverse,10
248,San Jose,88,reverse,8
248,San Jose,94,reverse,3
248,San Jose,96,reverse,4
248,San Jose,101,reverse,3
248,San Jose,103,reverse,2
248,San Jose,110,reverse oblique,2
248,San Jose,113,reverse oblique,3
248,San Jose,118,reverse oblique,3
248,San Jose,121,reverse oblique,2
248,San Jose,123,reverse oblique,3
248,San Jose,126,reverse oblique,5
248,San Jose,128,reverse oblique,3
248,San Jose,130,reverse oblique,2
248,San Jose,131,reverse oblique,3
248,San Jose,132,reverse oblique,2
248,San Jose,134,reverse oblique,5
248,San Jose,138,reverse oblique,2
248,San Jose,140,reverse oblique,5
248,San Jose,142,reverse oblique,3
248,San Jose,143,reverse oblique,3
248,San Jose,145,reverse oblique,8
248,San Jose,147,reverse oblique,5
248,San Jose,148,reverse oblique,5
248,San Jose,149,reverse oblique,5
248,San Jose,150,reverse oblique,8
248,San Jose,151,reverse oblique,2
248,San Jose,152,reverse oblique,10
248,San Jose,154,reverse oblique,10
248,San Jose,155,reverse oblique,2
248,San Jose,156,reverse oblique,8
248,San Jose,157,reverse oblique,4
248,San Jose,158,reverse oblique,5
248,San Jose,159,reverse oblique,2
248,San Jose,160,strike-slip,3
248,San Jose,161,strike-slip,3
248,San Jose,163,strike-slip,6
248,San Jose,164,strike-slip,6
248,San Jose,165,strike-slip,4
248,San Jose,166,strike-slip,10
248,San Jose,167,strike-slip,4
248,San Jose,168,strike-slip,24
248,San Jose,169,strike-slip,16
249,San Juan,110,reverse oblique,2
249,San Juan,116,reverse oblique,2
249,San Juan,118,reverse oblique,3
249,San Juan,126,reverse oblique,9
249,San Juan,132,reverse oblique,5
249,San Juan,134,reverse oblique,4
249,San Juan,137,reverse oblique,9
249,San Juan,140,reverse oblique,5
249,San Juan,141,reverse oblique,9
249,San Juan,143,reverse oblique,3
249,San Juan,144,reverse oblique,6
249,San Juan,145,reverse oblique,18
249,San Juan,146,reverse oblique,8
249,San Juan,147,reverse oblique,12
249,San Juan,148,reverse oblique,23
249,San Juan,149,reverse oblique,21
249,San Juan,150,reverse oblique,23
249,San Juan,151,reverse oblique,45
249,San Juan,152,reverse oblique,48
249,San Juan,153,reverse oblique,56
249,San Juan,154,reverse oblique,87
249,San Juan,155,reverse oblique,111
249,San Juan,156,reverse oblique,140
249,San Juan,157,reverse oblique,175
249,San Juan,158,reverse oblique,283
249,San Juan,159,reverse oblique,365
249,San Juan,160,strike-slip,475
249,San Juan,161,strike-slip,490
249,San Juan,162,strike-slip,597
249,San Juan,163,strike-slip,603
249,San Juan,164,strike-slip,965
249,San Juan,165,strike-slip,851
249,San Juan,166,strike-slip,1252
249,San Juan,167,strike-slip,1117
249,San Juan,168,strike-slip,1694
249,San Juan,169,strike-slip,1841
249,San Juan,170,strike-slip,2166
249,San Juan,171,strike-slip,1670
249,San Juan,172,strike-slip,2779
249,San Juan,173,strike-slip,2566
249,San Juan,174,strike-slip,3968
249,San Juan,175,strike-slip,4049
249,San Juan,176,strike-slip,4451
249,San Juan,177,strike-slip,3288
249,San Juan,178,strike-slip,6053
249,San Juan,179,strike-slip,2715
249,San Juan,180,strike-slip,33887
250,San Luis Bay [2],60,reverse oblique,9
250,San Luis Bay [2],62,reverse oblique,11
250,San Luis Bay [2],64,reverse oblique,7
250,San Luis Bay [2],65,reverse oblique,6
250,San Luis Bay [2],66,reverse oblique,7
250,San Luis Bay [2],67,reverse oblique,6
250,San Luis Bay [2],68,reverse oblique,4
250,San Luis Bay [2],69,reverse oblique,9
250,San Luis Bay [2],71,reverse,11
250,San Luis Bay [2],72,reverse,2
250,San Luis Bay [2],73,reverse,7
250,San Luis Bay [2],74,reverse,6
250,San Luis Bay [2],76,reverse,11
250,San Luis Bay [2],77,reverse,2
250,San Luis Bay [2],78,reverse,7
250,San Luis Bay [2],79,reverse,6
250,San Luis Bay [2],81,reverse,2
250,San Luis Bay [2],82,reverse,2
250,San Luis Bay [2],84,reverse,11
250,San Luis Bay [2],85,reverse,9
250,San Luis Bay [2],86,reverse,9
250,San Luis Bay [2],87,reverse,8
250,San Luis Bay [2],88,reverse,11
250,San Luis Bay [2],89,reverse,12
250,San Luis Bay [2],90,reverse,244
250,San Luis Bay [2],91,reverse,12
250,San Luis Bay [2],92,reverse,20
250,San Luis Bay [2],93,reverse,12
250,San Luis Bay [2],94,reverse,51
250,San Luis Bay [2],95,reverse,53
250,San Luis Bay [2],96,reverse,66
250,San Luis Bay [2],97,reverse,56
250,San Luis Bay [2],98,reverse,55
250,San Luis Bay [2],99,reverse,51
250,San Luis Bay [2],100,reverse,53
250,San Luis Bay [2],101,reverse,50
250,San Luis Bay [2],102,reverse,54
250,San Luis Bay [2],103,reverse,50
250,San Luis Bay [2],104,reverse,47
250,San Luis Bay [2],105,reverse,68
250,San Luis Bay [2],106,reverse,60
250,San Luis Bay [2],107,reverse,34
250,San Luis Bay [2],108,reverse,76
250,San Luis Bay [2],109,reverse,46
250,San Luis Bay [2],110,reverse oblique,66
250,San Luis Bay [2],111,reverse oblique,64
250,San Luis Bay [2],112,reverse oblique,60
250,San Luis Bay [2],113,reverse oblique,60
250,San Luis Bay [2],114,reverse oblique,54
250,San Luis Bay [2],115,reverse oblique,48
250,San Luis Bay [2],116,reverse oblique,56
250,San Luis Bay [2],117,reverse oblique,32
250,San Luis Bay [2],118,reverse oblique,84
250,San Luis Bay [2],119,reverse oblique,49
250,San Luis Bay [2],120,reverse oblique,58
250,San Luis Bay [2],121,reverse oblique,50
250,San Luis Bay [2],122,reverse oblique,70
250,San Luis Bay [2],123,reverse oblique,46
250,San Luis Bay [2],124,reverse oblique,70
250,San Luis Bay [2],125,reverse oblique,48
250,San Luis Bay [2],126,reverse oblique,64
250,San Luis Bay [2],127,reverse oblique,44
250,San Luis Bay [2],128,reverse oblique,58
250,San Luis Bay [2],129,reverse oblique,38
250,San Luis Bay [2],130,reverse oblique,64
250,San Luis Bay [2],131,reverse oblique,64
250,San Luis Bay [2],132,reverse oblique,56
250,San Luis Bay [2],133,reverse oblique,40
250,San Luis Bay [2],134,reverse oblique,72
250,San Luis Bay [2],135,reverse oblique,38
250,San Luis Bay [2],136,reverse oblique,94
250,San Luis Bay [2],137,reverse oblique,52
250,San Luis Bay [2],138,reverse oblique,73
250,San Luis Bay [2],139,reverse oblique,72
250,San Luis Bay [2],140,reverse oblique,82
250,San Luis Bay [2],141,reverse oblique,71
250,San Luis Bay [2],142,reverse oblique,76
250,San Luis Bay [2],143,reverse oblique,80
250,San Luis Bay [2],144,reverse oblique,86
250,San Luis Bay [2],145,reverse oblique,76
250,San Luis Bay [2],146,reverse oblique,80
250,San Luis Bay [2],147,reverse oblique,64
250,San Luis Bay [2],148,reverse oblique,100
250,San Luis Bay [2],149,reverse oblique,76
250,San Luis Bay [2],150,reverse oblique,94
250,San Luis Bay [2],151,reverse oblique,86
250,San Luis Bay [2],152,reverse oblique,115
250,San Luis Bay [2],153,reverse oblique,82
250,San Luis Bay [2],154,reverse oblique,118
250,San Luis Bay [2],155,reverse oblique,68
250,San Luis Bay [2],156,reverse oblique,120
250,San Luis Bay [2],157,reverse oblique,105
250,San Luis Bay [2],158,reverse oblique,119
250,San Luis Bay [2],159,reverse oblique,100
250,San Luis Bay [2],160,strike-slip,160
250,San Luis Bay [2],161,strike-slip,128
250,San Luis Bay [2],162,strike-slip,174
250,San Luis Bay [2],163,strike-slip,130
250,San Luis Bay [2],164,strike-slip,202
250,San Luis Bay [2],165,strike-slip,168
250,San Luis Bay [2],166,strike-slip,221
250,San Luis Bay [2],167,strike-slip,194
250,San Luis Bay [2],168,strike-slip,258
250,San Luis Bay [2],169,strike-slip,214
250,San Luis Bay [2],170,strike-slip,255
250,San Luis Bay [2],171,strike-slip,231
250,San Luis Bay [2],172,strike-slip,287
250,San Luis Bay [2],173,strike-slip,207
250,San Luis Bay [2],174,strike-slip,243
250,San Luis Bay [2],175,strike-slip,203
250,San Luis Bay [2],176,strike-slip,205
250,San Luis Bay [2],177,strike-slip,124
250,San Luis Bay [2],178,strike-slip,236
250,San Luis Bay [2],179,strike-slip,382
252,San Luis Range (Pecho),90,reverse,30
252,San Luis Range (Pecho),116,reverse oblique,5
252,San Luis Range (Pecho),119,reverse oblique,2
252,San Luis Range (Pecho),122,reverse oblique,4
252,San Luis Range (Pecho),124,reverse oblique,2
252,San Luis Range (Pecho),126,reverse oblique,5
252,San Luis Range (Pecho),129,reverse oblique,3
252,San Luis Range (Pecho),133,reverse oblique,4
252,San Luis Range (Pecho),135,reverse oblique,5
252,San Luis Range (Pecho),138,reverse oblique,2
252,San Luis Range (Pecho),141,reverse oblique,14
252,San Luis Range (Pecho),146,reverse oblique,5
252,San Luis Range (Pecho),147,reverse oblique,4
252,San Luis Range (Pecho),149,reverse oblique,5
252,San Luis Range (Pecho),150,reverse oblique,5
252,San Luis Range (Pecho),152,reverse oblique,6
252,San Luis Range (Pecho),153,reverse oblique,5
252,San Luis Range (Pecho),154,reverse oblique,3
252,San Luis Range (Pecho),155,reverse oblique,4
252,San Luis Range (Pecho),156,reverse oblique,7
252,San Luis Range (Pecho),158,reverse oblique,14
252,San Luis Range (Pecho),160,strike-slip,9
252,San Luis Range (Pecho),161,strike-slip,8
252,San Luis Range (Pecho),162,strike-slip,11
252,San Luis Range (Pecho),163,strike-slip,26
252,San Luis Range (Pecho),164,strike-slip,28
252,San Luis Range (Pecho),165,strike-slip,30
252,San Luis Range (Pecho),166,strike-slip,44
252,San Luis Range (Pecho),167,strike-slip,34
252,San Luis Range (Pecho),168,strike-slip,44
252,San Luis Range (Pecho),169,strike-slip,32
252,San Luis Range (Pecho),170,strike-slip,50
252,San Luis Range (Pecho),171,strike-slip,45
252,San Luis Range (Pecho),172,strike-slip,55
252,San Luis Range (Pecho),173,strike-slip,70
252,San Luis Range (Pecho),174,strike-slip,113
252,San Luis Range (Pecho),175,strike-slip,119
252,San Luis Range (Pecho),176,strike-slip,208
252,San Luis Range (Pecho),177,strike-slip,308
252,San Luis Range (Pecho),178,strike-slip,807
252,San Luis Range (Pecho),179,strike-slip,415
253,San Luis Range (extended) [2],19,strike-slip,3
253,San Luis Range (extended) [2],21,reverse oblique,3
253,San Luis Range (extended) [2],23,reverse oblique,3
253,San Luis Range (extended) [2],25,reverse oblique,7
253,San Luis Range (extended) [2],27,reverse oblique,7
253,San Luis Range (extended) [2],29,reverse oblique,4
253,San Luis Range (extended) [2],30,reverse oblique,8
253,San Luis Range (extended) [2],32,reverse oblique,9
253,San Luis Range (extended) [2],33,reverse oblique,2
253,San Luis Range (extended) [2],34,reverse oblique,7
253,San Luis Range (extended) [2],35,reverse oblique,11
253,San Luis Range (extended) [2],37,reverse oblique,9
253,San Luis Range (extended) [2],38,reverse oblique,9
253,San Luis Range (extended) [2],39,reverse oblique,10
253,San Luis Range (extended) [2],40,reverse oblique,6
253,San Luis Range (extended) [2],41,reverse oblique,9
253,San Luis Range (extended) [2],42,reverse oblique,11
253,San Luis Range (extended) [2],43,reverse oblique,6
253,San Luis Range (extended) [2],44,reverse oblique,12
253,San Luis Range (extended) [2],45,reverse oblique,3
253,San Luis Range (extended) [2],46,reverse oblique,15
253,San Luis Range (extended) [2],47,reverse oblique,11
253,San Luis Range (extended) [2],48,reverse oblique,11
253,San Luis Range (extended) [2],49,reverse oblique,9
253,San Luis Range (extended) [2],50,reverse oblique,20
253,San Luis Range (extended) [2],51,reverse oblique,11
253,San Luis Range (extended) [2],53,reverse oblique,9
253,San Luis Range (extended) [2],54,reverse oblique,34
253,San Luis Range (extended) [2],55,reverse oblique,9
253,San Luis Range (extended) [2],56,reverse oblique,27
253,San Luis Range (extended) [2],57,reverse oblique,31
253,San Luis Range (extended) [2],58,reverse oblique,41
253,San Luis Range (extended) [2],59,reverse oblique,35
253,San Luis Range (extended) [2],60,reverse oblique,79
253,San Luis Range (extended) [2],61,reverse oblique,68
253,San Luis Range (extended) [2],62,reverse oblique,108
253,San Luis Range (extended) [2],63,reverse oblique,88
253,San Luis Range (extended) [2],64,reverse oblique,121
253,San Luis Range (extended) [2],65,reverse oblique,89
253,San Luis Range (extended) [2],66,reverse oblique,128
253,San Luis Range (extended) [2],67,reverse oblique,70
253,San Luis Range (extended) [2],68,reverse oblique,143
253,San Luis Range (extended) [2],69,reverse oblique,77
253,San Luis Range (extended) [2],70,reverse,108
253,San Luis Range (extended) [2],71,reverse,125
253,San Luis Range (extended) [2],72,reverse,103
253,San Luis Range (extended) [2],73,reverse,161
253,San Luis Range (extended) [2],74,reverse,101
253,San Luis Range (extended) [2],75,reverse,115
253,San Luis Range (extended) [2],76,reverse,185
253,San Luis Range (extended) [2],77,reverse,95
253,San Luis Range (extended) [2],78,reverse,148
253,San Luis Range (extended) [2],79,reverse,138
253,San Luis Range (extended) [2],80,reverse,95
253,San Luis Range (extended) [2],81,reverse,118
253,San Luis Range (extended) [2],82,reverse,142
253,San Luis Range (extended) [2],83,reverse,100
253,San Luis Range (extended) [2],84,reverse,200
253,San Luis Range (extended) [2],85,reverse,164
253,San Luis Range (extended) [2],86,reverse,178
253,San Luis Range (extended) [2],87,reverse,198
253,San Luis Range (extended) [2],88,reverse,160
253,San Luis Range (extended) [2],89,reverse,178
253,San Luis Range (extended) [2],90,reverse,3334
253,San Luis Range (extended) [2],91,reverse,205
253,San Luis Range (extended) [2],92,reverse,474
253,San Luis Range (extended) [2],93,reverse,520
253,San Luis Range (extended) [2],94,reverse,781
253,San Luis Range (extended) [2],95,reverse,625
253,San Luis Range (extended) [2],96,reverse,726
253,San Luis Range (extended) [2],97,reverse,516
253,San Luis Range (extended) [2],98,reverse,730
253,San Luis Range (extended) [2],99,reverse,552
253,San Luis Range (extended) [2],100,reverse,629
253,San Luis Range (extended) [2],101,reverse,523
253,San Luis Range (extended) [2],102,reverse,661
253,San Luis Range (extended) [2],103,reverse,528
253,San Luis Range (extended) [2],104,reverse,686
253,San Luis Range (extended) [2],105,reverse,493
253,San Luis Range (extended) [2],106,reverse,602
253,San Luis Range (extended) [2],107,reverse,459
253,San Luis Range (extended) [2],108,reverse,589
253,San Luis Range (extended) [2],109,reverse,428
253,San Luis Range (extended) [2],110,reverse oblique,580
253,San Luis Range (extended) [2],111,reverse oblique,498
253,San Luis Range (extended) [2],112,reverse oblique,528
253,San Luis Range (extended) [2],113,reverse oblique,446
253,San Luis Range (extended) [2],114,reverse oblique,531
253,San Luis Range (extended) [2],115,reverse oblique,403
253,San Luis Range (extended) [2],116,reverse oblique,553
253,San Luis Range (extended) [2],117,reverse oblique,289
253,San Luis Range (extended) [2],118,reverse oblique,587
253,San Luis Range (extended) [2],119,reverse oblique,367
253,San Luis Range (extended) [2],120,reverse oblique,508
253,San Luis Range (extended) [2],121,reverse oblique,405
253,San Luis Range (extended) [2],122,reverse oblique,527
253,San Luis Range (extended) [2],123,reverse oblique,388
253,San Luis Range (extended) [2],124,reverse oblique,460
253,San Luis Range (extended) [2],125,reverse oblique,412
253,San Luis Range (extended) [2],126,reverse oblique,496
253,San Luis Range (extended) [2],127,reverse oblique,362
253,San Luis Range (extended) [2],128,reverse oblique,493
253,San Luis Range (extended) [2],129,reverse oblique,354
253,San Luis Range (extended) [2],130,reverse oblique,539
253,San Luis Range (extended) [2],131,reverse oblique,365
253,San Luis Range (extended) [2],132,reverse oblique,446
253,San Luis Range (extended) [2],133,reverse oblique,355
253,San Luis Range (extended) [2],134,reverse oblique,429
253,San Luis Range (extended) [2],135,reverse oblique,305
253,San Luis Range (extended) [2],136,reverse oblique,406
253,San Luis Range (extended) [2],137,reverse oblique,423
253,San Luis Range (extended) [2],138,reverse oblique,425
253,San Luis Range (extended) [2],139,reverse oblique,392
253,San Luis Range (extended) [2],140,reverse oblique,477
253,San Luis Range (extended) [2],141,reverse oblique,340
253,San Luis Range (extended) [2],142,reverse oblique,453
253,San Luis Range (extended) [2],143,reverse oblique,383
253,San Luis Range (extended) [2],144,reverse oblique,502
253,San Luis Range (extended) [2],145,reverse oblique,430
253,San Luis Range (extended) [2],146,reverse oblique,500
253,San Luis Range (extended) [2],147,reverse oblique,380
253,San Luis Range (extended) [2],148,reverse oblique,539
253,San Luis Range (extended) [2],149,reverse oblique,397
253,San Luis Range (extended) [2],150,reverse oblique,550
253,San Luis Range (extended) [2],151,reverse oblique,492
253,San Luis Range (extended) [2],152,reverse oblique,604
253,San Luis Range (extended) [2],153,reverse oblique,519
253,San Luis Range (extended) [2],154,reverse oblique,687
253,San Luis Range (extended) [2],155,reverse oblique,533
253,San Luis Range (extended) [2],156,reverse oblique,670
253,San Luis Range (extended) [2],157,reverse oblique,532
253,San Luis Range (extended) [2],158,reverse oblique,616
253,San Luis Range (extended) [2],159,reverse oblique,515
253,San Luis Range (extended) [2],160,strike-slip,729
253,San Luis Range (extended) [2],161,strike-slip,592
253,San Luis Range (extended) [2],162,strike-slip,773
253,San Luis Range (extended) [2],163,strike-slip,596
253,San Luis Range (extended) [2],164,strike-slip,788
253,San Luis Range (extended) [2],165,strike-slip,626
253,San Luis Range (extended) [2],166,strike-slip,804
253,San Luis Range (extended) [2],167,strike-slip,613
253,San Luis Range (extended) [2],168,strike-slip,736
253,San Luis Range (extended) [2],169,strike-slip,545
253,San Luis Range (extended) [2],170,strike-slip,629
253,San Luis Range (extended) [2],171,strike-slip,536
253,San Luis Range (extended) [2],172,strike-slip,560
253,San Luis Range (extended) [2],173,strike-slip,407
253,San Luis Range (extended) [2],174,strike-slip,423
253,San Luis Range (extended) [2],175,strike-slip,288
253,San Luis Range (extended) [2],176,strike-slip,250
253,San Luis Range (extended) [2],177,strike-slip,113
253,San Luis Range (extended) [2],178,strike-slip,42
255,San Pedro Basin,42,reverse oblique,2
255,San Pedro Basin,43,reverse oblique,6
255,San Pedro Basin,44,reverse oblique,14
255,San Pedro Basin,45,reverse oblique,8
255,San Pedro Basin,46,reverse oblique,15
255,San Pedro Basin,47,reverse oblique,12
255,San Pedro Basin,48,reverse oblique,9
255,San Pedro Basin,49,reverse oblique,20
255,San Pedro Basin,50,reverse oblique,16
255,San Pedro Basin,51,reverse oblique,21
255,San Pedro Basin,52,reverse oblique,18
255,San Pedro Basin,53,reverse oblique,19
255,San Pedro Basin,54,reverse oblique,19
255,San Pedro Basin,55,reverse oblique,21
255,San Pedro Basin,56,reverse oblique,33
255,San Pedro Basin,57,reverse oblique,24
255,San Pedro Basin,58,reverse oblique,26
255,San Pedro Basin,59,reverse oblique,22
255,San Pedro Basin,60,reverse oblique,29
255,San Pedro Basin,61,reverse oblique,31
255,San Pedro Basin,62,reverse oblique,10
255,San Pedro Basin,63,reverse oblique,26
255,San Pedro Basin,64,reverse oblique,20
255,San Pedro Basin,65,reverse oblique,9
255,San Pedro Basin,66,reverse oblique,29
255,San Pedro Basin,67,reverse oblique,8
255,San Pedro Basin,68,reverse oblique,19
255,San Pedro Basin,69,reverse oblique,17
255,San Pedro Basin,70,reverse,13
255,San Pedro Basin,71,reverse,32
255,San Pedro Basin,72,reverse,12
255,San Pedro Basin,73,reverse,2
255,San Pedro Basin,74,reverse,26
255,San Pedro Basin,75,reverse,23
255,San Pedro Basin,76,reverse,6
255,San Pedro Basin,77,reverse,2
255,San Pedro Basin,78,reverse,35
255,San Pedro Basin,79,reverse,5
255,San Pedro Basin,80,reverse,10
255,San Pedro Basin,82,reverse,25
255,San Pedro Basin,83,reverse,11
255,San Pedro Basin,84,reverse,2
255,San Pedro Basin,85,reverse,4
255,San Pedro Basin,86,reverse,27
255,San Pedro Basin,87,reverse,3
255,San Pedro Basin,88,reverse,8
255,San Pedro Basin,89,reverse,8
255,San Pedro Basin,90,reverse,10
255,San Pedro Basin,92,reverse,12
255,San Pedro Basin,93,reverse,20
255,San Pedro Basin,94,reverse,9
255,San Pedro Basin,95,reverse,8
255,San Pedro Basin,96,reverse,32
255,San Pedro Basin,97,reverse,2
255,San Pedro Basin,98,reverse,30
255,San Pedro Basin,100,reverse,10
255,San Pedro Basin,101,reverse,8
255,San Pedro Basin,102,reverse,11
255,San Pedro Basin,103,reverse,8
255,San Pedro Basin,104,reverse,24
255,San Pedro Basin,105,reverse,5
255,San Pedro Basin,107,reverse,2
255,San Pedro Basin,108,reverse,11
255,San Pedro Basin,110,reverse oblique,9
255,San Pedro Basin,113,reverse oblique,4
255,San Pedro Basin,114,reverse oblique,18
255,San Pedro Basin,116,reverse oblique,2
255,San Pedro Basin,117,reverse oblique,8
255,San Pedro Basin,119,reverse oblique,5
255,San Pedro Basin,120,reverse oblique,15
255,San Pedro Basin,121,reverse oblique,7
255,San Pedro Basin,122,reverse oblique,4
255,San Pedro Basin,125,reverse oblique,14
255,San Pedro Basin,127,reverse oblique,2
255,San Pedro Basin,128,reverse oblique,14
255,San Pedro Basin,130,reverse oblique,8
255,San Pedro Basin,132,reverse oblique,13
255,San Pedro Basin,134,reverse oblique,11
255,San Pedro Basin,135,reverse oblique,9
255,San Pedro Basin,136,reverse oblique,14
255,San Pedro Basin,137,reverse oblique,2
255,San Pedro Basin,138,reverse oblique,21
255,San Pedro Basin,139,reverse oblique,4
255,San Pedro Basin,140,reverse oblique,2
255,San Pedro Basin,141,reverse oblique,15
255,San Pedro Basin,142,reverse oblique,20
255,San Pedro Basin,143,reverse oblique,2
255,San Pedro Basin,144,reverse oblique,4
255,San Pedro Basin,145,reverse oblique,8
255,San Pedro Basin,146,reverse oblique,22
255,San Pedro Basin,147,reverse oblique,7
255,San Pedro Basin,148,reverse oblique,6
255,San Pedro Basin,150,reverse oblique,8
255,San Pedro Basin,151,reverse oblique,7
255,San Pedro Basin,152,reverse oblique,13
255,San Pedro Basin,154,reverse oblique,4
255,San Pedro Basin,155,reverse oblique,22
255,San Pedro Basin,157,reverse oblique,7
255,San Pedro Basin,158,reverse oblique,2
255,San Pedro Basin,159,reverse oblique,4
255,San Pedro Basin,160,strike-slip,5
255,San Pedro Basin,161,strike-slip,4
255,San Pedro Basin,162,strike-slip,13
255,San Pedro Basin,163,strike-slip,6
255,San Pedro Basin,164,strike-slip,19
255,San Pedro Basin,165,strike-slip,6
255,San Pedro Basin,166,strike-slip,12
255,San Pedro Basin,167,strike-slip,11
255,San Pedro Basin,168,strike-slip,17
255,San Pedro Basin,169,strike-slip,30
255,San Pedro Basin,170,strike-slip,47
255,San Pedro Basin,171,strike-slip,36
255,San Pedro Basin,172,strike-slip,61
255,San Pedro Basin,173,strike-slip,54
255,San Pedro Basin,174,strike-slip,42
255,San Pedro Basin,180,strike-slip,352
256,San Pedro Escarpment,63,reverse oblique,2
256,San Pedro Escarpment,64,reverse oblique,2
256,San Pedro Escarpment,66,reverse oblique,2
256,San Pedro Escarpment,67,reverse oblique,2
256,San Pedro Escarpment,69,reverse oblique,2
256,San Pedro Escarpment,70,reverse,2
256,San Pedro Escarpment,71,reverse,6
256,San Pedro Escarpment,72,reverse,6
256,San Pedro Escarpment,73,reverse,10
256,San Pedro Escarpment,74,reverse,6
256,San Pedro Escarpment,75,reverse,6
256,San Pedro Escarpment,76,reverse,2
256,San Pedro Escarpment,77,reverse,4
256,San Pedro Escarpment,78,reverse,6
256,San Pedro Escarpment,79,reverse,6
256,San Pedro Escarpment,80,reverse,2
256,San Pedro Escarpment,81,reverse,8
256,San Pedro Escarpment,82,reverse,4
256,San Pedro Escarpment,83,reverse,4
256,San Pedro Escarpment,85,reverse,2
256,San Pedro Escarpment,86,reverse,6
256,San Pedro Escarpment,89,reverse,2
256,San Pedro Escarpment,90,reverse,14
256,San Pedro Escarpment,91,reverse,2
256,San Pedro Escarpment,93,reverse,10
256,San Pedro Escarpment,94,reverse,2
256,San Pedro Escarpment,95,reverse,2
256,San Pedro Escarpment,96,reverse,6
256,San Pedro Escarpment,97,reverse,2
256,San Pedro Escarpment,98,reverse,4
256,San Pedro Escarpment,99,reverse,2
256,San Pedro Escarpment,100,reverse,2
256,San Pedro Escarpment,101,reverse,4
256,San Pedro Escarpment,103,reverse,2
256,San Pedro Escarpment,104,reverse,4
256,San Pedro Escarpment,105,reverse,2
256,San Pedro Escarpment,107,reverse,2
256,San Pedro Escarpment,108,reverse,8
256,San Pedro Escarpment,109,reverse,2
256,San Pedro Escarpment,110,reverse oblique,6
256,San Pedro Escarpment,111,reverse oblique,4
256,San Pedro Escarpment,112,reverse oblique,6
256,San Pedro Escarpment,113,reverse oblique,4
256,San Pedro Escarpment,114,reverse oblique,2
256,San Pedro Escarpment,115,reverse oblique,6
256,San Pedro Escarpment,116,reverse oblique,6
256,San Pedro Escarpment,118,reverse oblique,6
256,San Pedro Escarpment,120,reverse oblique,8
256,San Pedro Escarpment,121,reverse oblique,2
256,San Pedro Escarpment,122,reverse oblique,8
256,San Pedro Escarpment,123,reverse oblique,2
256,San Pedro Escarpment,124,reverse oblique,2
256,San Pedro Escarpment,125,reverse oblique,6
256,San Pedro Escarpment,126,reverse oblique,4
256,San Pedro Escarpment,127,reverse oblique,4
256,San Pedro Escarpment,129,reverse oblique,6
256,San Pedro Escarpment,130,reverse oblique,4
256,San Pedro Escarpment,131,reverse oblique,6
256,San Pedro Escarpment,132,reverse oblique,4
256,San Pedro Escarpment,133,reverse oblique,6
256,San Pedro Escarpment,134,reverse oblique,4
256,San Pedro Escarpment,135,reverse oblique,6
256,San Pedro Escarpment,136,reverse oblique,12
256,San Pedro Escarpment,137,reverse oblique,8
256,San Pedro Escarpment,138,reverse oblique,10
256,San Pedro Escarpment,139,reverse oblique,8
256,San Pedro Escarpment,140,reverse oblique,8
256,San Pedro Escarpment,141,reverse oblique,8
256,San Pedro Escarpment,142,reverse oblique,12
256,San Pedro Escarpment,143,reverse oblique,10
256,San Pedro Escarpment,144,reverse oblique,14
256,San Pedro Escarpment,145,reverse oblique,12
256,San Pedro Escarpment,146,reverse oblique,14
256,San Pedro Escarpment,147,reverse oblique,12
256,San Pedro Escarpment,148,reverse oblique,16
256,San Pedro Escarpment,149,reverse oblique,6
256,San Pedro Escarpment,150,reverse oblique,6
256,San Pedro Escarpment,151,reverse oblique,4
256,San Pedro Escarpment,152,reverse oblique,6
256,San Pedro Escarpment,153,reverse oblique,6
256,San Pedro Escarpment,154,reverse oblique,6
257,San Vicente,34,reverse oblique,2
257,San Vicente,35,reverse oblique,4
257,San Vicente,36,reverse oblique,4
257,San Vicente,37,reverse oblique,12
257,San Vicente,38,reverse oblique,14
257,San Vicente,39,reverse oblique,14
257,San Vicente,40,reverse oblique,20
257,San Vicente,41,reverse oblique,32
257,San Vicente,42,reverse oblique,24
257,San Vicente,43,reverse oblique,44
257,San Vicente,44,reverse oblique,58
257,San Vicente,45,reverse oblique,58
257,San Vicente,46,reverse oblique,94
257,San Vicente,47,reverse oblique,124
257,San Vicente,48,reverse oblique,144
257,San Vicente,49,reverse oblique,130
257,San Vicente,50,reverse oblique,152
257,San Vicente,51,reverse oblique,120
257,San Vicente,52,reverse oblique,178
257,San Vicente,53,reverse oblique,130
257,San Vicente,54,reverse oblique,176
257,San Vicente,55,reverse oblique,140
257,San Vicente,56,reverse oblique,198
257,San Vicente,57,reverse oblique,192
257,San Vicente,58,reverse oblique,238
257,San Vicente,59,reverse oblique,190
257,San Vicente,60,reverse oblique,230
257,San Vicente,61,reverse oblique,174
257,San Vicente,62,reverse oblique,242
257,San Vicente,63,reverse oblique,216
257,San Vicente,64,reverse oblique,282
257,San Vicente,65,reverse oblique,238
257,San Vicente,66,reverse oblique,314
257,San Vicente,67,reverse oblique,238
257,San Vicente,68,reverse oblique,280
257,San Vicente,69,reverse oblique,218
257,San Vicente,70,reverse,282
257,San Vicente,71,reverse,224
257,San Vicente,72,reverse,274
257,San Vicente,73,reverse,206
257,San Vicente,74,reverse,208
257,San Vicente,75,reverse,172
257,San Vicente,76,reverse,192
257,San Vicente,77,reverse,118
257,San Vicente,78,reverse,172
257,San Vicente,79,reverse,132
257,San Vicente,80,reverse,134
257,San Vicente,81,reverse,114
257,San Vicente,82,reverse,112
257,San Vicente,83,reverse,98
257,San Vicente,84,reverse,76
257,San Vicente,85,reverse,60
257,San Vicente,86,reverse,94
257,San Vicente,87,reverse,58
257,San Vicente,88,reverse,50
257,San Vicente,89,reverse,76
257,San Vicente,90,reverse,102
257,San Vicente,91,reverse,62
257,San Vicente,92,reverse,56
257,San Vicente,93,reverse,34
257,San Vicente,94,reverse,56
257,San Vicente,95,reverse,44
257,San Vicente,96,reverse,48
257,San Vicente,97,reverse,42
257,San Vicente,98,reverse,48
257,San Vicente,99,reverse,38
257,San Vicente,100,reverse,50
257,San Vicente,101,reverse,36
257,San Vicente,102,reverse,50
257,San Vicente,103,reverse,18
257,San Vicente,104,reverse,42
257,San Vicente,105,reverse,38
257,San Vicente,106,reverse,44
257,San Vicente,107,reverse,26
257,San Vicente,108,reverse,34
257,San Vicente,109,reverse,32
257,San Vicente,110,reverse oblique,28
257,San Vicente,111,reverse oblique,32
257,San Vicente,112,reverse oblique,38
257,San Vicente,113,reverse oblique,22
257,San Vicente,114,reverse oblique,26
257,San Vicente,115,reverse oblique,22
257,San Vicente,116,reverse oblique,22
257,San Vicente,117,reverse oblique,32
257,San Vicente,118,reverse oblique,24
257,San Vicente,119,reverse oblique,22
257,San Vicente,120,reverse oblique,36
257,San Vicente,121,reverse oblique,28
257,San Vicente,122,reverse oblique,32
257,San Vicente,123,reverse oblique,26
257,San Vicente,124,reverse oblique,34
257,San Vicente,125,reverse oblique,22
257,San Vicente,126,reverse oblique,34
257,San Vicente,127,reverse oblique,24
257,San Vicente,128,reverse oblique,30
257,San Vicente,129,reverse oblique,20
257,San Vicente,130,reverse oblique,24
257,San Vicente,131,reverse oblique,32
257,San Vicente,132,reverse oblique,28
257,San Vicente,133,reverse oblique,20
257,San Vicente,134,reverse oblique,32
257,San Vicente,135,reverse oblique,32
257,San Vicente,136,reverse oblique,28
257,San Vicente,137,reverse oblique,22
257,San Vicente,138,reverse oblique,28
257,San Vicente,139,reverse oblique,36
257,San Vicente,140,reverse oblique,28
257,San Vicente,141,reverse oblique,32
257,San Vicente,142,reverse oblique,30
257,San Vicente,143,reverse oblique,26
257,San Vicente,144,reverse oblique,36
257,San Vicente,145,reverse oblique,26
257,San Vicente,146,reverse oblique,36
257,San Vicente,147,reverse oblique,34
257,San Vicente,148,reverse oblique,34
257,San Vicente,149,reverse oblique,28
257,San Vicente,150,reverse oblique,32
257,San Vicente,151,reverse oblique,32
257,San Vicente,152,reverse oblique,34
257,San Vicente,153,reverse oblique,22
257,San Vicente,154,reverse oblique,20
257,San Vicente,155,reverse oblique,22
257,San Vicente,156,reverse oblique,18
257,San Vicente,157,reverse oblique,18
257,San Vicente,158,reverse oblique,8
257,San Vicente,159,reverse oblique,6
257,San Vicente,160,strike-slip,4
257,San Vicente,161,strike-slip,8
257,San Vicente,162,strike-slip,12
257,San Vicente,163,strike-slip,10
257,San Vicente,164,strike-slip,18
257,San Vicente,165,strike-slip,10
257,San Vicente,166,strike-slip,8
259,Santa Cruz - Catalina Ridge [2],36,reverse oblique,4
259,Santa Cruz - Catalina Ridge [2],37,reverse oblique,6
259,Santa Cruz - Catalina Ridge [2],38,reverse oblique,6
259,Santa Cruz - Catalina Ridge [2],39,reverse oblique,4
259,Santa Cruz - Catalina Ridge [2],40,reverse oblique,15
259,Santa Cruz - Catalina Ridge [2],41,reverse oblique,6
259,Santa Cruz - Catalina Ridge [2],42,reverse oblique,11
259,Santa Cruz - Catalina Ridge [2],43,reverse oblique,11
259,Santa Cruz - Catalina Ridge [2],44,reverse oblique,16
259,Santa Cruz - Catalina Ridge [2],45,reverse oblique,11
259,Santa Cruz - Catalina Ridge [2],46,reverse oblique,12
259,Santa Cruz - Catalina Ridge [2],47,reverse oblique,16
259,Santa Cruz - Catalina Ridge [2],48,reverse oblique,16
259,Santa Cruz - Catalina Ridge [2],49,reverse oblique,20
259,Santa Cruz - Catalina Ridge [2],50,reverse oblique,15
259,Santa Cruz - Catalina Ridge [2],51,reverse oblique,20
259,Santa Cruz - Catalina Ridge [2],52,reverse oblique,17
259,Santa Cruz - Catalina Ridge [2],53,reverse oblique,25
259,Santa Cruz - Catalina Ridge [2],54,reverse oblique,26
259,Santa Cruz - Catalina Ridge [2],55,reverse oblique,23
259,Santa Cruz - Catalina Ridge [2],56,reverse oblique,31
259,Santa Cruz - Catalina Ridge [2],57,reverse oblique,20
259,Santa Cruz - Catalina Ridge [2],58,reverse oblique,32
259,Santa Cruz - Catalina Ridge [2],59,reverse oblique,39
259,Santa Cruz - Catalina Ridge [2],60,reverse oblique,37
259,Santa Cruz - Catalina Ridge [2],61,reverse oblique,44
259,Santa Cruz - Catalina Ridge [2],62,reverse oblique,50
259,Santa Cruz - Catalina Ridge [2],63,reverse oblique,54
259,Santa Cruz - Catalina Ridge [2],64,reverse oblique,43
259,Santa Cruz - Catalina Ridge [2],65,reverse oblique,67
259,Santa Cruz - Catalina Ridge [2],66,reverse oblique,75
259,Santa Cruz - Catalina Ridge [2],67,reverse oblique,48
259,Santa Cruz - Catalina Ridge [2],68,reverse oblique,80
259,Santa Cruz - Catalina Ridge [2],69,reverse oblique,71
259,Santa Cruz - Catalina Ridge [2],70,reverse,76
259,Santa Cruz - Catalina Ridge [2],71,reverse,108
259,Santa Cruz - Catalina Ridge [2],72,reverse,112
259,Santa Cruz - Catalina Ridge [2],73,reverse,95
259,Santa Cruz - Catalina Ridge [2],74,reverse,135
259,Santa Cruz - Catalina Ridge [2],75,reverse,95
259,Santa Cruz - Catalina Ridge [2],76,reverse,171
259,Santa Cruz - Catalina Ridge [2],77,reverse,130
259,Santa Cruz - Catalina Ridge [2],78,reverse,139
259,Santa Cruz - Catalina Ridge [2],79,reverse,156
259,Santa Cruz - Catalina Ridge [2],80,reverse,175
259,Santa Cruz - Catalina Ridge [2],81,reverse,143
259,Santa Cruz - Catalina Ridge [2],82,reverse,224
259,Santa Cruz - Catalina Ridge [2],83,reverse,129
259,Santa Cruz - Catalina Ridge [2],84,reverse,272
259,Santa Cruz - Catalina Ridge [2],85,reverse,172
259,Santa Cruz - Catalina Ridge [2],86,reverse,244
259,Santa Cruz - Catalina Ridge [2],87,reverse,204
259,Santa Cruz - Catalina Ridge [2],88,reverse,279
259,Santa Cruz - Catalina Ridge [2],89,reverse,149
259,Santa Cruz - Catalina Ridge [2],90,reverse,223
259,Santa Cruz - Catalina Ridge [2],91,reverse,244
259,Santa Cruz - Catalina Ridge [2],92,reverse,216
259,Santa Cruz - Catalina Ridge [2],93,reverse,257
259,Santa Cruz - Catalina Ridge [2],94,reverse,320
259,Santa Cruz - Catalina Ridge [2],95,reverse,220
259,Santa Cruz - Catalina Ridge [2],96,reverse,385
259,Santa Cruz - Catalina Ridge [2],97,reverse,140
259,Santa Cruz - Catalina Ridge [2],98,reverse,361
259,Santa Cruz - Catalina Ridge [2],99,reverse,318
259,Santa Cruz - Catalina Ridge [2],100,reverse,359
259,Santa Cruz - Catalina Ridge [2],101,reverse,195
259,Santa Cruz - Catalina Ridge [2],102,reverse,447
259,Santa Cruz - Catalina Ridge [2],103,reverse,498
259,Santa Cruz - Catalina Ridge [2],104,reverse,513
259,Santa Cruz - Catalina Ridge [2],105,reverse,415
259,Santa Cruz - Catalina Ridge [2],106,reverse,683
259,Santa Cruz - Catalina Ridge [2],107,reverse,580
259,Santa Cruz - Catalina Ridge [2],108,reverse,764
259,Santa Cruz - Catalina Ridge [2],109,reverse,530
259,Santa Cruz - Catalina Ridge [2],110,reverse oblique,599
259,Santa Cruz - Catalina Ridge [2],111,reverse oblique,426
259,Santa Cruz - Catalina Ridge [2],112,reverse oblique,651
259,Santa Cruz - Catalina Ridge [2],113,reverse oblique,342
259,Santa Cruz - Catalina Ridge [2],114,reverse oblique,623
259,Santa Cruz - Catalina Ridge [2],115,reverse oblique,352
259,Santa Cruz - Catalina Ridge [2],116,reverse oblique,358
259,Santa Cruz - Catalina Ridge [2],117,reverse oblique,324
259,Santa Cruz - Catalina Ridge [2],118,reverse oblique,310
259,Santa Cruz - Catalina Ridge [2],119,reverse oblique,257
259,Santa Cruz - Catalina Ridge [2],120,reverse oblique,259
259,Santa Cruz - Catalina Ridge [2],121,reverse oblique,148
259,Santa Cruz - Catalina Ridge [2],122,reverse oblique,223
259,Santa Cruz - Catalina Ridge [2],123,reverse oblique,91
259,Santa Cruz - Catalina Ridge [2],124,reverse oblique,164
259,Santa Cruz - Catalina Ridge [2],125,reverse oblique,181
259,Santa Cruz - Catalina Ridge [2],126,reverse oblique,85
259,Santa Cruz - Catalina Ridge [2],127,reverse oblique,39
259,Santa Cruz - Catalina Ridge [2],128,reverse oblique,90
259,Santa Cruz - Catalina Ridge [2],129,reverse oblique,25
259,Santa Cruz - Catalina Ridge [2],135,reverse oblique,2900
260,Santa Cruz Island,30,reverse oblique,977
260,Santa Cruz Island,33,reverse oblique,40
260,Santa Cruz Island,34,reverse oblique,803
260,Santa Cruz Island,35,reverse oblique,509
260,Santa Cruz Island,36,reverse oblique,396
260,Santa Cruz Island,37,reverse oblique,287
260,Santa Cruz Island,38,reverse oblique,308
260,Santa Cruz Island,39,reverse oblique,242
260,Santa Cruz Island,40,reverse oblique,358
260,Santa Cruz Island,41,reverse oblique,371
260,Santa Cruz Island,42,reverse oblique,605
260,Santa Cruz Island,43,reverse oblique,663
260,Santa Cruz Island,44,reverse oblique,954
260,Santa Cruz Island,45,reverse oblique,744
260,Santa Cruz Island,46,reverse oblique,1374
260,Santa Cruz Island,47,reverse oblique,1215
260,Santa Cruz Island,48,reverse oblique,1260
260,Santa Cruz Island,49,reverse oblique,944
260,Santa Cruz Island,50,reverse oblique,1045
260,Santa Cruz Island,51,reverse oblique,1007
260,Santa Cruz Island,52,reverse oblique,1234
260,Santa Cruz Island,53,reverse oblique,979
260,Santa Cruz Island,54,reverse oblique,1168
260,Santa Cruz Island,55,reverse oblique,933
260,Santa Cruz Island,56,reverse oblique,1080
260,Santa Cruz Island,57,reverse oblique,982
260,Santa Cruz Island,58,reverse oblique,1254
260,Santa Cruz Island,59,reverse oblique,977
260,Santa Cruz Island,60,reverse oblique,1087
260,Santa Cruz Island,61,reverse oblique,986
260,Santa Cruz Island,62,reverse oblique,972
260,Santa Cruz Island,63,reverse oblique,704
260,Santa Cruz Island,64,reverse oblique,769
260,Santa Cruz Island,65,reverse oblique,643
260,Santa Cruz Island,66,reverse oblique,608
260,Santa Cruz Island,67,reverse oblique,450
260,Santa Cruz Island,68,reverse oblique,487
260,Santa Cruz Island,69,reverse oblique,352
260,Santa Cruz Island,70,reverse,315
260,Santa Cruz Island,71,reverse,304
260,Santa Cruz Island,72,reverse,254
260,Santa Cruz Island,73,reverse,177
260,Santa Cruz Island,74,reverse,219
260,Santa Cruz Island,75,reverse,155
260,Santa Cruz Island,76,reverse,184
260,Santa Cruz Island,77,reverse,127
260,Santa Cruz Island,78,reverse,161
260,Santa Cruz Island,79,reverse,129
260,Santa Cruz Island,80,reverse,137
260,Santa Cruz Island,81,reverse,121
260,Santa Cruz Island,82,reverse,165
260,Santa Cruz Island,83,reverse,97
260,Santa Cruz Island,84,reverse,159
260,Santa Cruz Island,85,reverse,108
260,Santa Cruz Island,86,reverse,146
260,Santa Cruz Island,87,reverse,107
260,Santa Cruz Island,88,reverse,136
260,Santa Cruz Island,89,reverse,82
260,Santa Cruz Island,90,reverse,119
260,Santa Cruz Island,91,reverse,100
260,Santa Cruz Island,92,reverse,112
260,Santa Cruz Island,93,reverse,111
260,Santa Cruz Island,94,reverse,118
260,Santa Cruz Island,95,reverse,91
260,Santa Cruz Island,96,reverse,141
260,Santa Cruz Island,97,reverse,46
260,Santa Cruz Island,98,reverse,135
260,Santa Cruz Island,99,reverse,92
260,Santa Cruz Island,100,reverse,127
260,Santa Cruz Island,101,reverse,56
260,Santa Cruz Island,102,reverse,110
260,Santa Cruz Island,103,reverse,136
260,Santa Cruz Island,104,reverse,115
260,Santa Cruz Island,105,reverse,100
260,Santa Cruz Island,106,reverse,136
260,Santa Cruz Island,107,reverse,116
260,Santa Cruz Island,108,reverse,149
260,Santa Cruz Island,109,reverse,83
260,Santa Cruz Island,110,reverse oblique,96
260,Santa Cruz Island,111,reverse oblique,58
260,Santa Cruz Island,112,reverse oblique,71
260,Santa Cruz Island,113,reverse oblique,38
260,Santa Cruz Island,114,reverse oblique,61
260,Santa Cruz Island,115,reverse oblique,41
260,Santa Cruz Island,116,reverse oblique,30
260,Santa Cruz Island,117,reverse oblique,27
260,Santa Cruz Island,118,reverse oblique,27
260,Santa Cruz Island,119,reverse oblique,15
260,Santa Cruz Island,120,reverse oblique,17
260,Santa Cruz Island,121,reverse oblique,7
260,Santa Cruz Island,122,reverse oblique,16
260,Santa Cruz Island,123,reverse oblique,5
260,Santa Cruz Island,124,reverse oblique,8
260,Santa Cruz Island,125,reverse oblique,8
260,Santa Cruz Island,126,reverse oblique,7
260,Santa Cruz Island,127,reverse oblique,4
260,Santa Cruz Island,128,reverse oblique,8
260,Santa Cruz Island,129,reverse oblique,2
261,Santa Monica Bay,54,reverse oblique,4
261,Santa Monica Bay,55,reverse oblique,6
261,Santa Monica Bay,56,reverse oblique,6
261,Santa Monica Bay,57,reverse oblique,4
261,Santa Monica Bay,58,reverse oblique,10
261,Santa Monica Bay,59,reverse oblique,6
261,Santa Monica Bay,60,reverse oblique,16
261,Santa Monica Bay,61,reverse oblique,18
261,Santa Monica Bay,62,reverse oblique,14
261,Santa Monica Bay,63,reverse oblique,12
261,Santa Monica Bay,64,reverse oblique,18
261,Santa Monica Bay,65,reverse oblique,18
261,Santa Monica Bay,66,reverse oblique,24
261,Santa Monica Bay,67,reverse oblique,30
261,Santa Monica Bay,68,reverse oblique,32
261,Santa Monica Bay,69,reverse oblique,28
261,Santa Monica Bay,70,reverse,36
261,Santa Monica Bay,71,reverse,26
261,Santa Monica Bay,72,reverse,30
261,Santa Monica Bay,73,reverse,26
261,Santa Monica Bay,74,reverse,22
261,Santa Monica Bay,75,reverse,20
261,Santa Monica Bay,76,reverse,34
261,Santa Monica Bay,77,reverse,24
261,Santa Monica Bay,78,reverse,48
261,Santa Monica Bay,79,reverse,40
261,Santa Monica Bay,80,reverse,46
261,Santa Monica Bay,81,reverse,40
261,Santa Monica Bay,82,reverse,38
261,Santa Monica Bay,83,reverse,30
261,Santa Monica Bay,84,reverse,24
261,Santa Monica Bay,85,reverse,22
261,Santa Monica Bay,86,reverse,30
261,Santa Monica Bay,87,reverse,14
261,Santa Monica Bay,88,reverse,12
261,Santa Monica Bay,89,reverse,10
261,Santa Monica Bay,90,reverse,20
261,Santa Monica Bay,91,reverse,6
261,Santa Monica Bay,92,reverse,20
261,Santa Monica Bay,93,reverse,8
261,Santa Monica Bay,94,reverse,14
261,Santa Monica Bay,95,reverse,10
261,Santa Monica Bay,96,reverse,12
261,Santa Monica Bay,97,reverse,8
261,Santa Monica Bay,98,reverse,12
261,Santa Monica Bay,99,reverse,8
261,Santa Monica Bay,100,reverse,16
261,Santa Monica Bay,101,reverse,8
261,Santa Monica Bay,102,reverse,6
261,Santa Monica Bay,103,reverse,14
261,Santa Monica Bay,104,reverse,2
261,Santa Monica Bay,105,reverse,4
261,Santa Monica Bay,106,reverse,12
261,Santa Monica Bay,108,reverse,2
261,Santa Monica Bay,109,reverse,2
261,Santa Monica Bay,110,reverse oblique,10
261,Santa Monica Bay,113,reverse oblique,8
261,Santa Monica Bay,114,reverse oblique,2
261,Santa Monica Bay,115,reverse oblique,2
261,Santa Monica Bay,116,reverse oblique,2
261,Santa Monica Bay,117,reverse oblique,4
261,Santa Monica Bay,119,reverse oblique,2
261,Santa Monica Bay,120,reverse oblique,6
261,Santa Monica Bay,122,reverse oblique,2
261,Santa Monica Bay,124,reverse oblique,2
261,Santa Monica Bay,125,reverse oblique,4
261,Santa Monica Bay,127,reverse oblique,4
261,Santa Monica Bay,129,reverse oblique,2
261,Santa Monica Bay,130,reverse oblique,4
261,Santa Monica Bay,131,reverse oblique,2
261,Santa Monica Bay,132,reverse oblique,4
261,Santa Monica Bay,133,reverse oblique,6
261,Santa Monica Bay,134,reverse oblique,4
261,Santa Monica Bay,135,reverse oblique,8
261,Santa Monica Bay,136,reverse oblique,4
261,Santa Monica Bay,137,reverse oblique,4
261,Santa Monica Bay,138,reverse oblique,4
261,Santa Monica Bay,139,reverse oblique,6
261,Santa Monica Bay,140,reverse oblique,6
261,Santa Monica Bay,141,reverse oblique,6
261,Santa Monica Bay,142,reverse oblique,8
261,Santa Monica Bay,143,reverse oblique,2
261,Santa Monica Bay,144,reverse oblique,8
261,Santa Monica Bay,145,reverse oblique,6
261,Santa Monica Bay,146,reverse oblique,4
261,Santa Monica Bay,147,reverse oblique,8
261,Santa Monica Bay,148,reverse oblique,6
261,Santa Monica Bay,149,reverse oblique,8
261,Santa Monica Bay,150,reverse oblique,8
261,Santa Monica Bay,151,reverse oblique,6
261,Santa Monica Bay,152,reverse oblique,6
261,Santa Monica Bay,153,reverse oblique,8
261,Santa Monica Bay,154,reverse oblique,10
261,Santa Monica Bay,155,reverse oblique,8
261,Santa Monica Bay,156,reverse oblique,14
261,Santa Monica Bay,157,reverse oblique,10
261,Santa Monica Bay,158,reverse oblique,12
261,Santa Monica Bay,159,reverse oblique,4
261,Santa Monica Bay,160,strike-slip,8
261,Santa Monica Bay,161,strike-slip,6
261,Santa Monica Bay,162,strike-slip,8
261,Santa Monica Bay,163,strike-slip,8
261,Santa Monica Bay,164,strike-slip,12
261,Santa Monica Bay,165,strike-slip,10
263,Santa Monica [2],30,reverse oblique,129
263,Santa Monica [2],32,reverse oblique,16
263,Santa Monica [2],33,reverse oblique,32
263,Santa Monica [2],34,reverse oblique,192
263,Santa Monica [2],35,reverse oblique,91
263,Santa Monica [2],36,reverse oblique,93
263,Santa Monica [2],37,reverse oblique,104
263,Santa Monica [2],38,reverse oblique,152
263,Santa Monica [2],39,reverse oblique,139
263,Santa Monica [2],40,reverse oblique,222
263,Santa Monica [2],41,reverse oblique,186
263,Santa Monica [2],42,reverse oblique,299
263,Santa Monica [2],43,reverse oblique,258
263,Santa Monica [2],44,reverse oblique,439
263,Santa Monica [2],45,reverse oblique,440
263,Santa Monica [2],46,reverse oblique,647
263,Santa Monica [2],47,reverse oblique,527
263,Santa Monica [2],48,reverse oblique,578
263,Santa Monica [2],49,reverse oblique,445
263,Santa Monica [2],50,reverse oblique,578
263,Santa Monica [2],51,reverse oblique,510
263,Santa Monica [2],52,reverse oblique,750
263,Santa Monica [2],53,reverse oblique,580
263,Santa Monica [2],54,reverse oblique,760
263,Santa Monica [2],55,reverse oblique,547
263,Santa Monica [2],56,reverse oblique,691
263,Santa Monica [2],57,reverse oblique,601
263,Santa Monica [2],58,reverse oblique,757
263,Santa Monica [2],59,reverse oblique,676
263,Santa Monica [2],60,reverse oblique,704
263,Santa Monica [2],61,reverse oblique,569
263,Santa Monica [2],62,reverse oblique,698
263,Santa Monica [2],63,reverse oblique,605
263,Santa Monica [2],64,reverse oblique,607
263,Santa Monica [2],65,reverse oblique,561
263,Santa Monica [2],66,reverse oblique,609
263,Santa Monica [2],67,reverse oblique,444
263,Santa Monica [2],68,reverse oblique,425
263,Santa Monica [2],69,reverse oblique,345
263,Santa Monica [2],70,reverse,450
263,Santa Monica [2],71,reverse,335
263,Santa Monica [2],72,reverse,384
263,Santa Monica [2],73,reverse,268
263,Santa Monica [2],74,reverse,305
263,Santa Monica [2],75,reverse,249
263,Santa Monica [2],76,reverse,302
263,Santa Monica [2],77,reverse,149
263,Santa Monica [2],78,reverse,236
263,Santa Monica [2],79,reverse,180
263,Santa Monica [2],80,reverse,161
263,Santa Monica [2],81,reverse,147
263,Santa Monica [2],82,reverse,158
263,Santa Monica [2],83,reverse,158
263,Santa Monica [2],84,reverse,150
263,Santa Monica [2],85,reverse,91
263,Santa Monica [2],86,reverse,119
263,Santa Monica [2],87,reverse,101
263,Santa Monica [2],88,reverse,94
263,Santa Monica [2],89,reverse,84
263,Santa Monica [2],90,reverse,64
263,Santa Monica [2],91,reverse,99
263,Santa Monica [2],92,reverse,56
263,Santa Monica [2],93,reverse,49
263,Santa Monica [2],94,reverse,94
263,Santa Monica [2],95,reverse,54
263,Santa Monica [2],96,reverse,51
263,Santa Monica [2],97,reverse,45
263,Santa Monica [2],98,reverse,55
263,Santa Monica [2],99,reverse,43
263,Santa Monica [2],100,reverse,44
263,Santa Monica [2],101,reverse,30
263,Santa Monica [2],102,reverse,61
263,Santa Monica [2],103,reverse,27
263,Santa Monica [2],104,reverse,36
263,Santa Monica [2],105,reverse,24
263,Santa Monica [2],106,reverse,42
263,Santa Monica [2],107,reverse,23
263,Santa Monica [2],108,reverse,39
263,Santa Monica [2],109,reverse,31
263,Santa Monica [2],110,reverse oblique,30
263,Santa Monica [2],111,reverse oblique,32
263,Santa Monica [2],112,reverse oblique,31
263,Santa Monica [2],113,reverse oblique,28
263,Santa Monica [2],114,reverse oblique,19
263,Santa Monica [2],115,reverse oblique,48
263,Santa Monica [2],116,reverse oblique,24
263,Santa Monica [2],117,reverse oblique,27
263,Santa Monica [2],118,reverse oblique,44
263,Santa Monica [2],119,reverse oblique,24
263,Santa Monica [2],120,reverse oblique,20
263,Santa Monica [2],121,reverse oblique,58
263,Santa Monica [2],122,reverse oblique,32
263,Santa Monica [2],123,reverse oblique,31
263,Santa Monica [2],124,reverse oblique,43
263,Santa Monica [2],125,reverse oblique,20
263,Santa Monica [2],126,reverse oblique,39
263,Santa Monica [2],127,reverse oblique,37
263,Santa Monica [2],128,reverse oblique,31
263,Santa Monica [2],129,reverse oblique,31
263,Santa Monica [2],130,reverse oblique,37
263,Santa Monica [2],131,reverse oblique,31
263,Santa Monica [2],132,reverse oblique,32
263,Santa Monica [2],133,reverse oblique,28
263,Santa Monica [2],134,reverse oblique,39
263,Santa Monica [2],135,reverse oblique,57
263,Santa Monica [2],136,reverse oblique,12
263,Santa Monica [2],137,reverse oblique,33
263,Santa Monica [2],138,reverse oblique,52
263,Santa Monica [2],139,reverse oblique,21
263,Santa Monica [2],140,reverse oblique,48
263,Santa Monica [2],141,reverse oblique,33
263,Santa Monica [2],142,reverse oblique,29
263,Santa Monica [2],143,reverse oblique,35
263,Santa Monica [2],144,reverse oblique,44
263,Santa Monica [2],145,reverse oblique,23
263,Santa Monica [2],146,reverse oblique,38
263,Santa Monica [2],147,reverse oblique,28
263,Santa Monica [2],148,reverse oblique,33
263,Santa Monica [2],149,reverse oblique,24
263,Santa Monica [2],150,reverse oblique,35
263,Santa Monica [2],151,reverse oblique,32
263,Santa Monica [2],152,reverse oblique,30
263,Santa Monica [2],153,reverse oblique,32
263,Santa Monica [2],154,reverse oblique,27
263,Santa Monica [2],155,reverse oblique,25
263,Santa Monica [2],156,reverse oblique,18
263,Santa Monica [2],157,reverse oblique,24
263,Santa Monica [2],158,reverse oblique,17
263,Santa Monica [2],159,reverse oblique,17
263,Santa Monica [2],160,strike-slip,3
263,Santa Monica [2],161,strike-slip,6
263,Santa Monica [2],162,strike-slip,18
263,Santa Monica [2],163,strike-slip,14
263,Santa Monica [2],164,strike-slip,7
263,Santa Monica [2],165,strike-slip,4
264,Santa Rosa Island,30,reverse oblique,1482
264,Santa Rosa Island,33,reverse oblique,22
264,Santa Rosa Island,34,reverse oblique,531
264,Santa Rosa Island,35,reverse oblique,250
264,Santa Rosa Island,36,reverse oblique,151
264,Santa Rosa Island,37,reverse oblique,84
264,Santa Rosa Island,38,reverse oblique,96
264,Santa Rosa Island,39,reverse oblique,83
264,Santa Rosa Island,40,reverse oblique,201
264,Santa Rosa Island,41,reverse oblique,220
264,Santa Rosa Island,42,reverse oblique,435
264,Santa Rosa Island,43,reverse oblique,365
264,Santa Rosa Island,44,reverse oblique,500
264,Santa Rosa Island,45,reverse oblique,481
264,Santa Rosa Island,46,reverse oblique,904
264,Santa Rosa Island,47,reverse oblique,668
264,Santa Rosa Island,48,reverse oblique,587
264,Santa Rosa Island,49,reverse oblique,437
264,Santa Rosa Island,50,reverse oblique,530
264,Santa Rosa Island,51,reverse oblique,508
264,Santa Rosa Island,52,reverse oblique,621
264,Santa Rosa Island,53,reverse oblique,488
264,Santa Rosa Island,54,reverse oblique,486
264,Santa Rosa Island,55,reverse oblique,419
264,Santa Rosa Island,56,reverse oblique,474
264,Santa Rosa Island,57,reverse oblique,335
264,Santa Rosa Island,58,reverse oblique,380
264,Santa Rosa Island,59,reverse oblique,487
264,Santa Rosa Island,60,reverse oblique,516
264,Santa Rosa Island,61,reverse oblique,454
264,Santa Rosa Island,62,reverse oblique,402
264,Santa Rosa Island,63,reverse oblique,266
264,Santa Rosa Island,64,reverse oblique,253
264,Santa Rosa Island,65,reverse oblique,184
264,Santa Rosa Island,66,reverse oblique,186
264,Santa Rosa Island,67,reverse oblique,114
264,Santa Rosa Island,68,reverse oblique,121
264,Santa Rosa Island,69,reverse oblique,105
264,Santa Rosa Island,70,reverse,117
264,Santa Rosa Island,71,reverse,100
264,Santa Rosa Island,72,reverse,137
264,Santa Rosa Island,73,reverse,107
264,Santa Rosa Island,74,reverse,138
264,Santa Rosa Island,75,reverse,102
264,Santa Rosa Island,76,reverse,156
264,Santa Rosa Island,77,reverse,102
264,Santa Rosa Island,78,reverse,131
264,Santa Rosa Island,79,reverse,118
264,Santa Rosa Island,80,reverse,132
264,Santa Rosa Island,81,reverse,100
264,Santa Rosa Island,82,reverse,159
264,Santa Rosa Island,83,reverse,88
264,Santa Rosa Island,84,reverse,180
264,Santa Rosa Island,85,reverse,85
264,Santa Rosa Island,86,reverse,145
264,Santa Rosa Island,87,reverse,109
264,Santa Rosa Island,88,reverse,130
264,Santa Rosa Island,89,reverse,66
264,Santa Rosa Island,90,reverse,84
264,Santa Rosa Island,91,reverse,87
264,Santa Rosa Island,92,reverse,70
264,Santa Rosa Island,93,reverse,78
264,Santa Rosa Island,94,reverse,97
264,Santa Rosa Island,95,reverse,60
264,Santa Rosa Island,96,reverse,68
264,Santa Rosa Island,97,reverse,30
264,Santa Rosa Island,98,reverse,56
264,Santa Rosa Island,99,reverse,48
264,Santa Rosa Island,100,reverse,43
264,Santa Rosa Island,102,reverse,43
264,Santa Rosa Island,103,reverse,49
264,Santa Rosa Island,104,reverse,38
264,Santa Rosa Island,105,reverse,33
264,Santa Rosa Island,106,reverse,45
264,Santa Rosa Island,107,reverse,31
264,Santa Rosa Island,108,reverse,26
264,Santa Rosa Island,109,reverse,9
264,Santa Rosa Island,110,reverse oblique,10
265,"Santa Susana (east, connector)",64,reverse oblique,2
265,"Santa Susana (east, connector)",67,reverse oblique,2
265,"Santa Susana (east, connector)",69,reverse oblique,2
265,"Santa Susana (east, connector)",70,reverse,2
265,"Santa Susana (east, connector)",71,reverse,2
265,"Santa Susana (east, connector)",72,reverse,4
265,"Santa Susana (east, connector)",73,reverse,2
265,"Santa Susana (east, connector)",74,reverse,10
265,"Santa Susana (east, connector)",75,reverse,2
265,"Santa Susana (east, connector)",76,reverse,10
265,"Santa Susana (east, connector)",77,reverse,6
265,"Santa Susana (east, connector)",78,reverse,6
265,"Santa Susana (east, connector)",79,reverse,14
265,"Santa Susana (east, connector)",80,reverse,20
265,"Santa Susana (east, connector)",81,reverse,22
265,"Santa Susana (east, connector)",82,reverse,22
265,"Santa Susana (east, connector)",83,reverse,14
265,"Santa Susana (east, connector)",84,reverse,24
265,"Santa Susana (east, connector)",85,reverse,26
265,"Santa Susana (east, connector)",86,reverse,24
265,"Santa Susana (east, connector)",87,reverse,16
265,"Santa Susana (east, connector)",88,reverse,4
265,"Santa Susana (east, connector)",90,reverse,394
265,"Santa Susana (east, connector)",97,reverse,4
265,"Santa Susana (east, connector)",100,reverse,4
265,"Santa Susana (east, connector)",102,reverse,2
265,"Santa Susana (east, connector)",104,reverse,2
265,"Santa Susana (east, connector)",107,reverse,4
265,"Santa Susana (east, connector)",108,reverse,2
265,"Santa Susana (east, connector)",112,reverse oblique,4
265,"Santa Susana (east, connector)",113,reverse oblique,2
265,"Santa Susana (east, connector)",114,reverse oblique,2
265,"Santa Susana (east, connector)",115,reverse oblique,2
265,"Santa Susana (east, connector)",119,reverse oblique,4
265,"Santa Susana (east, connector)",122,reverse oblique,4
265,"Santa Susana (east, connector)",124,reverse oblique,4
265,"Santa Susana (east, connector)",129,reverse oblique,2
265,"Santa Susana (east, connector)",131,reverse oblique,2
265,"Santa Susana (east, connector)",133,reverse oblique,2
265,"Santa Susana (east, connector)",135,reverse oblique,2
265,"Santa Susana (east, connector)",137,reverse oblique,2
265,"Santa Susana (east, connector)",140,reverse oblique,4
265,"Santa Susana (east, connector)",142,reverse oblique,4
265,"Santa Susana (east, connector)",143,reverse oblique,4
265,"Santa Susana (east, connector)",144,reverse oblique,4
265,"Santa Susana (east, connector)",145,reverse oblique,4
267,Santa Susana [2],60,reverse oblique,2
267,Santa Susana [2],62,reverse oblique,5
267,Santa Susana [2],64,reverse oblique,6
267,Santa Susana [2],65,reverse oblique,5
267,Santa Susana [2],67,reverse oblique,6
267,Santa Susana [2],68,reverse oblique,6
267,Santa Susana [2],69,reverse oblique,2
267,Santa Susana [2],70,reverse,13
267,Santa Susana [2],71,reverse,3
267,Santa Susana [2],72,reverse,9
267,Santa Susana [2],73,reverse,13
267,Santa Susana [2],74,reverse,15
267,Santa Susana [2],75,reverse,13
267,Santa Susana [2],76,reverse,21
267,Santa Susana [2],77,reverse,12
267,Santa Susana [2],78,reverse,42
267,Santa Susana [2],79,reverse,77
267,Santa Susana [2],80,reverse,139
267,Santa Susana [2],81,reverse,89
267,Santa Susana [2],82,reverse,305
267,Santa Susana [2],83,reverse,588
267,Santa Susana [2],84,reverse,1197
267,Santa Susana [2],85,reverse,931
267,Santa Susana [2],86,reverse,636
267,Santa Susana [2],87,reverse,449
267,Santa Susana [2],88,reverse,222
267,Santa Susana [2],90,reverse,6910
267,Santa Susana [2],91,reverse,8
267,Santa Susana [2],93,reverse,14
267,Santa Susana [2],94,reverse,25
267,Santa Susana [2],95,reverse,51
267,Santa Susana [2],96,reverse,98
267,Santa Susana [2],97,reverse,70
267,Santa Susana [2],98,reverse,52
267,Santa Susana [2],99,reverse,84
267,Santa Susana [2],100,reverse,114
267,Santa Susana [2],101,reverse,45
267,Santa Susana [2],102,reverse,92
267,Santa Susana [2],103,reverse,48
267,Santa Susana [2],104,reverse,61
267,Santa Susana [2],105,reverse,76
267,Santa Susana [2],106,reverse,87
267,Santa Susana [2],107,reverse,43
267,Santa Susana [2],108,reverse,76
267,Santa Susana [2],109,reverse,58
267,Santa Susana [2],110,reverse oblique,78
267,Santa Susana [2],111,reverse oblique,58
267,Santa Susana [2],112,reverse oblique,68
267,Santa Susana [2],113,reverse oblique,68
267,Santa Susana [2],114,reverse oblique,57
267,Santa Susana [2],115,reverse oblique,34
267,Santa Susana [2],116,reverse oblique,49
267,Santa Susana [2],117,reverse oblique,52
267,Santa Susana [2],118,reverse oblique,53
267,Santa Susana [2],119,reverse oblique,53
267,Santa Susana [2],120,reverse oblique,58
267,Santa Susana [2],121,reverse oblique,50
267,Santa Susana [2],122,reverse oblique,62
267,Santa Susana [2],123,reverse oblique,27
267,Santa Susana [2],124,reverse oblique,40
267,Santa Susana [2],125,reverse oblique,31
267,Santa Susana [2],126,reverse oblique,61
267,Santa Susana [2],127,reverse oblique,33
267,Santa Susana [2],128,reverse oblique,74
267,Santa Susana [2],129,reverse oblique,35
267,Santa Susana [2],130,reverse oblique,62
267,Santa Susana [2],131,reverse oblique,27
267,Santa Susana [2],132,reverse oblique,72
267,Santa Susana [2],133,reverse oblique,33
267,Santa Susana [2],134,reverse oblique,76
267,Santa Susana [2],135,reverse oblique,40
267,Santa Susana [2],136,reverse oblique,54
267,Santa Susana [2],137,reverse oblique,21
267,Santa Susana [2],138,reverse oblique,74
267,Santa Susana [2],139,reverse oblique,52
267,Santa Susana [2],140,reverse oblique,73
267,Santa Susana [2],141,reverse oblique,69
267,Santa Susana [2],142,reverse oblique,65
267,Santa Susana [2],143,reverse oblique,48
267,Santa Susana [2],144,reverse oblique,73
267,Santa Susana [2],145,reverse oblique,58
267,Santa Susana [2],146,reverse oblique,66
267,Santa Susana [2],147,reverse oblique,45
267,Santa Susana [2],148,reverse oblique,38
267,Santa Susana [2],149,reverse oblique,27
267,Santa Susana [2],150,reverse oblique,28
267,Santa Susana [2],151,reverse oblique,19
267,Santa Susana [2],152,reverse oblique,4
267,Santa Susana [2],154,reverse oblique,3
267,Santa Susana [2],155,reverse oblique,2
267,Santa Susana [2],158,reverse oblique,2
268,Santa Ynez (east),0,strike-slip,1074
268,Santa Ynez (east),5,strike-slip,27
268,Santa Ynez (east),6,strike-slip,13
268,Santa Ynez (east),7,strike-slip,24
268,Santa Ynez (east),8,strike-slip,29
268,Santa Ynez (east),9,strike-slip,18
268,Santa Ynez (east),10,strike-slip,23
268,Santa Ynez (east),11,strike-slip,22
268,Santa Ynez (east),12,strike-slip,24
268,Santa Ynez (east),13,strike-slip,42
268,Santa Ynez (east),14,strike-slip,26
268,Santa Ynez (east),15,strike-slip,35
268,Santa Ynez (east),16,strike-slip,79
268,Santa Ynez (east),17,strike-slip,52
268,Santa Ynez (east),18,strike-slip,90
268,Santa Ynez (east),19,strike-slip,75
268,Santa Ynez (east),20,reverse oblique,90
268,Santa Ynez (east),21,reverse oblique,50
268,Santa Ynez (east),22,reverse oblique,65
268,Santa Ynez (east),23,reverse oblique,62
268,Santa Ynez (east),24,reverse oblique,52
268,Santa Ynez (east),25,reverse oblique,56
268,Santa Ynez (east),26,reverse oblique,86
268,Santa Ynez (east),27,reverse oblique,85
268,Santa Ynez (east),28,reverse oblique,79
268,Santa Ynez (east),29,reverse oblique,98
268,Santa Ynez (east),30,reverse oblique,120
268,Santa Ynez (east),31,reverse oblique,70
268,Santa Ynez (east),32,reverse oblique,96
268,Santa Ynez (east),33,reverse oblique,75
268,Santa Ynez (east),34,reverse oblique,96
268,Santa Ynez (east),35,reverse oblique,62
268,Santa Ynez (east),36,reverse oblique,77
268,Santa Ynez (east),37,reverse oblique,99
268,Santa Ynez (east),38,reverse oblique,107
268,Santa Ynez (east),39,reverse oblique,119
268,Santa Ynez (east),40,reverse oblique,74
268,Santa Ynez (east),41,reverse oblique,77
268,Santa Ynez (east),42,reverse oblique,36
268,Santa Ynez (east),43,reverse oblique,56
268,Santa Ynez (east),44,reverse oblique,194
268,Santa Ynez (east),45,reverse oblique,36
268,Santa Ynez (east),46,reverse oblique,69
268,Santa Ynez (east),47,reverse oblique,43
268,Santa Ynez (east),48,reverse oblique,101
268,Santa Ynez (east),49,reverse oblique,51
268,Santa Ynez (east),50,reverse oblique,76
268,Santa Ynez (east),51,reverse oblique,66
268,Santa Ynez (east),52,reverse oblique,89
268,Santa Ynez (east),53,reverse oblique,55
268,Santa Ynez (east),54,reverse oblique,104
268,Santa Ynez (east),55,reverse oblique,55
268,Santa Ynez (east),56,reverse oblique,142
268,Santa Ynez (east),57,reverse oblique,78
268,Santa Ynez (east),58,reverse oblique,109
268,Santa Ynez (east),59,reverse oblique,92
268,Santa Ynez (east),60,reverse oblique,145
268,Santa Ynez (east),61,reverse oblique,100
268,Santa Ynez (east),62,reverse oblique,152
268,Santa Ynez (east),63,reverse oblique,107
268,Santa Ynez (east),64,reverse oblique,154
268,Santa Ynez (east),65,reverse oblique,109
268,Santa Ynez (east),66,reverse oblique,132
268,Santa Ynez (east),67,reverse oblique,81
268,Santa Ynez (east),68,reverse oblique,135
268,Santa Ynez (east),69,reverse oblique,89
268,Santa Ynez (east),70,reverse,134
268,Santa Ynez (east),71,reverse,95
268,Santa Ynez (east),72,reverse,103
268,Santa Ynez (east),73,reverse,125
268,Santa Ynez (east),74,reverse,96
268,Santa Ynez (east),75,reverse,86
268,Santa Ynez (east),76,reverse,132
268,Santa Ynez (east),77,reverse,73
268,Santa Ynez (east),78,reverse,75
268,Santa Ynez (east),79,reverse,51
268,Santa Ynez (east),80,reverse,69
268,Santa Ynez (east),81,reverse,59
268,Santa Ynez (east),82,reverse,51
268,Santa Ynez (east),83,reverse,33
268,Santa Ynez (east),84,reverse,39
268,Santa Ynez (east),85,reverse,32
268,Santa Ynez (east),86,reverse,29
268,Santa Ynez (east),87,reverse,15
268,Santa Ynez (east),88,reverse,28
268,Santa Ynez (east),89,reverse,23
268,Santa Ynez (east),90,reverse,15
268,Santa Ynez (east),91,reverse,11
268,Santa Ynez (east),92,reverse,22
268,Santa Ynez (east),93,reverse,16
268,Santa Ynez (east),94,reverse,7
268,Santa Ynez (east),95,reverse,26
268,Santa Ynez (east),96,reverse,6
268,Santa Ynez (east),97,reverse,4
268,Santa Ynez (east),98,reverse,13
268,Santa Ynez (east),99,reverse,25
268,Santa Ynez (east),100,reverse,2
268,Santa Ynez (east),101,reverse,12
268,Santa Ynez (east),102,reverse,16
268,Santa Ynez (east),103,reverse,6
268,Santa Ynez (east),104,reverse,9
268,Santa Ynez (east),105,reverse,16
268,Santa Ynez (east),106,reverse,13
268,Santa Ynez (east),107,reverse,3
268,Santa Ynez (east),108,reverse,17
268,Santa Ynez (east),109,reverse,3
268,Santa Ynez (east),110,reverse oblique,11
268,Santa Ynez (east),111,reverse oblique,13
268,Santa Ynez (east),112,reverse oblique,4
268,Santa Ynez (east),113,reverse oblique,9
268,Santa Ynez (east),114,reverse oblique,8
268,Santa Ynez (east),115,reverse oblique,7
268,Santa Ynez (east),116,reverse oblique,11
268,Santa Ynez (east),117,reverse oblique,4
268,Santa Ynez (east),118,reverse oblique,3
268,Santa Ynez (east),119,reverse oblique,4
268,Santa Ynez (east),120,reverse oblique,2
268,Santa Ynez (east),122,reverse oblique,8
268,Santa Ynez (east),123,reverse oblique,2
268,Santa Ynez (east),124,reverse oblique,4
268,Santa Ynez (east),125,reverse oblique,2
268,Santa Ynez (east),126,reverse oblique,7
268,Santa Ynez (east),128,reverse oblique,7
268,Santa Ynez (east),129,reverse oblique,5
268,Santa Ynez (east),130,reverse oblique,4
268,Santa Ynez (east),132,reverse oblique,4
268,Santa Ynez (east),133,reverse oblique,6
268,Santa Ynez (east),134,reverse oblique,7
268,Santa Ynez (east),135,reverse oblique,5
268,Santa Ynez (east),136,reverse oblique,9
268,Santa Ynez (east),137,reverse oblique,2
268,Santa Ynez (east),138,reverse oblique,5
268,Santa Ynez (east),139,reverse oblique,5
268,Santa Ynez (east),140,reverse oblique,2
268,Santa Ynez (east),141,reverse oblique,2
268,Santa Ynez (east),142,reverse oblique,7
268,Santa Ynez (east),143,reverse oblique,2
268,Santa Ynez (east),144,reverse oblique,2
268,Santa Ynez (east),145,reverse oblique,11
268,Santa Ynez (east),146,reverse oblique,9
268,Santa Ynez (east),147,reverse oblique,9
268,Santa Ynez (east),148,reverse oblique,6
268,Santa Ynez (east),149,reverse oblique,7
268,Santa Ynez (east),150,reverse oblique,5
268,Santa Ynez (east),151,reverse oblique,4
269,Santa Ynez (west),0,strike-slip,2320
269,Santa Ynez (west),5,strike-slip,18
269,Santa Ynez (west),6,strike-slip,12
269,Santa Ynez (west),7,strike-slip,18
269,Santa Ynez (west),8,strike-slip,24
269,Santa Ynez (west),9,strike-slip,18
269,Santa Ynez (west),10,strike-slip,18
269,Santa Ynez (west),11,strike-slip,24
269,Santa Ynez (west),12,strike-slip,18
269,Santa Ynez (west),13,strike-slip,36
269,Santa Ynez (west),14,strike-slip,24
269,Santa Ynez (west),15,strike-slip,41
269,Santa Ynez (west),16,strike-slip,110
269,Santa Ynez (west),17,strike-slip,65
269,Santa Ynez (west),18,strike-slip,116
269,Santa Ynez (west),19,strike-slip,79
269,Santa Ynez (west),20,reverse oblique,113
269,Santa Ynez (west),21,reverse oblique,53
269,Santa Ynez (west),22,reverse oblique,77
269,Santa Ynez (west),23,reverse oblique,46
269,Santa Ynez (west),24,reverse oblique,82
269,Santa Ynez (west),25,reverse oblique,70
269,Santa Ynez (west),26,reverse oblique,91
269,Santa Ynez (west),27,reverse oblique,104
269,Santa Ynez (west),28,reverse oblique,73
269,Santa Ynez (west),29,reverse oblique,96
269,Santa Ynez (west),30,reverse oblique,112
269,Santa Ynez (west),31,reverse oblique,52
269,Santa Ynez (west),32,reverse oblique,96
269,Santa Ynez (west),33,reverse oblique,85
269,Santa Ynez (west),34,reverse oblique,133
269,Santa Ynez (west),35,reverse oblique,83
269,Santa Ynez (west),36,reverse oblique,61
269,Santa Ynez (west),37,reverse oblique,89
269,Santa Ynez (west),38,reverse oblique,98
269,Santa Ynez (west),39,reverse oblique,100
269,Santa Ynez (west),40,reverse oblique,73
269,Santa Ynez (west),41,reverse oblique,47
269,Santa Ynez (west),42,reverse oblique,28
269,Santa Ynez (west),43,reverse oblique,48
269,Santa Ynez (west),44,reverse oblique,172
269,Santa Ynez (west),45,reverse oblique,29
269,Santa Ynez (west),46,reverse oblique,28
269,Santa Ynez (west),47,reverse oblique,47
269,Santa Ynez (west),48,reverse oblique,67
269,Santa Ynez (west),49,reverse oblique,26
269,Santa Ynez (west),50,reverse oblique,34
269,Santa Ynez (west),51,reverse oblique,38
269,Santa Ynez (west),52,reverse oblique,37
269,Santa Ynez (west),53,reverse oblique,40
269,Santa Ynez (west),54,reverse oblique,63
269,Santa Ynez (west),55,reverse oblique,38
269,Santa Ynez (west),56,reverse oblique,72
269,Santa Ynez (west),57,reverse oblique,62
269,Santa Ynez (west),58,reverse oblique,75
269,Santa Ynez (west),59,reverse oblique,67
269,Santa Ynez (west),60,reverse oblique,79
269,Santa Ynez (west),61,reverse oblique,66
269,Santa Ynez (west),62,reverse oblique,92
269,Santa Ynez (west),63,reverse oblique,77
269,Santa Ynez (west),64,reverse oblique,97
269,Santa Ynez (west),65,reverse oblique,61
269,Santa Ynez (west),66,reverse oblique,84
269,Santa Ynez (west),67,reverse oblique,60
269,Santa Ynez (west),68,reverse oblique,96
269,Santa Ynez (west),69,reverse oblique,67
269,Santa Ynez (west),70,reverse,74
269,Santa Ynez (west),71,reverse,83
269,Santa Ynez (west),72,reverse,100
269,Santa Ynez (west),73,reverse,93
269,Santa Ynez (west),74,reverse,80
269,Santa Ynez (west),75,reverse,100
269,Santa Ynez (west),76,reverse,125
269,Santa Ynez (west),77,reverse,85
269,Santa Ynez (west),78,reverse,89
269,Santa Ynez (west),79,reverse,83
269,Santa Ynez (west),80,reverse,80
269,Santa Ynez (west),81,reverse,102
269,Santa Ynez (west),82,reverse,109
269,Santa Ynez (west),83,reverse,71
269,Santa Ynez (west),84,reverse,123
269,Santa Ynez (west),85,reverse,89
269,Santa Ynez (west),86,reverse,81
269,Santa Ynez (west),87,reverse,90
269,Santa Ynez (west),88,reverse,77
269,Santa Ynez (west),89,reverse,82
269,Santa Ynez (west),90,reverse,83
269,Santa Ynez (west),91,reverse,54
269,Santa Ynez (west),92,reverse,83
269,Santa Ynez (west),93,reverse,51
269,Santa Ynez (west),94,reverse,53
269,Santa Ynez (west),95,reverse,75
269,Santa Ynez (west),96,reverse,72
269,Santa Ynez (west),97,reverse,55
269,Santa Ynez (west),98,reverse,78
269,Santa Ynez (west),99,reverse,74
269,Santa Ynez (west),100,reverse,76
269,Santa Ynez (west),101,reverse,68
269,Santa Ynez (west),102,reverse,86
269,Santa Ynez (west),103,reverse,62
269,Santa Ynez (west),104,reverse,90
269,Santa Ynez (west),105,reverse,54
269,Santa Ynez (west),106,reverse,76
269,Santa Ynez (west),107,reverse,46
269,Santa Ynez (west),108,reverse,73
269,Santa Ynez (west),109,reverse,33
269,Santa Ynez (west),110,reverse oblique,58
269,Santa Ynez (west),111,reverse oblique,56
269,Santa Ynez (west),112,reverse oblique,43
269,Santa Ynez (west),113,reverse oblique,52
269,Santa Ynez (west),114,reverse oblique,56
269,Santa Ynez (west),115,reverse oblique,41
269,Santa Ynez (west),116,reverse oblique,50
269,Santa Ynez (west),117,reverse oblique,35
269,Santa Ynez (west),118,reverse oblique,48
269,Santa Ynez (west),119,reverse oblique,32
269,Santa Ynez (west),120,reverse oblique,43
269,Santa Ynez (west),121,reverse oblique,35
269,Santa Ynez (west),122,reverse oblique,50
269,Santa Ynez (west),123,reverse oblique,47
269,Santa Ynez (west),124,reverse oblique,43
269,Santa Ynez (west),125,reverse oblique,38
269,Santa Ynez (west),126,reverse oblique,39
269,Santa Ynez (west),127,reverse oblique,31
269,Santa Ynez (west),128,reverse oblique,41
269,Santa Ynez (west),129,reverse oblique,25
269,Santa Ynez (west),130,reverse oblique,26
269,Santa Ynez (west),131,reverse oblique,16
269,Santa Ynez (west),132,reverse oblique,15
269,Santa Ynez (west),133,reverse oblique,23
269,Santa Ynez (west),134,reverse oblique,31
269,Santa Ynez (west),135,reverse oblique,18
269,Santa Ynez (west),136,reverse oblique,34
269,Santa Ynez (west),137,reverse oblique,19
269,Santa Ynez (west),138,reverse oblique,26
269,Santa Ynez (west),139,reverse oblique,22
269,Santa Ynez (west),140,reverse oblique,19
269,Santa Ynez (west),141,reverse oblique,17
269,Santa Ynez (west),142,reverse oblique,24
269,Santa Ynez (west),143,reverse oblique,19
269,Santa Ynez (west),144,reverse oblique,24
269,Santa Ynez (west),145,reverse oblique,33
269,Santa Ynez (west),146,reverse oblique,32
269,Santa Ynez (west),147,reverse oblique,31
269,Santa Ynez (west),148,reverse oblique,33
269,Santa Ynez (west),149,reverse oblique,34
269,Santa Ynez (west),150,reverse oblique,36
269,Santa Ynez (west),151,reverse oblique,31
269,Santa Ynez (west),152,reverse oblique,28
269,Santa Ynez (west),153,reverse oblique,23
269,Santa Ynez (west),154,reverse oblique,28
269,Santa Ynez (west),155,reverse oblique,14
269,Santa Ynez (west),156,reverse oblique,11
269,Santa Ynez (west),157,reverse oblique,9
269,Santa Ynez (west),158,reverse oblique,5
269,Santa Ynez (west),159,reverse oblique,2
269,Santa Ynez (west),160,strike-slip,2
270,Santa Ynez River,5,strike-slip,6
270,Santa Ynez River,6,strike-slip,4
270,Santa Ynez River,7,strike-slip,8
270,Santa Ynez River,8,strike-slip,12
270,Santa Ynez River,9,strike-slip,9
270,Santa Ynez River,10,strike-slip,12
270,Santa Ynez River,11,strike-slip,14
270,Santa Ynez River,12,strike-slip,15
270,Santa Ynez River,13,strike-slip,31
270,Santa Ynez River,14,strike-slip,22
270,Santa Ynez River,15,strike-slip,23
270,Santa Ynez River,16,strike-slip,49
270,Santa Ynez River,17,strike-slip,32
270,Santa Ynez River,18,strike-slip,55
270,Santa Ynez River,19,strike-slip,57
270,Santa Ynez River,20,reverse oblique,73
270,Santa Ynez River,21,reverse oblique,33
270,Santa Ynez River,22,reverse oblique,53
270,Santa Ynez River,23,reverse oblique,24
270,Santa Ynez River,24,reverse oblique,57
270,Santa Ynez River,25,reverse oblique,28
270,Santa Ynez River,26,reverse oblique,60
270,Santa Ynez River,27,reverse oblique,32
270,Santa Ynez River,28,reverse oblique,47
270,Santa Ynez River,29,reverse oblique,62
270,Santa Ynez River,30,reverse oblique,77
270,Santa Ynez River,31,reverse oblique,50
270,Santa Ynez River,32,reverse oblique,60
270,Santa Ynez River,33,reverse oblique,69
270,Santa Ynez River,34,reverse oblique,94
270,Santa Ynez River,35,reverse oblique,64
270,Santa Ynez River,36,reverse oblique,51
270,Santa Ynez River,37,reverse oblique,65
270,Santa Ynez River,38,reverse oblique,88
270,Santa Ynez River,39,reverse oblique,117
270,Santa Ynez River,40,reverse oblique,73
270,Santa Ynez River,41,reverse oblique,51
270,Santa Ynez River,42,reverse oblique,17
270,Santa Ynez River,43,reverse oblique,14
270,Santa Ynez River,44,reverse oblique,172
270,Santa Ynez River,45,reverse oblique,352
270,Santa Ynez River,47,reverse oblique,35
270,Santa Ynez River,48,reverse oblique,14
270,Santa Ynez River,52,reverse oblique,5
270,Santa Ynez River,53,reverse oblique,9
270,Santa Ynez River,54,reverse oblique,15
270,Santa Ynez River,55,reverse oblique,15
270,Santa Ynez River,56,reverse oblique,20
270,Santa Ynez River,57,reverse oblique,27
270,Santa Ynez River,58,reverse oblique,24
270,Santa Ynez River,59,reverse oblique,20
270,Santa Ynez River,60,reverse oblique,21
270,Santa Ynez River,61,reverse oblique,11
270,Santa Ynez River,62,reverse oblique,12
270,Santa Ynez River,63,reverse oblique,12
270,Santa Ynez River,64,reverse oblique,18
270,Santa Ynez River,65,reverse oblique,4
270,Santa Ynez River,66,reverse oblique,15
270,Santa Ynez River,67,reverse oblique,10
270,Santa Ynez River,68,reverse oblique,4
270,Santa Ynez River,69,reverse oblique,8
270,Santa Ynez River,70,reverse,3
270,Santa Ynez River,71,reverse,5
270,Santa Ynez River,73,reverse,2
270,Santa Ynez River,74,reverse,4
270,Santa Ynez River,77,reverse,3
270,Santa Ynez River,80,reverse,2
271,Sargent,111,reverse oblique,2
271,Sargent,115,reverse oblique,5
271,Sargent,116,reverse oblique,4
271,Sargent,118,reverse oblique,11
271,Sargent,119,reverse oblique,18
271,Sargent,120,reverse oblique,21
271,Sargent,121,reverse oblique,6
271,Sargent,122,reverse oblique,5
271,Sargent,123,reverse oblique,13
271,Sargent,124,reverse oblique,22
271,Sargent,125,reverse oblique,13
271,Sargent,126,reverse oblique,14
271,Sargent,127,reverse oblique,3
271,Sargent,128,reverse oblique,29
271,Sargent,129,reverse oblique,30
271,Sargent,130,reverse oblique,54
271,Sargent,131,reverse oblique,27
271,Sargent,132,reverse oblique,39
271,Sargent,133,reverse oblique,47
271,Sargent,134,reverse oblique,112
271,Sargent,135,reverse oblique,58
271,Sargent,136,reverse oblique,77
271,Sargent,137,reverse oblique,86
271,Sargent,138,reverse oblique,81
271,Sargent,139,reverse oblique,62
271,Sargent,140,reverse oblique,121
271,Sargent,141,reverse oblique,75
271,Sargent,142,reverse oblique,97
271,Sargent,143,reverse oblique,116
271,Sargent,144,reverse oblique,181
271,Sargent,145,reverse oblique,136
271,Sargent,146,reverse oblique,211
271,Sargent,147,reverse oblique,165
271,Sargent,148,reverse oblique,226
271,Sargent,149,reverse oblique,221
271,Sargent,150,reverse oblique,213
271,Sargent,151,reverse oblique,273
271,Sargent,152,reverse oblique,268
271,Sargent,153,reverse oblique,287
271,Sargent,154,reverse oblique,303
271,Sargent,155,reverse oblique,223
271,Sargent,156,reverse oblique,299
271,Sargent,157,reverse oblique,283
271,Sargent,158,reverse oblique,271
271,Sargent,159,reverse oblique,281
271,Sargent,160,strike-slip,298
271,Sargent,161,strike-slip,272
271,Sargent,162,strike-slip,185
271,Sargent,163,strike-slip,382
271,Sargent,164,strike-slip,294
271,Sargent,165,strike-slip,379
271,Sargent,166,strike-slip,263
271,Sargent,167,strike-slip,315
271,Sargent,168,strike-slip,470
271,Sargent,169,strike-slip,627
271,Sargent,170,strike-slip,695
271,Sargent,171,strike-slip,728
271,Sargent,172,strike-slip,1143
271,Sargent,173,strike-slip,1252
271,Sargent,174,strike-slip,2267
271,Sargent,175,strike-slip,2625
271,Sargent,176,strike-slip,4281
271,Sargent,177,strike-slip,3038
271,Sargent,178,strike-slip,4538
271,Sargent,179,strike-slip,1321
271,Sargent,180,strike-slip,11132
272,Scodie Lineament (seismicity),0,strike-slip,30
272,Scodie Lineament (seismicity),42,reverse oblique,5
272,Scodie Lineament (seismicity),45,reverse oblique,4
272,Scodie Lineament (seismicity),47,reverse oblique,5
272,Scodie Lineament (seismicity),48,reverse oblique,3
272,Scodie Lineament (seismicity),50,reverse oblique,9
272,Scodie Lineament (seismicity),52,reverse oblique,14
272,Scodie Lineament (seismicity),53,reverse oblique,9
272,Scodie Lineament (seismicity),54,reverse oblique,14
272,Scodie Lineament (seismicity),55,reverse oblique,12
272,Scodie Lineament (seismicity),56,reverse oblique,29
272,Scodie Lineament (seismicity),57,reverse oblique,44
272,Scodie Lineament (seismicity),58,reverse oblique,38
272,Scodie Lineament (seismicity),59,reverse oblique,10
273,Sheephole,180,strike-slip,87
274,Shoreline,61,reverse oblique,2
274,Shoreline,62,reverse oblique,2
274,Shoreline,63,reverse oblique,3
274,Shoreline,64,reverse oblique,5
274,Shoreline,65,reverse oblique,5
274,Shoreline,66,reverse oblique,5
274,Shoreline,67,reverse oblique,2
274,Shoreline,68,reverse oblique,8
274,Shoreline,69,reverse oblique,2
274,Shoreline,70,reverse,3
274,Shoreline,71,reverse,5
274,Shoreline,72,reverse,2
274,Shoreline,73,reverse,6
274,Shoreline,74,reverse,4
274,Shoreline,75,reverse,3
274,Shoreline,76,reverse,5
274,Shoreline,77,reverse,2
274,Shoreline,78,reverse,6
274,Shoreline,79,reverse,4
274,Shoreline,81,reverse,6
274,Shoreline,82,reverse,4
274,Shoreline,84,reverse,6
274,Shoreline,87,reverse,4
274,Shoreline,89,reverse,10
274,Shoreline,90,reverse,10
274,Shoreline,91,reverse,10
274,Shoreline,92,reverse,22
274,Shoreline,93,reverse,29
274,Shoreline,94,reverse,45
274,Shoreline,95,reverse,35
274,Shoreline,96,reverse,38
274,Shoreline,97,reverse,28
274,Shoreline,98,reverse,43
274,Shoreline,99,reverse,37
274,Shoreline,100,reverse,48
274,Shoreline,101,reverse,44
274,Shoreline,102,reverse,62
274,Shoreline,103,reverse,47
274,Shoreline,104,reverse,62
274,Shoreline,105,reverse,49
274,Shoreline,106,reverse,64
274,Shoreline,107,reverse,50
274,Shoreline,108,reverse,73
274,Shoreline,109,reverse,50
274,Shoreline,110,reverse oblique,71
274,Shoreline,111,reverse oblique,62
274,Shoreline,112,reverse oblique,78
274,Shoreline,113,reverse oblique,51
274,Shoreline,114,reverse oblique,78
274,Shoreline,115,reverse oblique,51
274,Shoreline,116,reverse oblique,71
274,Shoreline,117,reverse oblique,48
274,Shoreline,118,reverse oblique,60
274,Shoreline,119,reverse oblique,71
274,Shoreline,120,reverse oblique,69
274,Shoreline,121,reverse oblique,57
274,Shoreline,122,reverse oblique,78
274,Shoreline,123,reverse oblique,54
274,Shoreline,124,reverse oblique,65
274,Shoreline,125,reverse oblique,81
274,Shoreline,126,reverse oblique,81
274,Shoreline,127,reverse oblique,51
274,Shoreline,128,reverse oblique,72
274,Shoreline,129,reverse oblique,63
274,Shoreline,130,reverse oblique,96
274,Shoreline,131,reverse oblique,57
274,Shoreline,132,reverse oblique,72
274,Shoreline,133,reverse oblique,69
274,Shoreline,134,reverse oblique,60
274,Shoreline,135,reverse oblique,54
274,Shoreline,136,reverse oblique,75
274,Shoreline,137,reverse oblique,63
274,Shoreline,138,reverse oblique,85
274,Shoreline,139,reverse oblique,66
274,Shoreline,140,reverse oblique,84
274,Shoreline,141,reverse oblique,66
274,Shoreline,142,reverse oblique,66
274,Shoreline,143,reverse oblique,78
274,Shoreline,144,reverse oblique,81
274,Shoreline,145,reverse oblique,81
274,Shoreline,146,reverse oblique,87
274,Shoreline,147,reverse oblique,69
274,Shoreline,148,reverse oblique,99
274,Shoreline,149,reverse oblique,67
274,Shoreline,150,reverse oblique,90
274,Shoreline,151,reverse oblique,90
274,Shoreline,152,reverse oblique,102
274,Shoreline,153,reverse oblique,96
274,Shoreline,154,reverse oblique,132
274,Shoreline,155,reverse oblique,105
274,Shoreline,156,reverse oblique,151
274,Shoreline,157,reverse oblique,125
274,Shoreline,158,reverse oblique,156
274,Shoreline,159,reverse oblique,123
274,Shoreline,160,strike-slip,183
274,Shoreline,161,strike-slip,159
274,Shoreline,162,strike-slip,227
274,Shoreline,163,strike-slip,180
274,Shoreline,164,strike-slip,250
274,Shoreline,165,strike-slip,195
274,Shoreline,166,strike-slip,306
274,Shoreline,167,strike-slip,234
274,Shoreline,168,strike-slip,303
274,Shoreline,169,strike-slip,237
274,Shoreline,170,strike-slip,293
274,Shoreline,171,strike-slip,265
274,Shoreline,172,strike-slip,328
274,Shoreline,173,strike-slip,255
274,Shoreline,174,strike-slip,323
274,Shoreline,175,strike-slip,247
274,Shoreline,176,strike-slip,311
274,Shoreline,177,strike-slip,326
274,Shoreline,178,strike-slip,489
274,Shoreline,179,strike-slip,357
274,Shoreline,180,strike-slip,1330
275,Sierra Madre,40,reverse oblique,2
275,Sierra Madre,41,reverse oblique,4
275,Sierra Madre,42,reverse oblique,2
275,Sierra Madre,43,reverse oblique,3
275,Sierra Madre,44,reverse oblique,14
275,Sierra Madre,45,reverse oblique,17
275,Sierra Madre,46,reverse oblique,26
275,Sierra Madre,47,reverse oblique,25
275,Sierra Madre,48,reverse oblique,38
275,Sierra Madre,49,reverse oblique,38
275,Sierra Madre,50,reverse oblique,42
275,Sierra Madre,51,reverse oblique,62
275,Sierra Madre,52,reverse oblique,57
275,Sierra Madre,53,reverse oblique,32
275,Sierra Madre,54,reverse oblique,68
275,Sierra Madre,55,reverse oblique,47
275,Sierra Madre,56,reverse oblique,84
275,Sierra Madre,57,reverse oblique,83
275,Sierra Madre,58,reverse oblique,88
275,Sierra Madre,59,reverse oblique,131
275,Sierra Madre,60,reverse oblique,75
275,Sierra Madre,61,reverse oblique,119
275,Sierra Madre,62,reverse oblique,127
275,Sierra Madre,63,reverse oblique,102
275,Sierra Madre,64,reverse oblique,112
275,Sierra Madre,65,reverse oblique,106
275,Sierra Madre,66,reverse oblique,121
275,Sierra Madre,67,reverse oblique,71
275,Sierra Madre,68,reverse oblique,91
275,Sierra Madre,69,reverse oblique,83
275,Sierra Madre,70,reverse,101
275,Sierra Madre,71,reverse,58
275,Sierra Madre,72,reverse,78
275,Sierra Madre,73,reverse,72
275,Sierra Madre,74,reverse,74
275,Sierra Madre,75,reverse,60
275,Sierra Madre,76,reverse,118
275,Sierra Madre,77,reverse,125
275,Sierra Madre,78,reverse,244
275,Sierra Madre,79,reverse,210
275,Sierra Madre,80,reverse,321
275,Sierra Madre,81,reverse,338
275,Sierra Madre,82,reverse,641
275,Sierra Madre,83,reverse,535
275,Sierra Madre,84,reverse,721
275,Sierra Madre,85,reverse,758
275,Sierra Madre,86,reverse,1425
275,Sierra Madre,87,reverse,749
275,Sierra Madre,88,reverse,678
275,Sierra Madre,89,reverse,75
275,Sierra Madre,90,reverse,7626
275,Sierra Madre,91,reverse,58
275,Sierra Madre,92,reverse,75
275,Sierra Madre,93,reverse,185
275,Sierra Madre,94,reverse,305
275,Sierra Madre,95,reverse,348
275,Sierra Madre,96,reverse,345
275,Sierra Madre,97,reverse,302
275,Sierra Madre,98,reverse,269
275,Sierra Madre,99,reverse,322
275,Sierra Madre,100,reverse,297
275,Sierra Madre,101,reverse,189
275,Sierra Madre,102,reverse,288
275,Sierra Madre,103,reverse,223
275,Sierra Madre,104,reverse,203
275,Sierra Madre,105,reverse,162
275,Sierra Madre,106,reverse,274
275,Sierra Madre,107,reverse,160
275,Sierra Madre,108,reverse,237
275,Sierra Madre,109,reverse,228
275,Sierra Madre,110,reverse oblique,215
275,Sierra Madre,111,reverse oblique,155
275,Sierra Madre,112,reverse oblique,233
275,Sierra Madre,113,reverse oblique,174
275,Sierra Madre,114,reverse oblique,264
275,Sierra Madre,115,reverse oblique,189
275,Sierra Madre,116,reverse oblique,201
275,Sierra Madre,117,reverse oblique,180
275,Sierra Madre,118,reverse oblique,197
275,Sierra Madre,119,reverse oblique,237
275,Sierra Madre,120,reverse oblique,177
275,Sierra Madre,121,reverse oblique,204
275,Sierra Madre,122,reverse oblique,242
275,Sierra Madre,123,reverse oblique,172
275,Sierra Madre,124,reverse oblique,265
275,Sierra Madre,125,reverse oblique,169
275,Sierra Madre,126,reverse oblique,291
275,Sierra Madre,127,reverse oblique,249
275,Sierra Madre,128,reverse oblique,334
275,Sierra Madre,129,reverse oblique,180
275,Sierra Madre,130,reverse oblique,329
275,Sierra Madre,131,reverse oblique,231
275,Sierra Madre,132,reverse oblique,356
275,Sierra Madre,133,reverse oblique,265
275,Sierra Madre,134,reverse oblique,311
275,Sierra Madre,135,reverse oblique,282
275,Sierra Madre,136,reverse oblique,263
275,Sierra Madre,137,reverse oblique,237
275,Sierra Madre,138,reverse oblique,275
275,Sierra Madre,139,reverse oblique,304
275,Sierra Madre,140,reverse oblique,279
275,Sierra Madre,141,reverse oblique,306
275,Sierra Madre,142,reverse oblique,288
275,Sierra Madre,143,reverse oblique,247
275,Sierra Madre,144,reverse oblique,326
275,Sierra Madre,145,reverse oblique,294
275,Sierra Madre,146,reverse oblique,294
275,Sierra Madre,147,reverse oblique,222
275,Sierra Madre,148,reverse oblique,268
275,Sierra Madre,149,reverse oblique,241
275,Sierra Madre,150,reverse oblique,341
275,Sierra Madre,151,reverse oblique,251
275,Sierra Madre,152,reverse oblique,298
275,Sierra Madre,153,reverse oblique,208
275,Sierra Madre,154,reverse oblique,232
275,Sierra Madre,155,reverse oblique,186
275,Sierra Madre,156,reverse oblique,188
275,Sierra Madre,157,reverse oblique,158
275,Sierra Madre,158,reverse oblique,162
275,Sierra Madre,159,reverse oblique,131
275,Sierra Madre,160,strike-slip,102
275,Sierra Madre,161,strike-slip,102
275,Sierra Madre,162,strike-slip,70
275,Sierra Madre,163,strike-slip,61
275,Sierra Madre,164,strike-slip,40
275,Sierra Madre,165,strike-slip,26
275,Sierra Madre,166,strike-slip,36
275,Sierra Madre,167,strike-slip,12
275,Sierra Madre,168,strike-slip,4
276,Sierra Madre (San Fernando),68,reverse oblique,2
276,Sierra Madre (San Fernando),70,reverse,6
276,Sierra Madre (San Fernando),72,reverse,13
276,Sierra Madre (San Fernando),73,reverse,13
276,Sierra Madre (San Fernando),74,reverse,30
276,Sierra Madre (San Fernando),75,reverse,54
276,Sierra Madre (San Fernando),76,reverse,76
276,Sierra Madre (San Fernando),77,reverse,68
276,Sierra Madre (San Fernando),78,reverse,151
276,Sierra Madre (San Fernando),79,reverse,120
276,Sierra Madre (San Fernando),80,reverse,197
276,Sierra Madre (San Fernando),81,reverse,240
276,Sierra Madre (San Fernando),82,reverse,447
276,Sierra Madre (San Fernando),83,reverse,368
276,Sierra Madre (San Fernando),84,reverse,466
276,Sierra Madre (San Fernando),85,reverse,683
276,Sierra Madre (San Fernando),86,reverse,1004
276,Sierra Madre (San Fernando),87,reverse,352
276,Sierra Madre (San Fernando),88,reverse,316
276,Sierra Madre (San Fernando),89,reverse,39
276,Sierra Madre (San Fernando),90,reverse,5511
276,Sierra Madre (San Fernando),91,reverse,30
276,Sierra Madre (San Fernando),92,reverse,39
276,Sierra Madre (San Fernando),93,reverse,56
276,Sierra Madre (San Fernando),94,reverse,150
276,Sierra Madre (San Fernando),95,reverse,171
276,Sierra Madre (San Fernando),96,reverse,148
276,Sierra Madre (San Fernando),97,reverse,153
276,Sierra Madre (San Fernando),98,reverse,124
276,Sierra Madre (San Fernando),99,reverse,141
276,Sierra Madre (San Fernando),100,reverse,140
276,Sierra Madre (San Fernando),101,reverse,84
276,Sierra Madre (San Fernando),102,reverse,122
276,Sierra Madre (San Fernando),103,reverse,85
276,Sierra Madre (San Fernando),104,reverse,80
276,Sierra Madre (San Fernando),105,reverse,54
276,Sierra Madre (San Fernando),106,reverse,94
276,Sierra Madre (San Fernando),107,reverse,55
276,Sierra Madre (San Fernando),108,reverse,85
276,Sierra Madre (San Fernando),109,reverse,83
276,Sierra Madre (San Fernando),110,reverse oblique,74
276,Sierra Madre (San Fernando),111,reverse oblique,48
276,Sierra Madre (San Fernando),112,reverse oblique,69
276,Sierra Madre (San Fernando),113,reverse oblique,62
276,Sierra Madre (San Fernando),114,reverse oblique,82
276,Sierra Madre (San Fernando),115,reverse oblique,53
276,Sierra Madre (San Fernando),116,reverse oblique,72
276,Sierra Madre (San Fernando),117,reverse oblique,57
276,Sierra Madre (San Fernando),118,reverse oblique,48
276,Sierra Madre (San Fernando),119,reverse oblique,78
276,Sierra Madre (San Fernando),120,reverse oblique,57
276,Sierra Madre (San Fernando),121,reverse oblique,53
276,Sierra Madre (San Fernando),122,reverse oblique,77
276,Sierra Madre (San Fernando),123,reverse oblique,53
276,Sierra Madre (San Fernando),124,reverse oblique,77
276,Sierra Madre (San Fernando),125,reverse oblique,56
276,Sierra Madre (San Fernando),126,reverse oblique,93
276,Sierra Madre (San Fernando),127,reverse oblique,72
276,Sierra Madre (San Fernando),128,reverse oblique,116
276,Sierra Madre (San Fernando),129,reverse oblique,55
276,Sierra Madre (San Fernando),130,reverse oblique,103
276,Sierra Madre (San Fernando),131,reverse oblique,82
276,Sierra Madre (San Fernando),132,reverse oblique,110
276,Sierra Madre (San Fernando),133,reverse oblique,88
276,Sierra Madre (San Fernando),134,reverse oblique,97
276,Sierra Madre (San Fernando),135,reverse oblique,73
276,Sierra Madre (San Fernando),136,reverse oblique,85
276,Sierra Madre (San Fernando),137,reverse oblique,67
276,Sierra Madre (San Fernando),138,reverse oblique,74
276,Sierra Madre (San Fernando),139,reverse oblique,88
276,Sierra Madre (San Fernando),140,reverse oblique,76
276,Sierra Madre (San Fernando),141,reverse oblique,77
276,Sierra Madre (San Fernando),142,reverse oblique,84
276,Sierra Madre (San Fernando),143,reverse oblique,55
276,Sierra Madre (San Fernando),144,reverse oblique,83
276,Sierra Madre (San Fernando),145,reverse oblique,59
276,Sierra Madre (San Fernando),146,reverse oblique,63
276,Sierra Madre (San Fernando),147,reverse oblique,37
276,Sierra Madre (San Fernando),148,reverse oblique,41
276,Sierra Madre (San Fernando),149,reverse oblique,41
276,Sierra Madre (San Fernando),150,reverse oblique,42
276,Sierra Madre (San Fernando),151,reverse oblique,46
276,Sierra Madre (San Fernando),152,reverse oblique,28
276,Sierra Madre (San Fernando),153,reverse oblique,13
276,Sierra Madre (San Fernando),154,reverse oblique,4
276,Sierra Madre (San Fernando),155,reverse oblique,2
277,Sierra Nevada (north),-168,strike-slip,4
277,Sierra Nevada (north),-167,strike-slip,2
277,Sierra Nevada (north),-166,strike-slip,2
277,Sierra Nevada (north),-165,strike-slip,2
277,Sierra Nevada (north),-164,strike-slip,2
277,Sierra Nevada (north),-162,strike-slip,2
277,Sierra Nevada (north),-161,strike-slip,2
277,Sierra Nevada (north),-160,normal oblique,2
277,Sierra Nevada (north),-158,normal oblique,4
277,Sierra Nevada (north),-157,normal oblique,2
277,Sierra Nevada (north),-156,normal oblique,6
277,Sierra Nevada (north),-155,normal oblique,6
277,Sierra Nevada (north),-154,normal oblique,6
277,Sierra Nevada (north),-153,normal oblique,12
277,Sierra Nevada (north),-152,normal oblique,10
277,Sierra Nevada (north),-151,normal oblique,8
277,Sierra Nevada (north),-150,normal oblique,12
277,Sierra Nevada (north),-149,normal oblique,20
277,Sierra Nevada (north),-148,normal oblique,12
277,Sierra Nevada (north),-147,normal oblique,10
277,Sierra Nevada (north),-146,normal oblique,18
277,Sierra Nevada (north),-145,normal oblique,2
277,Sierra Nevada (north),-144,normal oblique,20
277,Sierra Nevada (north),-143,normal oblique,6
277,Sierra Nevada (north),-142,normal oblique,18
277,Sierra Nevada (north),-141,normal oblique,4
277,Sierra Nevada (north),-140,normal oblique,20
277,Sierra Nevada (north),-139,normal oblique,2
277,Sierra Nevada (north),-138,normal oblique,26
277,Sierra Nevada (north),-137,normal oblique,6
277,Sierra Nevada (north),-136,normal oblique,10
277,Sierra Nevada (north),-135,normal oblique,20
277,Sierra Nevada (north),-134,normal oblique,10
277,Sierra Nevada (north),-133,normal oblique,10
277,Sierra Nevada (north),-132,normal oblique,20
277,Sierra Nevada (north),-131,normal oblique,8
277,Sierra Nevada (north),-130,normal oblique,20
277,Sierra Nevada (north),-129,normal oblique,18
277,Sierra Nevada (north),-128,normal oblique,8
277,Sierra Nevada (north),-127,normal oblique,12
277,Sierra Nevada (north),-126,normal oblique,20
277,Sierra Nevada (north),-125,normal oblique,12
277,Sierra Nevada (north),-124,normal oblique,12
277,Sierra Nevada (north),-123,normal oblique,20
277,Sierra Nevada (north),-122,normal oblique,18
277,Sierra Nevada (north),-121,normal oblique,10
277,Sierra Nevada (north),-120,normal oblique,2
277,Sierra Nevada (north),-119,normal oblique,30
277,Sierra Nevada (north),-118,normal oblique,11
277,Sierra Nevada (north),-117,normal oblique,8
277,Sierra Nevada (north),-116,normal oblique,10
277,Sierra Nevada (north),-115,normal oblique,12
277,Sierra Nevada (north),-114,normal oblique,19
277,Sierra Nevada (north),-113,normal oblique,8
277,Sierra Nevada (north),-112,normal oblique,12
277,Sierra Nevada (north),-111,normal oblique,9
277,Sierra Nevada (north),-110,normal,22
277,Sierra Nevada (north),-109,normal,12
277,Sierra Nevada (north),-108,normal,16
277,Sierra Nevada (north),-107,normal,19
277,Sierra Nevada (north),-106,normal,24
277,Sierra Nevada (north),-105,normal,20
277,Sierra Nevada (north),-104,normal,34
277,Sierra Nevada (north),-103,normal,31
277,Sierra Nevada (north),-102,normal,38
277,Sierra Nevada (north),-101,normal,34
277,Sierra Nevada (north),-100,normal,36
277,Sierra Nevada (north),-99,normal,39
277,Sierra Nevada (north),-98,normal,22
277,Sierra Nevada (north),-97,normal,18
277,Sierra Nevada (north),-96,normal,18
277,Sierra Nevada (north),-95,normal,16
277,Sierra Nevada (north),-94,normal,18
277,Sierra Nevada (north),-90,normal,485
278,Sierra Nevada (south),-157,normal oblique,2
278,Sierra Nevada (south),-156,normal oblique,6
278,Sierra Nevada (south),-155,normal oblique,10
278,Sierra Nevada (south),-154,normal oblique,12
278,Sierra Nevada (south),-153,normal oblique,18
278,Sierra Nevada (south),-152,normal oblique,21
278,Sierra Nevada (south),-151,normal oblique,11
278,Sierra Nevada (south),-150,normal oblique,24
278,Sierra Nevada (south),-149,normal oblique,29
278,Sierra Nevada (south),-148,normal oblique,23
278,Sierra Nevada (south),-147,normal oblique,17
278,Sierra Nevada (south),-146,normal oblique,31
278,Sierra Nevada (south),-144,normal oblique,38
278,Sierra Nevada (south),-143,normal oblique,13
278,Sierra Nevada (south),-142,normal oblique,31
278,Sierra Nevada (south),-141,normal oblique,8
278,Sierra Nevada (south),-140,normal oblique,43
278,Sierra Nevada (south),-139,normal oblique,5
278,Sierra Nevada (south),-138,normal oblique,45
278,Sierra Nevada (south),-137,normal oblique,21
278,Sierra Nevada (south),-136,normal oblique,25
278,Sierra Nevada (south),-135,normal oblique,39
278,Sierra Nevada (south),-134,normal oblique,27
278,Sierra Nevada (south),-133,normal oblique,30
278,Sierra Nevada (south),-132,normal oblique,45
278,Sierra Nevada (south),-131,normal oblique,31
278,Sierra Nevada (south),-130,normal oblique,45
278,Sierra Nevada (south),-129,normal oblique,51
278,Sierra Nevada (south),-128,normal oblique,32
278,Sierra Nevada (south),-127,normal oblique,38
278,Sierra Nevada (south),-126,normal oblique,62
278,Sierra Nevada (south),-125,normal oblique,43
278,Sierra Nevada (south),-124,normal oblique,54
278,Sierra Nevada (south),-123,normal oblique,66
278,Sierra Nevada (south),-122,normal oblique,66
278,Sierra Nevada (south),-121,normal oblique,57
278,Sierra Nevada (south),-120,normal oblique,13
278,Sierra Nevada (south),-119,normal oblique,101
278,Sierra Nevada (south),-118,normal oblique,46
278,Sierra Nevada (south),-117,normal oblique,28
278,Sierra Nevada (south),-116,normal oblique,43
278,Sierra Nevada (south),-115,normal oblique,32
278,Sierra Nevada (south),-114,normal oblique,57
278,Sierra Nevada (south),-113,normal oblique,19
278,Sierra Nevada (south),-112,normal oblique,47
278,Sierra Nevada (south),-111,normal oblique,26
278,Sierra Nevada (south),-110,normal,59
278,Sierra Nevada (south),-109,normal,48
278,Sierra Nevada (south),-108,normal,30
278,Sierra Nevada (south),-107,normal,53
278,Sierra Nevada (south),-106,normal,49
278,Sierra Nevada (south),-105,normal,44
278,Sierra Nevada (south),-104,normal,79
278,Sierra Nevada (south),-103,normal,64
278,Sierra Nevada (south),-102,normal,83
278,Sierra Nevada (south),-101,normal,90
278,Sierra Nevada (south),-100,normal,83
278,Sierra Nevada (south),-99,normal,100
278,Sierra Nevada (south),-98,normal,43
278,Sierra Nevada (south),-97,normal,42
278,Sierra Nevada (south),-96,normal,42
278,Sierra Nevada (south),-95,normal,35
278,Sierra Nevada (south),-94,normal,29
278,Sierra Nevada (south),-90,normal,1244
279,Silver Creek,161,strike-slip,2
279,Silver Creek,163,strike-slip,2
279,Silver Creek,166,strike-slip,5
279,Silver Creek,167,strike-slip,5
279,Silver Creek,168,strike-slip,18
279,Silver Creek,169,strike-slip,34
279,Silver Creek,170,strike-slip,33
279,Silver Creek,171,strike-slip,58
279,Silver Creek,172,strike-slip,91
279,Silver Creek,173,strike-slip,53
279,Silver Creek,174,strike-slip,374
279,Silver Creek,175,strike-slip,270
279,Silver Creek,176,strike-slip,370
279,Silver Creek,177,strike-slip,664
279,Silver Creek,178,strike-slip,560
279,Silver Creek,179,strike-slip,429
279,Silver Creek,180,strike-slip,29533
280,Simi - Santa Rosa,30,reverse oblique,77
280,Simi - Santa Rosa,47,reverse oblique,7
280,Simi - Santa Rosa,49,reverse oblique,6
280,Simi - Santa Rosa,52,reverse oblique,5
280,Simi - Santa Rosa,53,reverse oblique,7
280,Simi - Santa Rosa,56,reverse oblique,17
280,Simi - Santa Rosa,57,reverse oblique,7
280,Simi - Santa Rosa,58,reverse oblique,33
280,Simi - Santa Rosa,59,reverse oblique,30
280,Simi - Santa Rosa,60,reverse oblique,16
280,Simi - Santa Rosa,61,reverse oblique,29
280,Simi - Santa Rosa,62,reverse oblique,54
280,Simi - Santa Rosa,63,reverse oblique,27
280,Simi - Santa Rosa,64,reverse oblique,79
280,Simi - Santa Rosa,65,reverse oblique,60
280,Simi - Santa Rosa,66,reverse oblique,72
280,Simi - Santa Rosa,67,reverse oblique,130
280,Simi - Santa Rosa,68,reverse oblique,168
280,Simi - Santa Rosa,69,reverse oblique,138
280,Simi - Santa Rosa,70,reverse,276
280,Simi - Santa Rosa,71,reverse,219
280,Simi - Santa Rosa,72,reverse,261
280,Simi - Santa Rosa,73,reverse,242
280,Simi - Santa Rosa,74,reverse,371
280,Simi - Santa Rosa,75,reverse,435
280,Simi - Santa Rosa,76,reverse,557
280,Simi - Santa Rosa,77,reverse,406
280,Simi - Santa Rosa,78,reverse,588
280,Simi - Santa Rosa,79,reverse,505
280,Simi - Santa Rosa,80,reverse,701
280,Simi - Santa Rosa,81,reverse,507
280,Simi - Santa Rosa,82,reverse,627
280,Simi - Santa Rosa,83,reverse,177
280,Simi - Santa Rosa,84,reverse,162
280,Simi - Santa Rosa,85,reverse,107
280,Simi - Santa Rosa,86,reverse,115
280,Simi - Santa Rosa,87,reverse,49
280,Simi - Santa Rosa,88,reverse,66
280,Simi - Santa Rosa,89,reverse,57
280,Simi - Santa Rosa,90,reverse,51
280,Simi - Santa Rosa,91,reverse,51
280,Simi - Santa Rosa,92,reverse,39
280,Simi - Santa Rosa,93,reverse,32
280,Simi - Santa Rosa,94,reverse,73
280,Simi - Santa Rosa,95,reverse,20
280,Simi - Santa Rosa,96,reverse,54
280,Simi - Santa Rosa,97,reverse,30
280,Simi - Santa Rosa,98,reverse,48
280,Simi - Santa Rosa,99,reverse,39
280,Simi - Santa Rosa,100,reverse,41
280,Simi - Santa Rosa,101,reverse,34
280,Simi - Santa Rosa,102,reverse,40
280,Simi - Santa Rosa,103,reverse,29
280,Simi - Santa Rosa,104,reverse,23
280,Simi - Santa Rosa,105,reverse,24
280,Simi - Santa Rosa,106,reverse,20
280,Simi - Santa Rosa,107,reverse,18
280,Simi - Santa Rosa,108,reverse,23
280,Simi - Santa Rosa,109,reverse,21
280,Simi - Santa Rosa,110,reverse oblique,20
280,Simi - Santa Rosa,111,reverse oblique,10
280,Simi - Santa Rosa,112,reverse oblique,10
280,Simi - Santa Rosa,113,reverse oblique,14
280,Simi - Santa Rosa,114,reverse oblique,22
280,Simi - Santa Rosa,115,reverse oblique,14
280,Simi - Santa Rosa,116,reverse oblique,8
280,Simi - Santa Rosa,117,reverse oblique,15
280,Simi - Santa Rosa,118,reverse oblique,22
280,Simi - Santa Rosa,119,reverse oblique,10
280,Simi - Santa Rosa,120,reverse oblique,17
280,Simi - Santa Rosa,121,reverse oblique,12
280,Simi - Santa Rosa,122,reverse oblique,16
280,Simi - Santa Rosa,123,reverse oblique,8
280,Simi - Santa Rosa,124,reverse oblique,9
280,Simi - Santa Rosa,125,reverse oblique,17
280,Simi - Santa Rosa,126,reverse oblique,6
280,Simi - Santa Rosa,127,reverse oblique,27
280,Simi - Santa Rosa,128,reverse oblique,37
280,Simi - Santa Rosa,129,reverse oblique,29
280,Simi - Santa Rosa,130,reverse oblique,40
280,Simi - Santa Rosa,131,reverse oblique,34
280,Simi - Santa Rosa,132,reverse oblique,44
280,Simi - Santa Rosa,133,reverse oblique,29
280,Simi - Santa Rosa,134,reverse oblique,39
280,Simi - Santa Rosa,135,reverse oblique,25
280,Simi - Santa Rosa,136,reverse oblique,23
280,Simi - Santa Rosa,137,reverse oblique,17
280,Simi - Santa Rosa,138,reverse oblique,31
280,Simi - Santa Rosa,139,reverse oblique,20
280,Simi - Santa Rosa,140,reverse oblique,19
280,Simi - Santa Rosa,141,reverse oblique,11
280,Simi - Santa Rosa,142,reverse oblique,7
281,Sisar,64,reverse oblique,6
281,Sisar,65,reverse oblique,4
281,Sisar,66,reverse oblique,8
281,Sisar,67,reverse oblique,22
281,Sisar,68,reverse oblique,34
281,Sisar,69,reverse oblique,32
281,Sisar,70,reverse,56
281,Sisar,71,reverse,56
281,Sisar,72,reverse,56
281,Sisar,73,reverse,52
281,Sisar,74,reverse,74
281,Sisar,75,reverse,96
281,Sisar,76,reverse,114
281,Sisar,77,reverse,82
281,Sisar,78,reverse,124
281,Sisar,79,reverse,114
281,Sisar,80,reverse,150
281,Sisar,81,reverse,138
281,Sisar,82,reverse,208
281,Sisar,83,reverse,174
281,Sisar,84,reverse,616
281,Sisar,85,reverse,676
281,Sisar,86,reverse,598
281,Sisar,87,reverse,202
281,Sisar,88,reverse,244
281,Sisar,89,reverse,12
281,Sisar,90,reverse,3136
281,Sisar,91,reverse,140
281,Sisar,92,reverse,8
281,Sisar,93,reverse,4
281,Sisar,94,reverse,8
281,Sisar,95,reverse,16
281,Sisar,96,reverse,24
281,Sisar,97,reverse,36
281,Sisar,98,reverse,18
281,Sisar,99,reverse,22
281,Sisar,100,reverse,36
281,Sisar,101,reverse,14
281,Sisar,102,reverse,30
281,Sisar,103,reverse,20
281,Sisar,104,reverse,14
281,Sisar,105,reverse,24
281,Sisar,106,reverse,22
281,Sisar,107,reverse,16
281,Sisar,108,reverse,22
281,Sisar,109,reverse,18
281,Sisar,110,reverse oblique,16
281,Sisar,111,reverse oblique,16
281,Sisar,112,reverse oblique,14
281,Sisar,113,reverse oblique,10
281,Sisar,114,reverse oblique,8
281,Sisar,115,reverse oblique,2
282,Skinner Flat,-135,normal oblique,7
283,Superstition Hills,145,reverse oblique,2
283,Superstition Hills,153,reverse oblique,2
283,Superstition Hills,155,reverse oblique,2
283,Superstition Hills,158,reverse oblique,4
283,Superstition Hills,160,strike-slip,4
283,Superstition Hills,162,strike-slip,4
283,Superstition Hills,164,strike-slip,4
283,Superstition Hills,168,strike-slip,4
283,Superstition Hills,174,strike-slip,4
283,Superstition Hills,175,strike-slip,12
283,Superstition Hills,176,strike-slip,4
283,Superstition Hills,177,strike-slip,4
283,Superstition Hills,178,strike-slip,16
283,Superstition Hills,179,strike-slip,16
283,Superstition Hills,180,strike-slip,466
284,Surprise Valley,-90,normal,2048
285,Swain Ravine - Spenceville,-90,normal,665
286,Table Bluff,90,reverse,70
287,Tank Canyon,-143,normal oblique,18
287,Tank Canyon,-142,normal oblique,25
287,Tank Canyon,-141,normal oblique,13
287,Tank Canyon,-140,normal oblique,25
287,Tank Canyon,-139,normal oblique,20
287,Tank Canyon,-138,normal oblique,24
287,Tank Canyon,-137,normal oblique,6
287,Tank Canyon,-136,normal oblique,14
287,Tank Canyon,-135,normal oblique,15
287,Tank Canyon,-134,normal oblique,14
287,Tank Canyon,-133,normal oblique,12
287,Tank Canyon,-132,normal oblique,8
287,Tank Canyon,-131,normal oblique,9
287,Tank Canyon,-130,normal oblique,15
287,Tank Canyon,-129,normal oblique,13
287,Tank Canyon,-128,normal oblique,3
287,Tank Canyon,-127,normal oblique,31
287,Tank Canyon,-125,normal oblique,15
287,Tank Canyon,-124,normal oblique,11
287,Tank Canyon,-123,normal oblique,4
287,Tank Canyon,-122,normal oblique,11
287,Tank Canyon,-120,normal oblique,9
287,Tank Canyon,-119,normal oblique,5
287,Tank Canyon,-118,normal oblique,7
287,Tank Canyon,-116,normal oblique,10
287,Tank Canyon,-113,normal oblique,7
287,Tank Canyon,-112,normal oblique,5
287,Tank Canyon,-110,normal,6
287,Tank Canyon,-107,normal,7
287,Tank Canyon,-90,normal,77
288,Thirty Mile Bank,90,reverse,112
288,Thirty Mile Bank,92,reverse,7
288,Thirty Mile Bank,93,reverse,11
288,Thirty Mile Bank,94,reverse,17
288,Thirty Mile Bank,95,reverse,21
288,Thirty Mile Bank,96,reverse,16
288,Thirty Mile Bank,97,reverse,13
288,Thirty Mile Bank,98,reverse,29
288,Thirty Mile Bank,99,reverse,6
288,Thirty Mile Bank,100,reverse,9
288,Thirty Mile Bank,101,reverse,8
288,Thirty Mile Bank,102,reverse,8
288,Thirty Mile Bank,103,reverse,3
288,Thirty Mile Bank,104,reverse,4
288,Thirty Mile Bank,106,reverse,7
288,Thirty Mile Bank,108,reverse,3
288,Thirty Mile Bank,110,reverse oblique,4
288,Thirty Mile Bank,113,reverse oblique,4
288,Thirty Mile Bank,116,reverse oblique,4
288,Thirty Mile Bank,120,reverse oblique,2
288,Thirty Mile Bank,123,reverse oblique,2
288,Thirty Mile Bank,126,reverse oblique,2
288,Thirty Mile Bank,128,reverse oblique,2
288,Thirty Mile Bank,130,reverse oblique,2
288,Thirty Mile Bank,133,reverse oblique,2
288,Thirty Mile Bank,135,reverse oblique,2
288,Thirty Mile Bank,137,reverse oblique,2
288,Thirty Mile Bank,139,reverse oblique,2
288,Thirty Mile Bank,140,reverse oblique,2
288,Thirty Mile Bank,142,reverse oblique,2
288,Thirty Mile Bank,144,reverse oblique,2
288,Thirty Mile Bank,145,reverse oblique,2
288,Thirty Mile Bank,146,reverse oblique,2
288,Thirty Mile Bank,147,reverse oblique,2
288,Thirty Mile Bank,149,reverse oblique,2
288,Thirty Mile Bank,150,reverse oblique,2
288,Thirty Mile Bank,151,reverse oblique,2
288,Thirty Mile Bank,152,reverse oblique,2
288,Thirty Mile Bank,153,reverse oblique,2
288,Thirty Mile Bank,154,reverse oblique,4
288,Thirty Mile Bank,155,reverse oblique,2
288,Thirty Mile Bank,156,reverse oblique,4
288,Thirty Mile Bank,157,reverse oblique,2
288,Thirty Mile Bank,158,reverse oblique,4
288,Thirty Mile Bank,159,reverse oblique,4
288,Thirty Mile Bank,160,strike-slip,4
288,Thirty Mile Bank,161,strike-slip,4
288,Thirty Mile Bank,162,strike-slip,6
288,Thirty Mile Bank,163,strike-slip,4
288,Thirty Mile Bank,164,strike-slip,8
288,Thirty Mile Bank,165,strike-slip,2
289,Tin Mountain,-154,normal oblique,2
289,Tin Mountain,-152,normal oblique,12
289,Tin Mountain,-151,normal oblique,6
289,Tin Mountain,-149,normal oblique,2
289,Tin Mountain,-147,normal oblique,15
289,Tin Mountain,-146,normal oblique,12
289,Tin Mountain,-144,normal oblique,8
289,Tin Mountain,-143,normal oblique,13
289,Tin Mountain,-142,normal oblique,8
289,Tin Mountain,-141,normal oblique,13
289,Tin Mountain,-140,normal oblique,9
289,Tin Mountain,-139,normal oblique,5
289,Tin Mountain,-138,normal oblique,3
289,Tin Mountain,-135,normal oblique,6
289,Tin Mountain,-132,normal oblique,3
289,Tin Mountain,-130,normal oblique,4
289,Tin Mountain,-124,normal oblique,9
289,Tin Mountain,-117,normal oblique,4
289,Tin Mountain,-114,normal oblique,3
289,Tin Mountain,-108,normal,4
289,Tin Mountain,-90,normal,30
290,Towne Pass,-140,normal oblique,2
290,Towne Pass,-139,normal oblique,4
290,Towne Pass,-138,normal oblique,2
290,Towne Pass,-137,normal oblique,5
290,Towne Pass,-136,normal oblique,5
290,Towne Pass,-135,normal oblique,3
290,Towne Pass,-134,normal oblique,5
290,Towne Pass,-133,normal oblique,3
290,Towne Pass,-132,normal oblique,7
290,Towne Pass,-130,normal oblique,14
290,Towne Pass,-128,normal oblique,6
290,Towne Pass,-127,normal oblique,3
290,Towne Pass,-126,normal oblique,7
290,Towne Pass,-125,normal oblique,7
290,Towne Pass,-124,normal oblique,7
290,Towne Pass,-123,normal oblique,4
290,Towne Pass,-122,normal oblique,4
290,Towne Pass,-121,normal oblique,3
290,Towne Pass,-119,normal oblique,2
290,Towne Pass,-117,normal oblique,3
290,Towne Pass,-113,normal oblique,5
290,Towne Pass,-107,normal,3
290,Towne Pass,-90,normal,50
292,Ventura - Pitas Point,57,reverse oblique,2
292,Ventura - Pitas Point,58,reverse oblique,12
292,Ventura - Pitas Point,59,reverse oblique,14
292,Ventura - Pitas Point,60,reverse oblique,112
292,Ventura - Pitas Point,61,reverse oblique,17
292,Ventura - Pitas Point,62,reverse oblique,35
292,Ventura - Pitas Point,63,reverse oblique,36
292,Ventura - Pitas Point,64,reverse oblique,82
292,Ventura - Pitas Point,65,reverse oblique,77
292,Ventura - Pitas Point,66,reverse oblique,108
292,Ventura - Pitas Point,67,reverse oblique,139
292,Ventura - Pitas Point,68,reverse oblique,193
292,Ventura - Pitas Point,69,reverse oblique,155
292,Ventura - Pitas Point,70,reverse,220
292,Ventura - Pitas Point,71,reverse,180
292,Ventura - Pitas Point,72,reverse,204
292,Ventura - Pitas Point,73,reverse,209
292,Ventura - Pitas Point,74,reverse,277
292,Ventura - Pitas Point,75,reverse,346
292,Ventura - Pitas Point,76,reverse,428
292,Ventura - Pitas Point,77,reverse,342
292,Ventura - Pitas Point,78,reverse,662
292,Ventura - Pitas Point,79,reverse,768
292,Ventura - Pitas Point,80,reverse,1226
292,Ventura - Pitas Point,81,reverse,1249
292,Ventura - Pitas Point,82,reverse,1996
292,Ventura - Pitas Point,83,reverse,2488
292,Ventura - Pitas Point,84,reverse,3769
292,Ventura - Pitas Point,85,reverse,3270
292,Ventura - Pitas Point,86,reverse,2428
292,Ventura - Pitas Point,87,reverse,557
292,Ventura - Pitas Point,88,reverse,343
292,Ventura - Pitas Point,89,reverse,50
292,Ventura - Pitas Point,90,reverse,33
292,Ventura - Pitas Point,91,reverse,63
292,Ventura - Pitas Point,92,reverse,42
292,Ventura - Pitas Point,93,reverse,38
292,Ventura - Pitas Point,94,reverse,57
292,Ventura - Pitas Point,95,reverse,31
292,Ventura - Pitas Point,96,reverse,32
292,Ventura - Pitas Point,97,reverse,31
292,Ventura - Pitas Point,98,reverse,44
292,Ventura - Pitas Point,99,reverse,34
292,Ventura - Pitas Point,100,reverse,31
292,Ventura - Pitas Point,101,reverse,25
292,Ventura - Pitas Point,102,reverse,38
292,Ventura - Pitas Point,103,reverse,20
292,Ventura - Pitas Point,104,reverse,27
292,Ventura - Pitas Point,105,reverse,25
292,Ventura - Pitas Point,106,reverse,30
292,Ventura - Pitas Point,107,reverse,25
292,Ventura - Pitas Point,108,reverse,20
292,Ventura - Pitas Point,109,reverse,19
292,Ventura - Pitas Point,110,reverse oblique,12
292,Ventura - Pitas Point,111,reverse oblique,11
292,Ventura - Pitas Point,112,reverse oblique,9
292,Ventura - Pitas Point,113,reverse oblique,7
292,Ventura - Pitas Point,115,reverse oblique,4
292,Ventura - Pitas Point,116,reverse oblique,3
292,Ventura - Pitas Point,118,reverse oblique,2
293,Verdugo,37,reverse oblique,4
293,Verdugo,38,reverse oblique,10
293,Verdugo,39,reverse oblique,8
293,Verdugo,40,reverse oblique,14
293,Verdugo,41,reverse oblique,6
293,Verdugo,42,reverse oblique,6
293,Verdugo,43,reverse oblique,4
293,Verdugo,44,reverse oblique,14
293,Verdugo,45,reverse oblique,18
293,Verdugo,46,reverse oblique,30
293,Verdugo,47,reverse oblique,22
293,Verdugo,48,reverse oblique,14
293,Verdugo,49,reverse oblique,18
293,Verdugo,50,reverse oblique,22
293,Verdugo,51,reverse oblique,10
293,Verdugo,52,reverse oblique,24
293,Verdugo,53,reverse oblique,10
293,Verdugo,54,reverse oblique,18
293,Verdugo,55,reverse oblique,8
293,Verdugo,56,reverse oblique,8
293,Verdugo,57,reverse oblique,2
293,Verdugo,58,reverse oblique,18
293,Verdugo,59,reverse oblique,24
293,Verdugo,60,reverse oblique,8
293,Verdugo,61,reverse oblique,20
293,Verdugo,62,reverse oblique,12
293,Verdugo,63,reverse oblique,20
293,Verdugo,64,reverse oblique,6
293,Verdugo,65,reverse oblique,4
293,Verdugo,66,reverse oblique,16
293,Verdugo,67,reverse oblique,4
293,Verdugo,68,reverse oblique,6
293,Verdugo,69,reverse oblique,8
293,Verdugo,70,reverse,19
293,Verdugo,71,reverse,6
293,Verdugo,72,reverse,21
293,Verdugo,73,reverse,26
293,Verdugo,74,reverse,56
293,Verdugo,75,reverse,72
293,Verdugo,76,reverse,148
293,Verdugo,77,reverse,83
293,Verdugo,78,reverse,88
293,Verdugo,79,reverse,109
293,Verdugo,80,reverse,192
293,Verdugo,81,reverse,180
293,Verdugo,82,reverse,279
293,Verdugo,83,reverse,213
293,Verdugo,84,reverse,423
293,Verdugo,85,reverse,712
293,Verdugo,86,reverse,687
293,Verdugo,87,reverse,614
293,Verdugo,88,reverse,683
293,Verdugo,90,reverse,2804
293,Verdugo,92,reverse,2
293,Verdugo,93,reverse,52
293,Verdugo,94,reverse,46
293,Verdugo,95,reverse,30
293,Verdugo,96,reverse,56
293,Verdugo,97,reverse,16
293,Verdugo,98,reverse,40
293,Verdugo,99,reverse,19
293,Verdugo,100,reverse,30
293,Verdugo,101,reverse,26
293,Verdugo,102,reverse,23
293,Verdugo,103,reverse,10
293,Verdugo,104,reverse,24
293,Verdugo,105,reverse,16
293,Verdugo,106,reverse,24
293,Verdugo,107,reverse,7
293,Verdugo,108,reverse,24
293,Verdugo,109,reverse,16
293,Verdugo,110,reverse oblique,8
293,Verdugo,111,reverse oblique,20
293,Verdugo,112,reverse oblique,18
293,Verdugo,114,reverse oblique,27
293,Verdugo,115,reverse oblique,10
293,Verdugo,116,reverse oblique,16
293,Verdugo,117,reverse oblique,8
293,Verdugo,118,reverse oblique,6
293,Verdugo,119,reverse oblique,20
293,Verdugo,121,reverse oblique,18
293,Verdugo,122,reverse oblique,8
293,Verdugo,123,reverse oblique,8
293,Verdugo,124,reverse oblique,14
293,Verdugo,125,reverse oblique,4
293,Verdugo,126,reverse oblique,14
293,Verdugo,127,reverse oblique,4
293,Verdugo,128,reverse oblique,8
293,Verdugo,129,reverse oblique,8
293,Verdugo,131,reverse oblique,4
293,Verdugo,132,reverse oblique,11
293,Verdugo,133,reverse oblique,4
293,Verdugo,134,reverse oblique,15
293,Verdugo,135,reverse oblique,8
293,Verdugo,136,reverse oblique,11
293,Verdugo,137,reverse oblique,4
293,Verdugo,138,reverse oblique,15
293,Verdugo,139,reverse oblique,4
293,Verdugo,140,reverse oblique,7
293,Verdugo,141,reverse oblique,12
293,Verdugo,142,reverse oblique,8
293,Verdugo,143,reverse oblique,12
293,Verdugo,144,reverse oblique,14
293,Verdugo,145,reverse oblique,10
293,Verdugo,146,reverse oblique,16
293,Verdugo,147,reverse oblique,12
293,Verdugo,148,reverse oblique,8
293,Verdugo,149,reverse oblique,8
293,Verdugo,150,reverse oblique,7
293,Verdugo,151,reverse oblique,4
293,Verdugo,152,reverse oblique,4
293,Verdugo,153,reverse oblique,2
294,Walker Spring,-123,normal oblique,2
294,Walker Spring,-120,normal oblique,2
294,Walker Spring,-118,normal oblique,3
294,Walker Spring,-117,normal oblique,2
294,Walker Spring,-116,normal oblique,3
294,Walker Spring,-115,normal oblique,4
294,Walker Spring,-112,normal oblique,14
294,Walker Spring,-110,normal,11
294,Walker Spring,-109,normal,4
294,Walker Spring,-108,normal,16
294,Walker Spring,-107,normal,5
294,Walker Spring,-106,normal,7
294,Walker Spring,-105,normal,10
294,Walker Spring,-103,normal,7
294,Walker Spring,-102,normal,5
294,Walker Spring,-101,normal,6
294,Walker Spring,-100,normal,7
294,Walker Spring,-90,normal,77
295,West Napa,154,reverse oblique,2
295,West Napa,155,reverse oblique,4
295,West Napa,156,reverse oblique,5
295,West Napa,158,reverse oblique,11
295,West Napa,159,reverse oblique,8
295,West Napa,160,strike-slip,21
295,West Napa,161,strike-slip,25
295,West Napa,162,strike-slip,47
295,West Napa,163,strike-slip,57
295,West Napa,164,strike-slip,90
295,West Napa,165,strike-slip,93
295,West Napa,166,strike-slip,153
295,West Napa,167,strike-slip,178
295,West Napa,168,strike-slip,255
295,West Napa,169,strike-slip,177
295,West Napa,170,strike-slip,209
295,West Napa,171,strike-slip,35
295,West Napa,172,strike-slip,34
295,West Napa,174,strike-slip,5
295,West Napa,175,strike-slip,5
295,West Napa,176,strike-slip,59
295,West Napa,177,strike-slip,1094
295,West Napa,178,strike-slip,4605
295,West Napa,179,strike-slip,3590
295,West Napa,180,strike-slip,65348
296,West Tahoe,-146,normal oblique,2
296,West Tahoe,-139,normal oblique,2
296,West Tahoe,-135,normal oblique,3
296,West Tahoe,-127,normal oblique,9
296,West Tahoe,-121,normal oblique,5
296,West Tahoe,-120,normal oblique,4
296,West Tahoe,-117,normal oblique,9
296,West Tahoe,-114,normal oblique,5
296,West Tahoe,-113,normal oblique,7
296,West Tahoe,-111,normal oblique,10
296,West Tahoe,-108,normal,7
296,West Tahoe,-107,normal,5
296,West Tahoe,-104,normal,6
296,West Tahoe,-102,normal,7
296,West Tahoe,-90,normal,77
297,White Mountains,-173,strike-slip,68
297,White Mountains,-172,strike-slip,149
297,White Mountains,-171,strike-slip,161
297,White Mountains,-170,strike-slip,171
297,White Mountains,-169,strike-slip,105
297,White Mountains,-168,strike-slip,137
297,White Mountains,-167,strike-slip,88
297,White Mountains,-166,strike-slip,99
297,White Mountains,-165,strike-slip,63
297,White Mountains,-164,strike-slip,46
297,White Mountains,-163,strike-slip,41
297,White Mountains,-162,strike-slip,53
297,White Mountains,-161,strike-slip,21
297,White Mountains,-160,normal oblique,31
297,White Mountains,-159,normal oblique,14
297,White Mountains,-158,normal oblique,43
297,White Mountains,-157,normal oblique,39
297,White Mountains,-156,normal oblique,52
297,White Mountains,-155,normal oblique,22
297,White Mountains,-154,normal oblique,47
297,White Mountains,-153,normal oblique,25
297,White Mountains,-152,normal oblique,37
297,White Mountains,-151,normal oblique,35
297,White Mountains,-150,normal oblique,38
297,White Mountains,-149,normal oblique,22
297,White Mountains,-148,normal oblique,35
297,White Mountains,-147,normal oblique,13
297,White Mountains,-146,normal oblique,35
297,White Mountains,-145,normal oblique,14
297,White Mountains,-144,normal oblique,38
297,White Mountains,-143,normal oblique,9
297,White Mountains,-142,normal oblique,26
297,White Mountains,-141,normal oblique,5
297,White Mountains,-140,normal oblique,51
297,White Mountains,-139,normal oblique,2
297,White Mountains,-138,normal oblique,18
297,White Mountains,-137,normal oblique,21
297,White Mountains,-136,normal oblique,7
297,White Mountains,-135,normal oblique,14
297,White Mountains,-134,normal oblique,26
297,White Mountains,-132,normal oblique,14
297,White Mountains,-131,normal oblique,22
297,White Mountains,-129,normal oblique,10
297,White Mountains,-128,normal oblique,19
297,White Mountains,-127,normal oblique,15
297,White Mountains,-126,normal oblique,5
297,White Mountains,-125,normal oblique,9
297,White Mountains,-124,normal oblique,12
297,White Mountains,-123,normal oblique,6
297,White Mountains,-121,normal oblique,5
297,White Mountains,-120,normal oblique,19
297,White Mountains,-119,normal oblique,2
297,White Mountains,-118,normal oblique,5
297,White Mountains,-116,normal oblique,10
297,White Mountains,-114,normal oblique,3
297,White Mountains,-113,normal oblique,4
297,White Mountains,-112,normal oblique,2
297,White Mountains,-111,normal oblique,6
297,White Mountains,-108,normal,3
297,White Mountains,-106,normal,5
297,White Mountains,-102,normal,2
297,White Mountains,-101,normal,2
297,White Mountains,180,strike-slip,1122
298,White Wolf,-87,normal,10
298,White Wolf,-86,normal,10
298,White Wolf,-85,normal,13
298,White Wolf,-84,normal,9
298,White Wolf,-83,normal,13
298,White Wolf,-82,normal,11
298,White Wolf,-81,normal,3
298,White Wolf,-80,normal,9
298,White Wolf,-79,normal,9
298,White Wolf,-77,normal,11
298,White Wolf,-76,normal,6
298,White Wolf,-75,normal,5
298,White Wolf,-73,normal,15
298,White Wolf,-72,normal,3
298,White Wolf,-70,normal oblique,6
298,White Wolf,-69,normal oblique,8
298,White Wolf,-68,normal oblique,10
298,White Wolf,-66,normal oblique,2
298,White Wolf,-65,normal oblique,16
298,White Wolf,-64,normal oblique,8
298,White Wolf,-63,normal oblique,4
298,White Wolf,-59,normal oblique,11
298,White Wolf,-58,normal oblique,9
298,White Wolf,-54,normal oblique,4
298,White Wolf,-53,normal oblique,9
298,White Wolf,-50,normal oblique,5
298,White Wolf,-42,normal oblique,3
298,White Wolf,-39,normal oblique,4
298,White Wolf,-37,normal oblique,5
298,White Wolf,-36,normal oblique,6
298,White Wolf,-20,strike-slip,7
298,White Wolf,-19,strike-slip,6
298,White Wolf,-17,strike-slip,5
298,White Wolf,-14,strike-slip,4
298,White Wolf,-6,strike-slip,8
298,White Wolf,-2,strike-slip,7
298,White Wolf,0,strike-slip,2
298,White Wolf,2,strike-slip,6
298,White Wolf,6,strike-slip,9
298,White Wolf,8,strike-slip,5
298,White Wolf,10,strike-slip,8
298,White Wolf,16,strike-slip,7
298,White Wolf,19,strike-slip,9
298,White Wolf,22,reverse oblique,6
298,White Wolf,25,reverse oblique,8
298,White Wolf,30,reverse oblique,3
298,White Wolf,31,reverse oblique,16
298,White Wolf,36,reverse oblique,8
298,White Wolf,40,reverse oblique,9
298,White Wolf,41,reverse oblique,4
298,White Wolf,46,reverse oblique,5
298,White Wolf,49,reverse oblique,6
298,White Wolf,51,reverse oblique,7
298,White Wolf,52,reverse oblique,8
298,White Wolf,53,reverse oblique,9
298,White Wolf,55,reverse oblique,2
298,White Wolf,56,reverse oblique,14
298,White Wolf,57,reverse oblique,53
298,White Wolf,58,reverse oblique,72
298,White Wolf,59,reverse oblique,35
298,White Wolf,60,reverse oblique,420
299,White Wolf (extension),42,reverse oblique,2
299,White Wolf (extension),45,reverse oblique,2
299,White Wolf (extension),47,reverse oblique,3
299,White Wolf (extension),48,reverse oblique,2
299,White Wolf (extension),50,reverse oblique,7
299,White Wolf (extension),52,reverse oblique,14
299,White Wolf (extension),53,reverse oblique,11
299,White Wolf (extension),54,reverse oblique,20
299,White Wolf (extension),55,reverse oblique,19
299,White Wolf (extension),56,reverse oblique,50
299,White Wolf (extension),57,reverse oblique,76
299,White Wolf (extension),58,reverse oblique,91
299,White Wolf (extension),59,reverse oblique,35
299,White Wolf (extension),60,reverse oblique,293
301,Whittier [2],46,reverse oblique,4
301,Whittier [2],47,reverse oblique,4
301,Whittier [2],48,reverse oblique,5
301,Whittier [2],49,reverse oblique,5
301,Whittier [2],50,reverse oblique,25
301,Whittier [2],51,reverse oblique,25
301,Whittier [2],52,reverse oblique,53
301,Whittier [2],53,reverse oblique,74
301,Whittier [2],54,reverse oblique,87
301,Whittier [2],55,reverse oblique,113
301,Whittier [2],56,reverse oblique,137
301,Whittier [2],57,reverse oblique,137
301,Whittier [2],58,reverse oblique,190
301,Whittier [2],59,reverse oblique,196
301,Whittier [2],60,reverse oblique,221
301,Whittier [2],61,reverse oblique,202
301,Whittier [2],62,reverse oblique,293
301,Whittier [2],63,reverse oblique,242
301,Whittier [2],64,reverse oblique,290
301,Whittier [2],65,reverse oblique,288
301,Whittier [2],66,reverse oblique,296
301,Whittier [2],67,reverse oblique,265
301,Whittier [2],68,reverse oblique,278
301,Whittier [2],69,reverse oblique,245
301,Whittier [2],70,reverse,344
301,Whittier [2],71,reverse,237
301,Whittier [2],72,reverse,359
301,Whittier [2],73,reverse,287
301,Whittier [2],74,reverse,273
301,Whittier [2],75,reverse,351
301,Whittier [2],76,reverse,418
301,Whittier [2],77,reverse,197
301,Whittier [2],78,reverse,467
301,Whittier [2],79,reverse,334
301,Whittier [2],80,reverse,355
301,Whittier [2],81,reverse,374
301,Whittier [2],82,reverse,286
301,Whittier [2],83,reverse,309
301,Whittier [2],84,reverse,317
301,Whittier [2],85,reverse,202
301,Whittier [2],86,reverse,313
301,Whittier [2],87,reverse,246
301,Whittier [2],88,reverse,229
301,Whittier [2],89,reverse,222
301,Whittier [2],90,reverse,198
301,Whittier [2],91,reverse,311
301,Whittier [2],92,reverse,217
301,Whittier [2],93,reverse,139
301,Whittier [2],94,reverse,252
301,Whittier [2],95,reverse,205
301,Whittier [2],96,reverse,191
301,Whittier [2],97,reverse,182
301,Whittier [2],98,reverse,222
301,Whittier [2],99,reverse,177
301,Whittier [2],100,reverse,211
301,Whittier [2],101,reverse,171
301,Whittier [2],102,reverse,268
301,Whittier [2],103,reverse,110
301,Whittier [2],104,reverse,195
301,Whittier [2],105,reverse,145
301,Whittier [2],106,reverse,229
301,Whittier [2],107,reverse,119
301,Whittier [2],108,reverse,195
301,Whittier [2],109,reverse,166
301,Whittier [2],110,reverse oblique,152
301,Whittier [2],111,reverse oblique,167
301,Whittier [2],112,reverse oblique,159
301,Whittier [2],113,reverse oblique,166
301,Whittier [2],114,reverse oblique,149
301,Whittier [2],115,reverse oblique,149
301,Whittier [2],116,reverse oblique,159
301,Whittier [2],117,reverse oblique,179
301,Whittier [2],118,reverse oblique,167
301,Whittier [2],119,reverse oblique,121
301,Whittier [2],120,reverse oblique,218
301,Whittier [2],121,reverse oblique,186
301,Whittier [2],122,reverse oblique,203
301,Whittier [2],123,reverse oblique,169
301,Whittier [2],124,reverse oblique,208
301,Whittier [2],125,reverse oblique,154
301,Whittier [2],126,reverse oblique,173
301,Whittier [2],127,reverse oblique,150
301,Whittier [2],128,reverse oblique,181
301,Whittier [2],129,reverse oblique,153
301,Whittier [2],130,reverse oblique,187
301,Whittier [2],131,reverse oblique,172
301,Whittier [2],132,reverse oblique,154
301,Whittier [2],133,reverse oblique,148
301,Whittier [2],134,reverse oblique,212
301,Whittier [2],135,reverse oblique,182
301,Whittier [2],136,reverse oblique,156
301,Whittier [2],137,reverse oblique,135
301,Whittier [2],138,reverse oblique,217
301,Whittier [2],139,reverse oblique,169
301,Whittier [2],140,reverse oblique,215
301,Whittier [2],141,reverse oblique,169
301,Whittier [2],142,reverse oblique,170
301,Whittier [2],143,reverse oblique,208
301,Whittier [2],144,reverse oblique,209
301,Whittier [2],145,reverse oblique,143
301,Whittier [2],146,reverse oblique,211
301,Whittier [2],147,reverse oblique,172
301,Whittier [2],148,reverse oblique,205
301,Whittier [2],149,reverse oblique,163
301,Whittier [2],150,reverse oblique,301
301,Whittier [2],151,reverse oblique,180
301,Whittier [2],152,reverse oblique,208
301,Whittier [2],153,reverse oblique,196
301,Whittier [2],154,reverse oblique,212
301,Whittier [2],155,reverse oblique,176
301,Whittier [2],156,reverse oblique,165
301,Whittier [2],157,reverse oblique,182
301,Whittier [2],158,reverse oblique,125
301,Whittier [2],159,reverse oblique,147
301,Whittier [2],160,strike-slip,154
301,Whittier [2],161,strike-slip,130
301,Whittier [2],162,strike-slip,190
301,Whittier [2],163,strike-slip,161
301,Whittier [2],164,strike-slip,197
301,Whittier [2],165,strike-slip,158
301,Whittier [2],166,strike-slip,179
301,Whittier [2],167,strike-slip,173
301,Whittier [2],168,strike-slip,212
301,Whittier [2],169,strike-slip,118
301,Whittier [2],170,strike-slip,132
301,Whittier [2],171,strike-slip,70
301,Whittier [2],172,strike-slip,99
301,Whittier [2],173,strike-slip,74
301,Whittier [2],174,strike-slip,124
301,Whittier [2],175,strike-slip,86
301,Whittier [2],176,strike-slip,89
301,Whittier [2],177,strike-slip,44
301,Whittier [2],178,strike-slip,24
302,Wight Way,-90,normal,7
303,Yorba Linda,56,reverse oblique,2
303,Yorba Linda,57,reverse oblique,5
303,Yorba Linda,58,reverse oblique,5
303,Yorba Linda,60,reverse oblique,12
303,Yorba Linda,61,reverse oblique,22
303,Yorba Linda,62,reverse oblique,25
303,Yorba Linda,63,reverse oblique,13
303,Yorba Linda,64,reverse oblique,17
303,Yorba Linda,65,reverse oblique,22
303,Yorba Linda,66,reverse oblique,17
303,Yorba Linda,67,reverse oblique,15
303,Yorba Linda,68,reverse oblique,31
303,Yorba Linda,69,reverse oblique,21
303,Yorba Linda,70,reverse,23
303,Yorba Linda,71,reverse,20
303,Yorba Linda,72,reverse,36
303,Yorba Linda,73,reverse,33
303,Yorba Linda,74,reverse,40
303,Yorba Linda,75,reverse,29
303,Yorba Linda,76,reverse,34
303,Yorba Linda,77,reverse,34
303,Yorba Linda,78,reverse,36
303,Yorba Linda,79,reverse,34
303,Yorba Linda,80,reverse,22
303,Yorba Linda,81,reverse,22
303,Yorba Linda,82,reverse,16
303,Yorba Linda,83,reverse,29
303,Yorba Linda,84,reverse,16
303,Yorba Linda,85,reverse,3
303,Yorba Linda,86,reverse,17
303,Yorba Linda,87,reverse,12
303,Yorba Linda,88,reverse,9
303,Yorba Linda,89,reverse,24
303,Yorba Linda,90,reverse,65
303,Yorba Linda,91,reverse,28
303,Yorba Linda,92,reverse,3
303,Yorba Linda,93,reverse,19
303,Yorba Linda,94,reverse,17
303,Yorba Linda,95,reverse,18
303,Yorba Linda,96,reverse,15
303,Yorba Linda,97,reverse,21
303,Yorba Linda,98,reverse,19
303,Yorba Linda,99,reverse,15
303,Yorba Linda,100,reverse,9
303,Yorba Linda,101,reverse,21
303,Yorba Linda,102,reverse,20
303,Yorba Linda,103,reverse,6
303,Yorba Linda,104,reverse,17
303,Yorba Linda,105,reverse,14
303,Yorba Linda,106,reverse,24
303,Yorba Linda,107,reverse,14
303,Yorba Linda,108,reverse,26
303,Yorba Linda,109,reverse,12
303,Yorba Linda,110,reverse oblique,23
303,Yorba Linda,111,reverse oblique,17
303,Yorba Linda,112,reverse oblique,12
303,Yorba Linda,113,reverse oblique,21
303,Yorba Linda,114,reverse oblique,18
303,Yorba Linda,115,reverse oblique,15
303,Yorba Linda,116,reverse oblique,21
303,Yorba Linda,117,reverse oblique,16
303,Yorba Linda,118,reverse oblique,22
303,Yorba Linda,119,reverse oblique,13
303,Yorba Linda,120,reverse oblique,23
303,Yorba Linda,121,reverse oblique,20
303,Yorba Linda,122,reverse oblique,19
303,Yorba Linda,123,reverse oblique,20
303,Yorba Linda,124,reverse oblique,27
303,Yorba Linda,125,reverse oblique,12
303,Yorba Linda,126,reverse oblique,18
303,Yorba Linda,127,reverse oblique,12
303,Yorba Linda,128,reverse oblique,15
303,Yorba Linda,129,reverse oblique,18
303,Yorba Linda,130,reverse oblique,10
303,Yorba Linda,131,reverse oblique,23
303,Yorba Linda,132,reverse oblique,9
303,Yorba Linda,133,reverse oblique,12
303,Yorba Linda,134,reverse oblique,14
303,Yorba Linda,135,reverse oblique,6
303,Yorba Linda,136,reverse oblique,20
303,Yorba Linda,137,reverse oblique,9
303,Yorba Linda,138,reverse oblique,17
303,Yorba Linda,139,reverse oblique,9
303,Yorba Linda,140,reverse oblique,3
303,Yorba Linda,141,reverse oblique,8
303,Yorba Linda,142,reverse oblique,7
303,Yorba Linda,143,reverse oblique,11
303,Yorba Linda,144,reverse oblique,5
303,Yorba Linda,145,reverse oblique,16
303,Yorba Linda,146,reverse oblique,8
303,Yorba Linda,147,reverse oblique,12
303,Yorba Linda,148,reverse oblique,6
303,Yorba Linda,149,reverse oblique,6
303,Yorba Linda,150,reverse oblique,12
303,Yorba Linda,152,reverse oblique,11
303,Yorba Linda,153,reverse oblique,6
303,Yorba Linda,154,reverse oblique,15
303,Yorba Linda,155,reverse oblique,2
303,Yorba Linda,156,reverse oblique,12
303,Yorba Linda,157,reverse oblique,10
303,Yorba Linda,158,reverse oblique,7
303,Yorba Linda,159,reverse oblique,13
303,Yorba Linda,160,strike-slip,15
303,Yorba Linda,162,strike-slip,3
303,Yorba Linda,163,strike-slip,5
303,Yorba Linda,164,strike-slip,13
303,Yorba Linda,165,strike-slip,4
303,Yorba Linda,166,strike-slip,4
303,Yorba Linda,167,strike-slip,7
303,Yorba Linda,168,strike-slip,6
303,Yorba Linda,169,strike-slip,4
303,Yorba Linda,170,strike-slip,4
303,Yorba Linda,172,strike-slip,3
303,Yorba Linda,173,strike-slip,9
303,Yorba Linda,174,strike-slip,6
303,Yorba Linda,175,strike-slip,2
305,Zayante - Vergeles [2],108,reverse,2
305,Zayante - Vergeles [2],111,reverse oblique,5
305,Zayante - Vergeles [2],114,reverse oblique,7
305,Zayante - Vergeles [2],115,reverse oblique,2
305,Zayante - Vergeles [2],116,reverse oblique,5
305,Zayante - Vergeles [2],117,reverse oblique,4
305,Zayante - Vergeles [2],118,reverse oblique,9
305,Zayante - Vergeles [2],119,reverse oblique,5
305,Zayante - Vergeles [2],120,reverse oblique,9
305,Zayante - Vergeles [2],121,reverse oblique,18
305,Zayante - Vergeles [2],123,reverse oblique,23
305,Zayante - Vergeles [2],124,reverse oblique,13
305,Zayante - Vergeles [2],125,reverse oblique,17
305,Zayante - Vergeles [2],126,reverse oblique,17
305,Zayante - Vergeles [2],127,reverse oblique,27
305,Zayante - Vergeles [2],128,reverse oblique,7
305,Zayante - Vergeles [2],129,reverse oblique,29
305,Zayante - Vergeles [2],130,reverse oblique,50
305,Zayante - Vergeles [2],131,reverse oblique,43
305,Zayante - Vergeles [2],132,reverse oblique,85
305,Zayante - Vergeles [2],133,reverse oblique,104
305,Zayante - Vergeles [2],134,reverse oblique,162
305,Zayante - Vergeles [2],135,reverse oblique,101
305,Zayante - Vergeles [2],136,reverse oblique,208
305,Zayante - Vergeles [2],137,reverse oblique,213
305,Zayante - Vergeles [2],138,reverse oblique,339
305,Zayante - Vergeles [2],139,reverse oblique,335
305,Zayante - Vergeles [2],140,reverse oblique,570
305,Zayante - Vergeles [2],141,reverse oblique,562
305,Zayante - Vergeles [2],142,reverse oblique,672
305,Zayante - Vergeles [2],143,reverse oblique,567
305,Zayante - Vergeles [2],144,reverse oblique,794
305,Zayante - Vergeles [2],145,reverse oblique,618
305,Zayante - Vergeles [2],146,reverse oblique,862
305,Zayante - Vergeles [2],147,reverse oblique,637
305,Zayante - Vergeles [2],148,reverse oblique,1037
305,Zayante - Vergeles [2],149,reverse oblique,793
305,Zayante - Vergeles [2],150,reverse oblique,1500
305,Zayante - Vergeles [2],151,reverse oblique,1055
305,Zayante - Vergeles [2],152,reverse oblique,1682
305,Zayante - Vergeles [2],153,reverse oblique,1394
305,Zayante - Vergeles [2],154,reverse oblique,1947
305,Zayante - Vergeles [2],155,reverse oblique,1664
305,Zayante - Vergeles [2],156,reverse oblique,2009
305,Zayante - Vergeles [2],157,reverse oblique,1955
305,Zayante - Vergeles [2],158,reverse oblique,2374
305,Zayante - Vergeles [2],159,reverse oblique,2370
305,Zayante - Vergeles [2],160,strike-slip,3541
305,Zayante - Vergeles [2],161,strike-slip,3006
305,Zayante - Vergeles [2],162,strike-slip,4178
305,Zayante - Vergeles [2],163,strike-slip,3498
305,Zayante - Vergeles [2],164,strike-slip,4767
305,Zayante - Vergeles [2],165,strike-slip,4023
305,Zayante - Vergeles [2],166,strike-slip,5770
305,Zayante - Vergeles [2],167,strike-slip,5713
305,Zayante - Vergeles [2],168,strike-slip,7768
305,Zayante - Vergeles [2],169,strike-slip,7962
305,Zayante - Vergeles [2],170,strike-slip,11553
305,Zayante - Vergeles [2],171,strike-slip,12023
305,Zayante - Vergeles [2],172,strike-slip,18200
305,Zayante - Vergeles [2],173,strike-slip,16402
305,Zayante - Vergeles [2],174,strike-slip,24636
305,Zayante - Vergeles [2],175,strike-slip,24024
305,Zayante - Vergeles [2],176,strike-slip,39092
305,Zayante - Vergeles [2],177,strike-slip,35473
305,Zayante - Vergeles [2],178,strike-slip,6400
305,Zayante - Vergeles [2],179,strike-slip,2422
305,Zayante - Vergeles [2],180,strike-slip,214
700,San Andreas (Coachella),0,strike-slip,5
700,San Andreas (Coachella),136,reverse oblique,5
700,San Andreas (Coachella),137,reverse oblique,4
700,San Andreas (Coachella),138,reverse oblique,10
700,San Andreas (Coachella),139,reverse oblique,10
700,San Andreas (Coachella),140,reverse oblique,12
700,San Andreas (Coachella),141,reverse oblique,14
700,San Andreas (Coachella),142,reverse oblique,41
700,San Andreas (Coachella),143,reverse oblique,27
700,San Andreas (Coachella),144,reverse oblique,53
700,San Andreas (Coachella),145,reverse oblique,41
700,San Andreas (Coachella),146,reverse oblique,56
700,San Andreas (Coachella),147,reverse oblique,38
700,San Andreas (Coachella),148,reverse oblique,82
700,San Andreas (Coachella),149,reverse oblique,66
700,San Andreas (Coachella),150,reverse oblique,172
700,San Andreas (Coachella),151,reverse oblique,139
700,San Andreas (Coachella),152,reverse oblique,147
700,San Andreas (Coachella),153,reverse oblique,84
700,San Andreas (Coachella),154,reverse oblique,190
700,San Andreas (Coachella),155,reverse oblique,164
700,San Andreas (Coachella),156,reverse oblique,162
700,San Andreas (Coachella),157,reverse oblique,141
700,San Andreas (Coachella),158,reverse oblique,193
700,San Andreas (Coachella),159,reverse oblique,144
700,San Andreas (Coachella),160,strike-slip,195
700,San Andreas (Coachella),161,strike-slip,201
700,San Andreas (Coachella),162,strike-slip,157
700,San Andreas (Coachella),163,strike-slip,322
700,San Andreas (Coachella),164,strike-slip,266
700,San Andreas (Coachella),165,strike-slip,268
700,San Andreas (Coachella),166,strike-slip,523
700,San Andreas (Coachella),167,strike-slip,518
700,San Andreas (Coachella),168,strike-slip,603
700,San Andreas (Coachella),169,strike-slip,568
700,San Andreas (Coachella),170,strike-slip,901
700,San Andreas (Coachella),171,strike-slip,864
700,San Andreas (Coachella),172,strike-slip,1329
700,San Andreas (Coachella),173,strike-slip,1946
700,San Andreas (Coachella),174,strike-slip,1042
700,San Andreas (Coachella),175,strike-slip,1253
700,San Andreas (Coachella),176,strike-slip,2151
700,San Andreas (Coachella),177,strike-slip,5083
700,San Andreas (Coachella),178,strike-slip,6179
700,San Andreas (Coachella),179,strike-slip,23908
700,San Andreas (Coachella),180,strike-slip,131684
701,San Andreas (San Gorgonio Pass - Garnet Hill),0,strike-slip,7
701,San Andreas (San Gorgonio Pass - Garnet Hill),109,reverse,4
701,San Andreas (San Gorgonio Pass - Garnet Hill),110,reverse oblique,2
701,San Andreas (San Gorgonio Pass - Garnet Hill),112,reverse oblique,2
701,San Andreas (San Gorgonio Pass - Garnet Hill),113,reverse oblique,2
701,San Andreas (San Gorgonio Pass - Garnet Hill),114,reverse oblique,2
701,San Andreas (San Gorgonio Pass - Garnet Hill),115,reverse oblique,3
701,San Andreas (San Gorgonio Pass - Garnet Hill),116,reverse oblique,7
701,San Andreas (San Gorgonio Pass - Garnet Hill),117,reverse oblique,5
701,San Andreas (San Gorgonio Pass - Garnet Hill),118,reverse oblique,13
701,San Andreas (San Gorgonio Pass - Garnet Hill),119,reverse oblique,2
701,San Andreas (San Gorgonio Pass - Garnet Hill),120,reverse oblique,16
701,San Andreas (San Gorgonio Pass - Garnet Hill),121,reverse oblique,5
701,San Andreas (San Gorgonio Pass - Garnet Hill),122,reverse oblique,15
701,San Andreas (San Gorgonio Pass - Garnet Hill),123,reverse oblique,11
701,San Andreas (San Gorgonio Pass - Garnet Hill),124,reverse oblique,21
701,San Andreas (San Gorgonio Pass - Garnet Hill),125,reverse oblique,15
701,San Andreas (San Gorgonio Pass - Garnet Hill),126,reverse oblique,22
701,San Andreas (San Gorgonio Pass - Garnet Hill),127,reverse oblique,8
701,San Andreas (San Gorgonio Pass - Garnet Hill),128,reverse oblique,23
701,San Andreas (San Gorgonio Pass - Garnet Hill),129,reverse oblique,9
701,San Andreas (San Gorgonio Pass - Garnet Hill),130,reverse oblique,29
701,San Andreas (San Gorgonio Pass - Garnet Hill),131,reverse oblique,12
701,San Andreas (San Gorgonio Pass - Garnet Hill),132,reverse oblique,30
701,San Andreas (San Gorgonio Pass - Garnet Hill),133,reverse oblique,13
701,San Andreas (San Gorgonio Pass - Garnet Hill),134,reverse oblique,24
701,San Andreas (San Gorgonio Pass - Garnet Hill),135,reverse oblique,4
701,San Andreas (San Gorgonio Pass - Garnet Hill),136,reverse oblique,48
701,San Andreas (San Gorgonio Pass - Garnet Hill),137,reverse oblique,18
701,San Andreas (San Gorgonio Pass - Garnet Hill),138,reverse oblique,41
701,San Andreas (San Gorgonio Pass - Garnet Hill),139,reverse oblique,25
701,San Andreas (San Gorgonio Pass - Garnet Hill),140,reverse oblique,38
701,San Andreas (San Gorgonio Pass - Garnet Hill),141,reverse oblique,33
701,San Andreas (San Gorgonio Pass - Garnet Hill),142,reverse oblique,69
701,San Andreas (San Gorgonio Pass - Garnet Hill),143,reverse oblique,35
701,San Andreas (San Gorgonio Pass - Garnet Hill),144,reverse oblique,60
701,San Andreas (San Gorgonio Pass - Garnet Hill),145,reverse oblique,55
701,San Andreas (San Gorgonio Pass - Garnet Hill),146,reverse oblique,34
701,San Andreas (San Gorgonio Pass - Garnet Hill),147,reverse oblique,51
701,San Andreas (San Gorgonio Pass - Garnet Hill),148,reverse oblique,66
701,San Andreas (San Gorgonio Pass - Garnet Hill),149,reverse oblique,50
701,San Andreas (San Gorgonio Pass - Garnet Hill),150,reverse oblique,128
701,San Andreas (San Gorgonio Pass - Garnet Hill),151,reverse oblique,48
701,San Andreas (San Gorgonio Pass - Garnet Hill),152,reverse oblique,133
701,San Andreas (San Gorgonio Pass - Garnet Hill),153,reverse oblique,51
701,San Andreas (San Gorgonio Pass - Garnet Hill),154,reverse oblique,99
701,San Andreas (San Gorgonio Pass - Garnet Hill),155,reverse oblique,99
701,San Andreas (San Gorgonio Pass - Garnet Hill),156,reverse oblique,99
701,San Andreas (San Gorgonio Pass - Garnet Hill),157,reverse oblique,109
701,San Andreas (San Gorgonio Pass - Garnet Hill),158,reverse oblique,154
701,San Andreas (San Gorgonio Pass - Garnet Hill),159,reverse oblique,84
701,San Andreas (San Gorgonio Pass - Garnet Hill),160,strike-slip,164
701,San Andreas (San Gorgonio Pass - Garnet Hill),161,strike-slip,118
701,San Andreas (San Gorgonio Pass - Garnet Hill),162,strike-slip,162
701,San Andreas (San Gorgonio Pass - Garnet Hill),163,strike-slip,262
701,San Andreas (San Gorgonio Pass - Garnet Hill),164,strike-slip,276
701,San Andreas (San Gorgonio Pass - Garnet Hill),165,strike-slip,253
701,San Andreas (San Gorgonio Pass - Garnet Hill),166,strike-slip,422
701,San Andreas (San Gorgonio Pass - Garnet Hill),167,strike-slip,494
701,San Andreas (San Gorgonio Pass - Garnet Hill),168,strike-slip,654
701,San Andreas (San Gorgonio Pass - Garnet Hill),169,strike-slip,619
701,San Andreas (San Gorgonio Pass - Garnet Hill),170,strike-slip,988
701,San Andreas (San Gorgonio Pass - Garnet Hill),171,strike-slip,979
701,San Andreas (San Gorgonio Pass - Garnet Hill),172,strike-slip,1481
701,San Andreas (San Gorgonio Pass - Garnet Hill),173,strike-slip,1490
701,San Andreas (San Gorgonio Pass - Garnet Hill),174,strike-slip,2358
701,San Andreas (San Gorgonio Pass - Garnet Hill),175,strike-slip,1853
701,San Andreas (San Gorgonio Pass - Garnet Hill),176,strike-slip,1705
701,San Andreas (San Gorgonio Pass - Garnet Hill),177,strike-slip,3712
701,San Andreas (San Gorgonio Pass - Garnet Hill),178,strike-slip,2784
701,San Andreas (San Gorgonio Pass - Garnet Hill),179,strike-slip,11279
701,San Andreas (San Gorgonio Pass - Garnet Hill),180,strike-slip,56095
702,"San Andreas (San Bernardino, south)",0,strike-slip,218
702,"San Andreas (San Bernardino, south)",84,reverse,2
702,"San Andreas (San Bernardino, south)",87,reverse,5
702,"San Andreas (San Bernardino, south)",90,reverse,9
702,"San Andreas (San Bernardino, south)",92,reverse,5
702,"San Andreas (San Bernardino, south)",93,reverse,11
702,"San Andreas (San Bernardino, south)",94,reverse,5
702,"San Andreas (San Bernardino, south)",95,reverse,7
702,"San Andreas (San Bernardino, south)",96,reverse,14
702,"San Andreas (San Bernardino, south)",97,reverse,11
702,"San Andreas (San Bernardino, south)",98,reverse,10
702,"San Andreas (San Bernardino, south)",99,reverse,28
702,"San Andreas (San Bernardino, south)",100,reverse,31
702,"San Andreas (San Bernardino, south)",101,reverse,29
702,"San Andreas (San Bernardino, south)",102,reverse,43
702,"San Andreas (San Bernardino, south)",103,reverse,40
702,"San Andreas (San Bernardino, south)",104,reverse,39
702,"San Andreas (San Bernardino, south)",105,reverse,19
702,"San Andreas (San Bernardino, south)",106,reverse,41
702,"San Andreas (San Bernardino, south)",107,reverse,19
702,"San Andreas (San Bernardino, south)",108,reverse,32
702,"San Andreas (San Bernardino, south)",109,reverse,42
702,"San Andreas (San Bernardino, south)",110,reverse oblique,33
702,"San Andreas (San Bernardino, south)",111,reverse oblique,29
702,"San Andreas (San Bernardino, south)",112,reverse oblique,33
702,"San Andreas (San Bernardino, south)",113,reverse oblique,35
702,"San Andreas (San Bernardino, south)",114,reverse oblique,36
702,"San Andreas (San Bernardino, south)",115,reverse oblique,45
702,"San Andreas (San Bernardino, south)",116,reverse oblique,14
702,"San Andreas (San Bernardino, south)",117,reverse oblique,21
702,"San Andreas (San Bernardino, south)",118,reverse oblique,48
702,"San Andreas (San Bernardino, south)",119,reverse oblique,21
702,"San Andreas (San Bernardino, south)",120,reverse oblique,52
702,"San Andreas (San Bernardino, south)",121,reverse oblique,18
702,"San Andreas (San Bernardino, south)",122,reverse oblique,47
702,"San Andreas (San Bernardino, south)",123,reverse oblique,27
702,"San Andreas (San Bernardino, south)",124,reverse oblique,44
702,"San Andreas (San Bernardino, south)",125,reverse oblique,42
702,"San Andreas (San Bernardino, south)",126,reverse oblique,43
702,"San Andreas (San Bernardino, south)",127,reverse oblique,24
702,"San Andreas (San Bernardino, south)",128,reverse oblique,49
702,"San Andreas (San Bernardino, south)",129,reverse oblique,20
702,"San Andreas (San Bernardino, south)",130,reverse oblique,57
702,"San Andreas (San Bernardino, south)",131,reverse oblique,32
702,"San Andreas (San Bernardino, south)",132,reverse oblique,39
702,"San Andreas (San Bernardino, south)",133,reverse oblique,27
702,"San Andreas (San Bernardino, south)",134,reverse oblique,51
702,"San Andreas (San Bernardino, south)",135,reverse oblique,19
702,"San Andreas (San Bernardino, south)",136,reverse oblique,42
702,"San Andreas (San Bernardino, south)",137,reverse oblique,47
702,"San Andreas (San Bernardino, south)",138,reverse oblique,48
702,"San Andreas (San Bernardino, south)",139,reverse oblique,28
702,"San Andreas (San Bernardino, south)",140,reverse oblique,47
702,"San Andreas (San Bernardino, south)",141,reverse oblique,44
702,"San Andreas (San Bernardino, south)",142,reverse oblique,63
702,"San Andreas (San Bernardino, south)",143,reverse oblique,41
702,"San Andreas (San Bernardino, south)",144,reverse oblique,58
702,"San Andreas (San Bernardino, south)",145,reverse oblique,65
702,"San Andreas (San Bernardino, south)",146,reverse oblique,34
702,"San Andreas (San Bernardino, south)",147,reverse oblique,66
702,"San Andreas (San Bernardino, south)",148,reverse oblique,58
702,"San Andreas (San Bernardino, south)",149,reverse oblique,47
702,"San Andreas (San Bernardino, south)",150,reverse oblique,118
702,"San Andreas (San Bernardino, south)",151,reverse oblique,44
702,"San Andreas (San Bernardino, south)",152,reverse oblique,98
702,"San Andreas (San Bernardino, south)",153,reverse oblique,35
702,"San Andreas (San Bernardino, south)",154,reverse oblique,76
702,"San Andreas (San Bernardino, south)",155,reverse oblique,72
702,"San Andreas (San Bernardino, south)",156,reverse oblique,71
702,"San Andreas (San Bernardino, south)",157,reverse oblique,70
702,"San Andreas (San Bernardino, south)",158,reverse oblique,85
702,"San Andreas (San Bernardino, south)",159,reverse oblique,38
702,"San Andreas (San Bernardino, south)",160,strike-slip,49
702,"San Andreas (San Bernardino, south)",161,strike-slip,30
702,"San Andreas (San Bernardino, south)",162,strike-slip,50
702,"San Andreas (San Bernardino, south)",163,strike-slip,99
702,"San Andreas (San Bernardino, south)",164,strike-slip,61
702,"San Andreas (San Bernardino, south)",165,strike-slip,50
702,"San Andreas (San Bernardino, south)",166,strike-slip,89
702,"San Andreas (San Bernardino, south)",167,strike-slip,131
702,"San Andreas (San Bernardino, south)",168,strike-slip,178
702,"San Andreas (San Bernardino, south)",169,strike-slip,194
702,"San Andreas (San Bernardino, south)",170,strike-slip,408
702,"San Andreas (San Bernardino, south)",171,strike-slip,555
702,"San Andreas (San Bernardino, south)",172,strike-slip,1152
702,"San Andreas (San Bernardino, south)",173,strike-slip,1991
702,"San Andreas (San Bernardino, south)",174,strike-slip,3946
702,"San Andreas (San Bernardino, south)",175,strike-slip,2580
702,"San Andreas (San Bernardino, south)",176,strike-slip,4039
702,"San Andreas (San Bernardino, south)",177,strike-slip,6741
702,"San Andreas (San Bernardino, south)",178,strike-slip,4488
702,"San Andreas (San Bernardino, south)",179,strike-slip,15599
702,"San Andreas (San Bernardino, south)",180,strike-slip,68367
703,"San Andreas (San Bernardino, north)",0,strike-slip,875
703,"San Andreas (San Bernardino, north)",72,reverse,2
703,"San Andreas (San Bernardino, north)",74,reverse,3
703,"San Andreas (San Bernardino, north)",76,reverse,2
703,"San Andreas (San Bernardino, north)",77,reverse,4
703,"San Andreas (San Bernardino, north)",79,reverse,10
703,"San Andreas (San Bernardino, north)",81,reverse,2
703,"San Andreas (San Bernardino, north)",82,reverse,9
703,"San Andreas (San Bernardino, north)",84,reverse,5
703,"San Andreas (San Bernardino, north)",85,reverse,14
703,"San Andreas (San Bernardino, north)",86,reverse,5
703,"San Andreas (San Bernardino, north)",87,reverse,12
703,"San Andreas (San Bernardino, north)",88,reverse,23
703,"San Andreas (San Bernardino, north)",89,reverse,7
703,"San Andreas (San Bernardino, north)",90,reverse,33
703,"San Andreas (San Bernardino, north)",91,reverse,15
703,"San Andreas (San Bernardino, north)",92,reverse,23
703,"San Andreas (San Bernardino, north)",93,reverse,40
703,"San Andreas (San Bernardino, north)",94,reverse,40
703,"San Andreas (San Bernardino, north)",95,reverse,47
703,"San Andreas (San Bernardino, north)",96,reverse,59
703,"San Andreas (San Bernardino, north)",97,reverse,53
703,"San Andreas (San Bernardino, north)",98,reverse,53
703,"San Andreas (San Bernardino, north)",99,reverse,59
703,"San Andreas (San Bernardino, north)",100,reverse,68
703,"San Andreas (San Bernardino, north)",101,reverse,62
703,"San Andreas (San Bernardino, north)",102,reverse,76
703,"San Andreas (San Bernardino, north)",103,reverse,61
703,"San Andreas (San Bernardino, north)",104,reverse,53
703,"San Andreas (San Bernardino, north)",105,reverse,34
703,"San Andreas (San Bernardino, north)",106,reverse,70
703,"San Andreas (San Bernardino, north)",107,reverse,44
703,"San Andreas (San Bernardino, north)",108,reverse,40
703,"San Andreas (San Bernardino, north)",109,reverse,69
703,"San Andreas (San Bernardino, north)",110,reverse oblique,60
703,"San Andreas (San Bernardino, north)",111,reverse oblique,40
703,"San Andreas (San Bernardino, north)",112,reverse oblique,54
703,"San Andreas (San Bernardino, north)",113,reverse oblique,62
703,"San Andreas (San Bernardino, north)",114,reverse oblique,45
703,"San Andreas (San Bernardino, north)",115,reverse oblique,53
703,"San Andreas (San Bernardino, north)",116,reverse oblique,30
703,"San Andreas (San Bernardino, north)",117,reverse oblique,45
703,"San Andreas (San Bernardino, north)",118,reverse oblique,65
703,"San Andreas (San Bernardino, north)",119,reverse oblique,30
703,"San Andreas (San Bernardino, north)",120,reverse oblique,60
703,"San Andreas (San Bernardino, north)",121,reverse oblique,30
703,"San Andreas (San Bernardino, north)",122,reverse oblique,74
703,"San Andreas (San Bernardino, north)",123,reverse oblique,45
703,"San Andreas (San Bernardino, north)",124,reverse oblique,50
703,"San Andreas (San Bernardino, north)",125,reverse oblique,50
703,"San Andreas (San Bernardino, north)",126,reverse oblique,60
703,"San Andreas (San Bernardino, north)",127,reverse oblique,40
703,"San Andreas (San Bernardino, north)",128,reverse oblique,70
703,"San Andreas (San Bernardino, north)",129,reverse oblique,40
703,"San Andreas (San Bernardino, north)",130,reverse oblique,69
703,"San Andreas (San Bernardino, north)",131,reverse oblique,40
703,"San Andreas (San Bernardino, north)",132,reverse oblique,60
703,"San Andreas (San Bernardino, north)",133,reverse oblique,38
703,"San Andreas (San Bernardino, north)",134,reverse oblique,65
703,"San Andreas (San Bernardino, north)",135,reverse oblique,50
703,"San Andreas (San Bernardino, north)",136,reverse oblique,45
703,"San Andreas (San Bernardino, north)",137,reverse oblique,52
703,"San Andreas (San Bernardino, north)",138,reverse oblique,65
703,"San Andreas (San Bernardino, north)",139,reverse oblique,50
703,"San Andreas (San Bernardino, north)",140,reverse oblique,65
703,"San Andreas (San Bernardino, north)",141,reverse oblique,59
703,"San Andreas (San Bernardino, north)",142,reverse oblique,63
703,"San Andreas (San Bernardino, north)",143,reverse oblique,55
703,"San Andreas (San Bernardino, north)",144,reverse oblique,79
703,"San Andreas (San Bernardino, north)",145,reverse oblique,90
703,"San Andreas (San Bernardino, north)",146,reverse oblique,59
703,"San Andreas (San Bernardino, north)",147,reverse oblique,93
703,"San Andreas (San Bernardino, north)",148,reverse oblique,83
703,"San Andreas (San Bernardino, north)",149,reverse oblique,94
703,"San Andreas (San Bernardino, north)",150,reverse oblique,124
703,"San Andreas (San Bernardino, north)",151,reverse oblique,109
703,"San Andreas (San Bernardino, north)",152,reverse oblique,115
703,"San Andreas (San Bernardino, north)",153,reverse oblique,74
703,"San Andreas (San Bernardino, north)",154,reverse oblique,161
703,"San Andreas (San Bernardino, north)",155,reverse oblique,105
703,"San Andreas (San Bernardino, north)",156,reverse oblique,151
703,"San Andreas (San Bernardino, north)",157,reverse oblique,123
703,"San Andreas (San Bernardino, north)",158,reverse oblique,151
703,"San Andreas (San Bernardino, north)",159,reverse oblique,132
703,"San Andreas (San Bernardino, north)",160,strike-slip,139
703,"San Andreas (San Bernardino, north)",161,strike-slip,163
703,"San Andreas (San Bernardino, north)",162,strike-slip,176
703,"San Andreas (San Bernardino, north)",163,strike-slip,186
703,"San Andreas (San Bernardino, north)",164,strike-slip,263
703,"San Andreas (San Bernardino, north)",165,strike-slip,230
703,"San Andreas (San Bernardino, north)",166,strike-slip,404
703,"San Andreas (San Bernardino, north)",167,strike-slip,490
703,"San Andreas (San Bernardino, north)",168,strike-slip,726
703,"San Andreas (San Bernardino, north)",169,strike-slip,801
703,"San Andreas (San Bernardino, north)",170,strike-slip,1449
703,"San Andreas (San Bernardino, north)",171,strike-slip,1640
703,"San Andreas (San Bernardino, north)",172,strike-slip,3405
703,"San Andreas (San Bernardino, north)",173,strike-slip,5356
703,"San Andreas (San Bernardino, north)",174,strike-slip,8866
703,"San Andreas (San Bernardino, north)",175,strike-slip,6960
703,"San Andreas (San Bernardino, north)",176,strike-slip,10012
703,"San Andreas (San Bernardino, north)",177,strike-slip,17769
703,"San Andreas (San Bernardino, north)",178,strike-slip,10065
703,"San Andreas (San Bernardino, north)",179,strike-slip,38631
703,"San Andreas (San Bernardino, north)",180,strike-slip,158759
704,"San Andreas (Mojave, south)",0,strike-slip,6750
704,"San Andreas (Mojave, south)",134,reverse oblique,4
704,"San Andreas (Mojave, south)",137,reverse oblique,3
704,"San Andreas (Mojave, south)",138,reverse oblique,3
704,"San Andreas (Mojave, south)",140,reverse oblique,8
704,"San Andreas (Mojave, south)",141,reverse oblique,2
704,"San Andreas (Mojave, south)",142,reverse oblique,5
704,"San Andreas (Mojave, south)",143,reverse oblique,5
704,"San Andreas (Mojave, south)",144,reverse oblique,3
704,"San Andreas (Mojave, south)",145,reverse oblique,12
704,"San Andreas (Mojave, south)",146,reverse oblique,4
704,"San Andreas (Mojave, south)",147,reverse oblique,14
704,"San Andreas (Mojave, south)",148,reverse oblique,4
704,"San Andreas (Mojave, south)",149,reverse oblique,21
704,"San Andreas (Mojave, south)",150,reverse oblique,14
704,"San Andreas (Mojave, south)",151,reverse oblique,18
704,"San Andreas (Mojave, south)",152,reverse oblique,27
704,"San Andreas (Mojave, south)",153,reverse oblique,20
704,"San Andreas (Mojave, south)",154,reverse oblique,47
704,"San Andreas (Mojave, south)",155,reverse oblique,18
704,"San Andreas (Mojave, south)",156,reverse oblique,75
704,"San Andreas (Mojave, south)",157,reverse oblique,62
704,"San Andreas (Mojave, south)",158,reverse oblique,89
704,"San Andreas (Mojave, south)",159,reverse oblique,74
704,"San Andreas (Mojave, south)",160,strike-slip,108
704,"San Andreas (Mojave, south)",161,strike-slip,121
704,"San Andreas (Mojave, south)",162,strike-slip,215
704,"San Andreas (Mojave, south)",163,strike-slip,174
704,"San Andreas (Mojave, south)",164,strike-slip,375
704,"San Andreas (Mojave, south)",165,strike-slip,345
704,"San Andreas (Mojave, south)",166,strike-slip,648
704,"San Andreas (Mojave, south)",167,strike-slip,923
704,"San Andreas (Mojave, south)",168,strike-slip,1673
704,"San Andreas (Mojave, south)",169,strike-slip,2574
704,"San Andreas (Mojave, south)",170,strike-slip,5309
704,"San Andreas (Mojave, south)",171,strike-slip,6977
704,"San Andreas (Mojave, south)",172,strike-slip,13649
704,"San Andreas (Mojave, south)",173,strike-slip,18233
704,"San Andreas (Mojave, south)",174,strike-slip,31645
704,"San Andreas (Mojave, south)",175,strike-slip,28912
704,"San Andreas (Mojave, south)",176,strike-slip,43571
704,"San Andreas (Mojave, south)",177,strike-slip,70080
704,"San Andreas (Mojave, south)",178,strike-slip,40659
704,"San Andreas (Mojave, south)",179,strike-slip,153179
704,"San Andreas (Mojave, south)",180,strike-slip,596205
705,"San Andreas (Mojave, north)",0,strike-slip,3763
705,"San Andreas (Mojave, north)",106,reverse,2
705,"San Andreas (Mojave, north)",107,reverse,2
705,"San Andreas (Mojave, north)",111,reverse oblique,2
705,"San Andreas (Mojave, north)",113,reverse oblique,3
705,"San Andreas (Mojave, north)",114,reverse oblique,3
705,"San Andreas (Mojave, north)",117,reverse oblique,2
705,"San Andreas (Mojave, north)",119,reverse oblique,3
705,"San Andreas (Mojave, north)",120,reverse oblique,4
705,"San Andreas (Mojave, north)",121,reverse oblique,4
705,"San Andreas (Mojave, north)",122,reverse oblique,1
705,"San Andreas (Mojave, north)",123,reverse oblique,2
705,"San Andreas (Mojave, north)",125,reverse oblique,3
705,"San Andreas (Mojave, north)",126,reverse oblique,8
705,"San Andreas (Mojave, north)",127,reverse oblique,16
705,"San Andreas (Mojave, north)",128,reverse oblique,2
705,"San Andreas (Mojave, north)",129,reverse oblique,3
705,"San Andreas (Mojave, north)",130,reverse oblique,1
705,"San Andreas (Mojave, north)",132,reverse oblique,2
705,"San Andreas (Mojave, north)",133,reverse oblique,9
705,"San Andreas (Mojave, north)",134,reverse oblique,13
705,"San Andreas (Mojave, north)",135,reverse oblique,8
705,"San Andreas (Mojave, north)",137,reverse oblique,9
705,"San Andreas (Mojave, north)",138,reverse oblique,17
705,"San Andreas (Mojave, north)",139,reverse oblique,4
705,"San Andreas (Mojave, north)",140,reverse oblique,12
705,"San Andreas (Mojave, north)",141,reverse oblique,13
705,"San Andreas (Mojave, north)",142,reverse oblique,17
705,"San Andreas (Mojave, north)",143,reverse oblique,10
705,"San Andreas (Mojave, north)",144,reverse oblique,6
705,"San Andreas (Mojave, north)",145,reverse oblique,17
705,"San Andreas (Mojave, north)",146,reverse oblique,21
705,"San Andreas (Mojave, north)",147,reverse oblique,15
705,"San Andreas (Mojave, north)",148,reverse oblique,14
705,"San Andreas (Mojave, north)",149,reverse oblique,34
705,"San Andreas (Mojave, north)",150,reverse oblique,15
705,"San Andreas (Mojave, north)",151,reverse oblique,21
705,"San Andreas (Mojave, north)",152,reverse oblique,35
705,"San Andreas (Mojave, north)",153,reverse oblique,25
705,"San Andreas (Mojave, north)",154,reverse oblique,55
705,"San Andreas (Mojave, north)",155,reverse oblique,12
705,"San Andreas (Mojave, north)",156,reverse oblique,63
705,"San Andreas (Mojave, north)",157,reverse oblique,56
705,"San Andreas (Mojave, north)",158,reverse oblique,66
705,"San Andreas (Mojave, north)",159,reverse oblique,63
705,"San Andreas (Mojave, north)",160,strike-slip,82
705,"San Andreas (Mojave, north)",161,strike-slip,88
705,"San Andreas (Mojave, north)",162,strike-slip,132
705,"San Andreas (Mojave, north)",163,strike-slip,116
705,"San Andreas (Mojave, north)",164,strike-slip,209
705,"San Andreas (Mojave, north)",165,strike-slip,187
705,"San Andreas (Mojave, north)",166,strike-slip,418
705,"San Andreas (Mojave, north)",167,strike-slip,630
705,"San Andreas (Mojave, north)",168,strike-slip,1077
705,"San Andreas (Mojave, north)",169,strike-slip,1436
705,"San Andreas (Mojave, north)",170,strike-slip,2641
705,"San Andreas (Mojave, north)",171,strike-slip,3232
705,"San Andreas (Mojave, north)",172,strike-slip,6011
705,"San Andreas (Mojave, north)",173,strike-slip,7936
705,"San Andreas (Mojave, north)",174,strike-slip,13874
705,"San Andreas (Mojave, north)",175,strike-slip,12874
705,"San Andreas (Mojave, north)",176,strike-slip,18968
705,"San Andreas (Mojave, north)",177,strike-slip,27213
705,"San Andreas (Mojave, north)",178,strike-slip,17168
705,"San Andreas (Mojave, north)",179,strike-slip,57108
705,"San Andreas (Mojave, north)",180,strike-slip,213576
706,San Andreas (Big Bend),88,reverse,10
706,San Andreas (Big Bend),89,reverse,2
706,San Andreas (Big Bend),106,reverse,4
706,San Andreas (Big Bend),110,reverse oblique,2
706,San Andreas (Big Bend),113,reverse oblique,2
706,San Andreas (Big Bend),115,reverse oblique,2
706,San Andreas (Big Bend),118,reverse oblique,3
706,San Andreas (Big Bend),120,reverse oblique,2
706,San Andreas (Big Bend),123,reverse oblique,2
706,San Andreas (Big Bend),125,reverse oblique,6
706,San Andreas (Big Bend),126,reverse oblique,11
706,San Andreas (Big Bend),127,reverse oblique,2
706,San Andreas (Big Bend),129,reverse oblique,2
706,San Andreas (Big Bend),132,reverse oblique,5
706,San Andreas (Big Bend),133,reverse oblique,2
706,San Andreas (Big Bend),134,reverse oblique,8
706,San Andreas (Big Bend),135,reverse oblique,2
706,San Andreas (Big Bend),137,reverse oblique,10
706,San Andreas (Big Bend),138,reverse oblique,13
706,San Andreas (Big Bend),139,reverse oblique,2
706,San Andreas (Big Bend),140,reverse oblique,2
706,San Andreas (Big Bend),141,reverse oblique,2
706,San Andreas (Big Bend),142,reverse oblique,15
706,San Andreas (Big Bend),143,reverse oblique,2
706,San Andreas (Big Bend),145,reverse oblique,14
706,San Andreas (Big Bend),146,reverse oblique,19
706,San Andreas (Big Bend),147,reverse oblique,8
706,San Andreas (Big Bend),148,reverse oblique,4
706,San Andreas (Big Bend),149,reverse oblique,22
706,San Andreas (Big Bend),150,reverse oblique,11
706,San Andreas (Big Bend),151,reverse oblique,6
706,San Andreas (Big Bend),152,reverse oblique,23
706,San Andreas (Big Bend),153,reverse oblique,14
706,San Andreas (Big Bend),154,reverse oblique,35
706,San Andreas (Big Bend),155,reverse oblique,6
706,San Andreas (Big Bend),156,reverse oblique,43
706,San Andreas (Big Bend),157,reverse oblique,34
706,San Andreas (Big Bend),158,reverse oblique,37
706,San Andreas (Big Bend),159,reverse oblique,49
706,San Andreas (Big Bend),160,strike-slip,75
706,San Andreas (Big Bend),161,strike-slip,84
706,San Andreas (Big Bend),162,strike-slip,144
706,San Andreas (Big Bend),163,strike-slip,157
706,San Andreas (Big Bend),164,strike-slip,303
706,San Andreas (Big Bend),165,strike-slip,399
706,San Andreas (Big Bend),166,strike-slip,696
706,San Andreas (Big Bend),167,strike-slip,962
706,San Andreas (Big Bend),168,strike-slip,1529
706,San Andreas (Big Bend),169,strike-slip,2066
706,San Andreas (Big Bend),170,strike-slip,3696
706,San Andreas (Big Bend),171,strike-slip,4556
706,San Andreas (Big Bend),172,strike-slip,8502
706,San Andreas (Big Bend),173,strike-slip,11193
706,San Andreas (Big Bend),174,strike-slip,20223
706,San Andreas (Big Bend),175,strike-slip,20055
706,San Andreas (Big Bend),176,strike-slip,31272
706,San Andreas (Big Bend),177,strike-slip,42410
706,San Andreas (Big Bend),178,strike-slip,30243
706,San Andreas (Big Bend),179,strike-slip,85167
706,San Andreas (Big Bend),180,strike-slip,303817
707,San Andreas (Carrizo),118,reverse oblique,2
707,San Andreas (Carrizo),126,reverse oblique,2
707,San Andreas (Carrizo),131,reverse oblique,4
707,San Andreas (Carrizo),136,reverse oblique,2
707,San Andreas (Carrizo),137,reverse oblique,2
707,San Andreas (Carrizo),138,reverse oblique,2
707,San Andreas (Carrizo),139,reverse oblique,2
707,San Andreas (Carrizo),140,reverse oblique,2
707,San Andreas (Carrizo),142,reverse oblique,8
707,San Andreas (Carrizo),144,reverse oblique,4
707,San Andreas (Carrizo),146,reverse oblique,10
707,San Andreas (Carrizo),147,reverse oblique,2
707,San Andreas (Carrizo),148,reverse oblique,6
707,San Andreas (Carrizo),149,reverse oblique,12
707,San Andreas (Carrizo),150,reverse oblique,15
707,San Andreas (Carrizo),151,reverse oblique,2
707,San Andreas (Carrizo),152,reverse oblique,28
707,San Andreas (Carrizo),153,reverse oblique,9
707,San Andreas (Carrizo),154,reverse oblique,57
707,San Andreas (Carrizo),155,reverse oblique,30
707,San Andreas (Carrizo),156,reverse oblique,66
707,San Andreas (Carrizo),157,reverse oblique,81
707,San Andreas (Carrizo),158,reverse oblique,101
707,San Andreas (Carrizo),159,reverse oblique,145
707,San Andreas (Carrizo),160,strike-slip,249
707,San Andreas (Carrizo),161,strike-slip,252
707,San Andreas (Carrizo),162,strike-slip,391
707,San Andreas (Carrizo),163,strike-slip,426
707,San Andreas (Carrizo),164,strike-slip,781
707,San Andreas (Carrizo),165,strike-slip,950
707,San Andreas (Carrizo),166,strike-slip,1702
707,San Andreas (Carrizo),167,strike-slip,2030
707,San Andreas (Carrizo),168,strike-slip,3077
707,San Andreas (Carrizo),169,strike-slip,3854
707,San Andreas (Carrizo),170,strike-slip,6524
707,San Andreas (Carrizo),171,strike-slip,7619
707,San Andreas (Carrizo),172,strike-slip,13639
707,San Andreas (Carrizo),173,strike-slip,17364
707,San Andreas (Carrizo),174,strike-slip,30996
707,San Andreas (Carrizo),175,strike-slip,28934
707,San Andreas (Carrizo),176,strike-slip,42669
707,San Andreas (Carrizo),177,strike-slip,52885
707,San Andreas (Carrizo),178,strike-slip,42090
707,San Andreas (Carrizo),179,strike-slip,101595
707,San Andreas (Carrizo),180,strike-slip,365058
708,San Andreas (Cholame),131,reverse oblique,2
708,San Andreas (Cholame),136,reverse oblique,3
708,San Andreas (Cholame),139,reverse oblique,2
708,San Andreas (Cholame),140,reverse oblique,4
708,San Andreas (Cholame),141,reverse oblique,2
708,San Andreas (Cholame),143,reverse oblique,5
708,San Andreas (Cholame),144,reverse oblique,28
708,San Andreas (Cholame),145,reverse oblique,17
708,San Andreas (Cholame),146,reverse oblique,42
708,San Andreas (Cholame),147,reverse oblique,43
708,San Andreas (Cholame),148,reverse oblique,95
708,San Andreas (Cholame),149,reverse oblique,69
708,San Andreas (Cholame),150,reverse oblique,119
708,San Andreas (Cholame),151,reverse oblique,89
708,San Andreas (Cholame),152,reverse oblique,175
708,San Andreas (Cholame),153,reverse oblique,117
708,San Andreas (Cholame),154,reverse oblique,272
708,San Andreas (Cholame),155,reverse oblique,238
708,San Andreas (Cholame),156,reverse oblique,306
708,San Andreas (Cholame),157,reverse oblique,391
708,San Andreas (Cholame),158,reverse oblique,516
708,San Andreas (Cholame),159,reverse oblique,656
708,San Andreas (Cholame),160,strike-slip,1130
708,San Andreas (Cholame),161,strike-slip,1049
708,San Andreas (Cholame),162,strike-slip,1593
708,San Andreas (Cholame),163,strike-slip,1524
708,San Andreas (Cholame),164,strike-slip,2421
708,San Andreas (Cholame),165,strike-slip,2518
708,San Andreas (Cholame),166,strike-slip,4020
708,San Andreas (Cholame),167,strike-slip,4229
708,San Andreas (Cholame),168,strike-slip,6300
708,San Andreas (Cholame),169,strike-slip,7358
708,San Andreas (Cholame),170,strike-slip,11805
708,San Andreas (Cholame),171,strike-slip,13255
708,San Andreas (Cholame),172,strike-slip,22747
708,San Andreas (Cholame),173,strike-slip,27688
708,San Andreas (Cholame),174,strike-slip,48292
708,San Andreas (Cholame),175,strike-slip,45720
708,San Andreas (Cholame),176,strike-slip,69332
708,San Andreas (Cholame),177,strike-slip,81810
708,San Andreas (Cholame),178,strike-slip,69870
708,San Andreas (Cholame),179,strike-slip,145747
708,San Andreas (Cholame),180,strike-slip,536052
709,San Andreas (Parkfield),135,reverse oblique,2
709,San Andreas (Parkfield),136,reverse oblique,12
709,San Andreas (Parkfield),137,reverse oblique,13
709,San Andreas (Parkfield),138,reverse oblique,8
709,San Andreas (Parkfield),139,reverse oblique,9
709,San Andreas (Parkfield),140,reverse oblique,36
709,San Andreas (Parkfield),141,reverse oblique,62
709,San Andreas (Parkfield),142,reverse oblique,50
709,San Andreas (Parkfield),143,reverse oblique,73
709,San Andreas (Parkfield),144,reverse oblique,136
709,San Andreas (Parkfield),145,reverse oblique,74
709,San Andreas (Parkfield),146,reverse oblique,135
709,San Andreas (Parkfield),147,reverse oblique,126
709,San Andreas (Parkfield),148,reverse oblique,218
709,San Andreas (Parkfield),149,reverse oblique,166
709,San Andreas (Parkfield),150,reverse oblique,244
709,San Andreas (Parkfield),151,reverse oblique,239
709,San Andreas (Parkfield),152,reverse oblique,374
709,San Andreas (Parkfield),153,reverse oblique,353
709,San Andreas (Parkfield),154,reverse oblique,604
709,San Andreas (Parkfield),155,reverse oblique,583
709,San Andreas (Parkfield),156,reverse oblique,814
709,San Andreas (Parkfield),157,reverse oblique,886
709,San Andreas (Parkfield),158,reverse oblique,1180
709,San Andreas (Parkfield),159,reverse oblique,1322
709,San Andreas (Parkfield),160,strike-slip,2007
709,San Andreas (Parkfield),161,strike-slip,1793
709,San Andreas (Parkfield),162,strike-slip,2485
709,San Andreas (Parkfield),163,strike-slip,2241
709,San Andreas (Parkfield),164,strike-slip,3439
709,San Andreas (Parkfield),165,strike-slip,3298
709,San Andreas (Parkfield),166,strike-slip,4954
709,San Andreas (Parkfield),167,strike-slip,5036
709,San Andreas (Parkfield),168,strike-slip,7387
709,San Andreas (Parkfield),169,strike-slip,8013
709,San Andreas (Parkfield),170,strike-slip,12128
709,San Andreas (Parkfield),171,strike-slip,12712
709,San Andreas (Parkfield),172,strike-slip,20822
709,San Andreas (Parkfield),173,strike-slip,23523
709,San Andreas (Parkfield),174,strike-slip,40488
709,San Andreas (Parkfield),175,strike-slip,39734
709,San Andreas (Parkfield),176,strike-slip,61164
709,San Andreas (Parkfield),177,strike-slip,66737
709,San Andreas (Parkfield),178,strike-slip,62969
709,San Andreas (Parkfield),179,strike-slip,111283
709,San Andreas (Parkfield),180,strike-slip,445286
710,San Andreas (Creeping),127,reverse oblique,2
710,San Andreas (Creeping),129,reverse oblique,3
710,San Andreas (Creeping),130,reverse oblique,9
710,San Andreas (Creeping),131,reverse oblique,8
710,San Andreas (Creeping),132,reverse oblique,27
710,San Andreas (Creeping),133,reverse oblique,50
710,San Andreas (Creeping),134,reverse oblique,112
710,San Andreas (Creeping),135,reverse oblique,77
710,San Andreas (Creeping),136,reverse oblique,117
710,San Andreas (Creeping),137,reverse oblique,142
710,San Andreas (Creeping),138,reverse oblique,231
710,San Andreas (Creeping),139,reverse oblique,294
710,San Andreas (Creeping),140,reverse oblique,524
710,San Andreas (Creeping),141,reverse oblique,580
710,San Andreas (Creeping),142,reverse oblique,667
710,San Andreas (Creeping),143,reverse oblique,532
710,San Andreas (Creeping),144,reverse oblique,765
710,San Andreas (Creeping),145,reverse oblique,591
710,San Andreas (Creeping),146,reverse oblique,872
710,San Andreas (Creeping),147,reverse oblique,676
710,San Andreas (Creeping),148,reverse oblique,1240
710,San Andreas (Creeping),149,reverse oblique,1183
710,San Andreas (Creeping),150,reverse oblique,1805
710,San Andreas (Creeping),151,reverse oblique,1660
710,San Andreas (Creeping),152,reverse oblique,2557
710,San Andreas (Creeping),153,reverse oblique,2616
710,San Andreas (Creeping),154,reverse oblique,3774
710,San Andreas (Creeping),155,reverse oblique,3656
710,San Andreas (Creeping),156,reverse oblique,4583
710,San Andreas (Creeping),157,reverse oblique,4608
710,San Andreas (Creeping),158,reverse oblique,5851
710,San Andreas (Creeping),159,reverse oblique,5980
710,San Andreas (Creeping),160,strike-slip,8696
710,San Andreas (Creeping),161,strike-slip,7619
710,San Andreas (Creeping),162,strike-slip,10478
710,San Andreas (Creeping),163,strike-slip,9304
710,San Andreas (Creeping),164,strike-slip,13100
710,San Andreas (Creeping),165,strike-slip,11678
710,San Andreas (Creeping),166,strike-slip,17752
710,San Andreas (Creeping),167,strike-slip,18214
710,San Andreas (Creeping),168,strike-slip,25451
710,San Andreas (Creeping),169,strike-slip,25395
710,San Andreas (Creeping),170,strike-slip,37831
710,San Andreas (Creeping),171,strike-slip,39279
710,San Andreas (Creeping),172,strike-slip,62607
710,San Andreas (Creeping),173,strike-slip,65915
710,San Andreas (Creeping),174,strike-slip,110260
710,San Andreas (Creeping),175,strike-slip,118801
710,San Andreas (Creeping),176,strike-slip,188545
710,San Andreas (Creeping),177,strike-slip,194388
710,San Andreas (Creeping),178,strike-slip,192076
710,San Andreas (Creeping),179,strike-slip,302866
710,San Andreas (Creeping),180,strike-slip,991743
711,San Andreas (Santa Cruz Mountains),117,reverse oblique,2
711,San Andreas (Santa Cruz Mountains),121,reverse oblique,2
711,San Andreas (Santa Cruz Mountains),124,reverse oblique,3
711,San Andreas (Santa Cruz Mountains),127,reverse oblique,4
711,San Andreas (Santa Cruz Mountains),128,reverse oblique,3
711,San Andreas (Santa Cruz Mountains),129,reverse oblique,6
711,San Andreas (Santa Cruz Mountains),132,reverse oblique,4
711,San Andreas (Santa Cruz Mountains),133,reverse oblique,5
711,San Andreas (Santa Cruz Mountains),134,reverse oblique,16
711,San Andreas (Santa Cruz Mountains),135,reverse oblique,5
711,San Andreas (Santa Cruz Mountains),136,reverse oblique,9
711,San Andreas (Santa Cruz Mountains),137,reverse oblique,12
711,San Andreas (Santa Cruz Mountains),138,reverse oblique,21
711,San Andreas (Santa Cruz Mountains),139,reverse oblique,17
711,San Andreas (Santa Cruz Mountains),140,reverse oblique,25
711,San Andreas (Santa Cruz Mountains),141,reverse oblique,28
711,San Andreas (Santa Cruz Mountains),142,reverse oblique,35
711,San Andreas (Santa Cruz Mountains),143,reverse oblique,45
711,San Andreas (Santa Cruz Mountains),144,reverse oblique,66
711,San Andreas (Santa Cruz Mountains),145,reverse oblique,65
711,San Andreas (Santa Cruz Mountains),146,reverse oblique,108
711,San Andreas (Santa Cruz Mountains),147,reverse oblique,121
711,San Andreas (Santa Cruz Mountains),148,reverse oblique,295
711,San Andreas (Santa Cruz Mountains),149,reverse oblique,271
711,San Andreas (Santa Cruz Mountains),150,reverse oblique,413
711,San Andreas (Santa Cruz Mountains),151,reverse oblique,399
711,San Andreas (Santa Cruz Mountains),152,reverse oblique,513
711,San Andreas (Santa Cruz Mountains),153,reverse oblique,551
711,San Andreas (Santa Cruz Mountains),154,reverse oblique,821
711,San Andreas (Santa Cruz Mountains),155,reverse oblique,827
711,San Andreas (Santa Cruz Mountains),156,reverse oblique,1174
711,San Andreas (Santa Cruz Mountains),157,reverse oblique,1136
711,San Andreas (Santa Cruz Mountains),158,reverse oblique,1535
711,San Andreas (Santa Cruz Mountains),159,reverse oblique,1538
711,San Andreas (Santa Cruz Mountains),160,strike-slip,1838
711,San Andreas (Santa Cruz Mountains),161,strike-slip,1647
711,San Andreas (Santa Cruz Mountains),162,strike-slip,2190
711,San Andreas (Santa Cruz Mountains),163,strike-slip,2132
711,San Andreas (Santa Cruz Mountains),164,strike-slip,2783
711,San Andreas (Santa Cruz Mountains),165,strike-slip,2609
711,San Andreas (Santa Cruz Mountains),166,strike-slip,4059
711,San Andreas (Santa Cruz Mountains),167,strike-slip,4144
711,San Andreas (Santa Cruz Mountains),168,strike-slip,5638
711,San Andreas (Santa Cruz Mountains),169,strike-slip,5017
711,San Andreas (Santa Cruz Mountains),170,strike-slip,7319
711,San Andreas (Santa Cruz Mountains),171,strike-slip,7633
711,San Andreas (Santa Cruz Mountains),172,strike-slip,12499
711,San Andreas (Santa Cruz Mountains),173,strike-slip,14238
711,San Andreas (Santa Cruz Mountains),174,strike-slip,24878
711,San Andreas (Santa Cruz Mountains),175,strike-slip,33243
711,San Andreas (Santa Cruz Mountains),176,strike-slip,53494
711,San Andreas (Santa Cruz Mountains),177,strike-slip,56992
711,San Andreas (Santa Cruz Mountains),178,strike-slip,79413
711,San Andreas (Santa Cruz Mountains),179,strike-slip,114226
711,San Andreas (Santa Cruz Mountains),180,strike-slip,279954
712,San Andreas (Peninsula),100,reverse,4
712,San Andreas (Peninsula),101,reverse,2
712,San Andreas (Peninsula),102,reverse,2
712,San Andreas (Peninsula),103,reverse,2
712,San Andreas (Peninsula),104,reverse,2
712,San Andreas (Peninsula),105,reverse,5
712,San Andreas (Peninsula),106,reverse,10
712,San Andreas (Peninsula),107,reverse,3
712,San Andreas (Peninsula),108,reverse,4
712,San Andreas (Peninsula),109,reverse,7
712,San Andreas (Peninsula),110,reverse oblique,15
712,San Andreas (Peninsula),111,reverse oblique,4
712,San Andreas (Peninsula),112,reverse oblique,5
712,San Andreas (Peninsula),113,reverse oblique,7
712,San Andreas (Peninsula),114,reverse oblique,16
712,San Andreas (Peninsula),115,reverse oblique,5
712,San Andreas (Peninsula),116,reverse oblique,18
712,San Andreas (Peninsula),117,reverse oblique,2
712,San Andreas (Peninsula),118,reverse oblique,20
712,San Andreas (Peninsula),119,reverse oblique,23
712,San Andreas (Peninsula),120,reverse oblique,12
712,San Andreas (Peninsula),121,reverse oblique,21
712,San Andreas (Peninsula),122,reverse oblique,12
712,San Andreas (Peninsula),123,reverse oblique,24
712,San Andreas (Peninsula),124,reverse oblique,19
712,San Andreas (Peninsula),125,reverse oblique,44
712,San Andreas (Peninsula),126,reverse oblique,89
712,San Andreas (Peninsula),127,reverse oblique,6
712,San Andreas (Peninsula),128,reverse oblique,77
712,San Andreas (Peninsula),129,reverse oblique,59
712,San Andreas (Peninsula),130,reverse oblique,92
712,San Andreas (Peninsula),131,reverse oblique,73
712,San Andreas (Peninsula),132,reverse oblique,51
712,San Andreas (Peninsula),133,reverse oblique,92
712,San Andreas (Peninsula),134,reverse oblique,121
712,San Andreas (Peninsula),135,reverse oblique,57
712,San Andreas (Peninsula),136,reverse oblique,124
712,San Andreas (Peninsula),137,reverse oblique,85
712,San Andreas (Peninsula),138,reverse oblique,178
712,San Andreas (Peninsula),139,reverse oblique,145
712,San Andreas (Peninsula),140,reverse oblique,231
712,San Andreas (Peninsula),141,reverse oblique,276
712,San Andreas (Peninsula),142,reverse oblique,329
712,San Andreas (Peninsula),143,reverse oblique,367
712,San Andreas (Peninsula),144,reverse oblique,400
712,San Andreas (Peninsula),145,reverse oblique,422
712,San Andreas (Peninsula),146,reverse oblique,528
712,San Andreas (Peninsula),147,reverse oblique,416
712,San Andreas (Peninsula),148,reverse oblique,751
712,San Andreas (Peninsula),149,reverse oblique,441
712,San Andreas (Peninsula),150,reverse oblique,821
712,San Andreas (Peninsula),151,reverse oblique,712
712,San Andreas (Peninsula),152,reverse oblique,978
712,San Andreas (Peninsula),153,reverse oblique,762
712,San Andreas (Peninsula),154,reverse oblique,1330
712,San Andreas (Peninsula),155,reverse oblique,1220
712,San Andreas (Peninsula),156,reverse oblique,1701
712,San Andreas (Peninsula),157,reverse oblique,1657
712,San Andreas (Peninsula),158,reverse oblique,2191
712,San Andreas (Peninsula),159,reverse oblique,2249
712,San Andreas (Peninsula),160,strike-slip,2910
712,San Andreas (Peninsula),161,strike-slip,2679
712,San Andreas (Peninsula),162,strike-slip,3490
712,San Andreas (Peninsula),163,strike-slip,3300
712,San Andreas (Peninsula),164,strike-slip,4015
712,San Andreas (Peninsula),165,strike-slip,3684
712,San Andreas (Peninsula),166,strike-slip,4961
712,San Andreas (Peninsula),167,strike-slip,4843
712,San Andreas (Peninsula),168,strike-slip,6945
712,San Andreas (Peninsula),169,strike-slip,7386
712,San Andreas (Peninsula),170,strike-slip,11301
712,San Andreas (Peninsula),171,strike-slip,11779
712,San Andreas (Peninsula),172,strike-slip,20204
712,San Andreas (Peninsula),173,strike-slip,23309
712,San Andreas (Peninsula),174,strike-slip,40782
712,San Andreas (Peninsula),175,strike-slip,55369
712,San Andreas (Peninsula),176,strike-slip,92047
712,San Andreas (Peninsula),177,strike-slip,95541
712,San Andreas (Peninsula),178,strike-slip,94950
712,San Andreas (Peninsula),179,strike-slip,165368
712,San Andreas (Peninsula),180,strike-slip,360067
713,San Andreas (North Coast),115,reverse oblique,2
713,San Andreas (North Coast),121,reverse oblique,2
713,San Andreas (North Coast),125,reverse oblique,3
713,San Andreas (North Coast),128,reverse oblique,2
713,San Andreas (North Coast),132,reverse oblique,3
713,San Andreas (North Coast),133,reverse oblique,4
713,San Andreas (North Coast),140,reverse oblique,14
713,San Andreas (North Coast),141,reverse oblique,2
713,San Andreas (North Coast),145,reverse oblique,8
713,San Andreas (North Coast),146,reverse oblique,7
713,San Andreas (North Coast),147,reverse oblique,3
713,San Andreas (North Coast),148,reverse oblique,6
713,San Andreas (North Coast),149,reverse oblique,7
713,San Andreas (North Coast),150,reverse oblique,3
713,San Andreas (North Coast),151,reverse oblique,15
713,San Andreas (North Coast),152,reverse oblique,23
713,San Andreas (North Coast),153,reverse oblique,19
713,San Andreas (North Coast),154,reverse oblique,17
713,San Andreas (North Coast),155,reverse oblique,33
713,San Andreas (North Coast),156,reverse oblique,46
713,San Andreas (North Coast),157,reverse oblique,60
713,San Andreas (North Coast),158,reverse oblique,70
713,San Andreas (North Coast),159,reverse oblique,93
713,San Andreas (North Coast),160,strike-slip,175
713,San Andreas (North Coast),161,strike-slip,223
713,San Andreas (North Coast),162,strike-slip,513
713,San Andreas (North Coast),163,strike-slip,750
713,San Andreas (North Coast),164,strike-slip,1358
713,San Andreas (North Coast),165,strike-slip,1714
713,San Andreas (North Coast),166,strike-slip,3159
713,San Andreas (North Coast),167,strike-slip,3904
713,San Andreas (North Coast),168,strike-slip,7510
713,San Andreas (North Coast),169,strike-slip,9892
713,San Andreas (North Coast),170,strike-slip,18173
713,San Andreas (North Coast),171,strike-slip,23131
713,San Andreas (North Coast),172,strike-slip,42549
713,San Andreas (North Coast),173,strike-slip,50422
713,San Andreas (North Coast),174,strike-slip,96435
713,San Andreas (North Coast),175,strike-slip,134842
713,San Andreas (North Coast),176,strike-slip,224202
713,San Andreas (North Coast),177,strike-slip,237162
713,San Andreas (North Coast),178,strike-slip,291114
713,San Andreas (North Coast),179,strike-slip,277719
713,San Andreas (North Coast),180,strike-slip,871000
714,San Andreas (Offshore),110,reverse oblique,4
714,San Andreas (Offshore),116,reverse oblique,4
714,San Andreas (Offshore),119,reverse oblique,6
714,San Andreas (Offshore),124,reverse oblique,2
714,San Andreas (Offshore),127,reverse oblique,14
714,San Andreas (Offshore),130,reverse oblique,2
714,San Andreas (Offshore),131,reverse oblique,6
714,San Andreas (Offshore),133,reverse oblique,5
714,San Andreas (Offshore),135,reverse oblique,6
714,San Andreas (Offshore),136,reverse oblique,10
714,San Andreas (Offshore),138,reverse oblique,12
714,San Andreas (Offshore),139,reverse oblique,5
714,San Andreas (Offshore),140,reverse oblique,10
714,San Andreas (Offshore),141,reverse oblique,10
714,San Andreas (Offshore),142,reverse oblique,9
714,San Andreas (Offshore),143,reverse oblique,6
714,San Andreas (Offshore),144,reverse oblique,12
714,San Andreas (Offshore),145,reverse oblique,8
714,San Andreas (Offshore),146,reverse oblique,28
714,San Andreas (Offshore),147,reverse oblique,8
714,San Andreas (Offshore),148,reverse oblique,21
714,San Andreas (Offshore),149,reverse oblique,13
714,San Andreas (Offshore),150,reverse oblique,33
714,San Andreas (Offshore),151,reverse oblique,18
714,San Andreas (Offshore),152,reverse oblique,35
714,San Andreas (Offshore),153,reverse oblique,35
714,San Andreas (Offshore),154,reverse oblique,37
714,San Andreas (Offshore),155,reverse oblique,39
714,San Andreas (Offshore),156,reverse oblique,66
714,San Andreas (Offshore),157,reverse oblique,45
714,San Andreas (Offshore),158,reverse oblique,66
714,San Andreas (Offshore),159,reverse oblique,55
714,San Andreas (Offshore),160,strike-slip,92
714,San Andreas (Offshore),161,strike-slip,106
714,San Andreas (Offshore),162,strike-slip,108
714,San Andreas (Offshore),163,strike-slip,150
714,San Andreas (Offshore),164,strike-slip,179
714,San Andreas (Offshore),165,strike-slip,195
714,San Andreas (Offshore),166,strike-slip,286
714,San Andreas (Offshore),167,strike-slip,271
714,San Andreas (Offshore),168,strike-slip,398
714,San Andreas (Offshore),169,strike-slip,447
714,San Andreas (Offshore),170,strike-slip,986
714,San Andreas (Offshore),171,strike-slip,3232
714,San Andreas (Offshore),172,strike-slip,8022
714,San Andreas (Offshore),173,strike-slip,6251
714,San Andreas (Offshore),174,strike-slip,14884
714,San Andreas (Offshore),175,strike-slip,33322
714,San Andreas (Offshore),176,strike-slip,82729
714,San Andreas (Offshore),177,strike-slip,68069
714,San Andreas (Offshore),178,strike-slip,88279
714,San Andreas (Offshore),179,strike-slip,109628
714,San Andreas (Offshore),180,strike-slip,364909
800,San Jacinto (Superstition Mountain),136,reverse oblique,2
800,San Jacinto (Superstition Mountain),137,reverse oblique,5
800,San Jacinto (Superstition Mountain),138,reverse oblique,18
800,San Jacinto (Superstition Mountain),139,reverse oblique,14
800,San Jacinto (Superstition Mountain),140,reverse oblique,17
800,San Jacinto (Superstition Mountain),141,reverse oblique,19
800,San Jacinto (Superstition Mountain),142,reverse oblique,23
800,San Jacinto (Superstition Mountain),143,reverse oblique,10
800,San Jacinto (Superstition Mountain),144,reverse oblique,18
800,San Jacinto (Superstition Mountain),145,reverse oblique,5
800,San Jacinto (Superstition Mountain),146,reverse oblique,2
800,San Jacinto (Superstition Mountain),147,reverse oblique,5
800,San Jacinto (Superstition Mountain),148,reverse oblique,20
800,San Jacinto (Superstition Mountain),149,reverse oblique,23
800,San Jacinto (Superstition Mountain),150,reverse oblique,30
800,San Jacinto (Superstition Mountain),151,reverse oblique,35
800,San Jacinto (Superstition Mountain),152,reverse oblique,46
800,San Jacinto (Superstition Mountain),153,reverse oblique,32
800,San Jacinto (Superstition Mountain),154,reverse oblique,17
800,San Jacinto (Superstition Mountain),155,reverse oblique,10
800,San Jacinto (Superstition Mountain),156,reverse oblique,12
800,San Jacinto (Superstition Mountain),157,reverse oblique,25
800,San Jacinto (Superstition Mountain),158,reverse oblique,35
800,San Jacinto (Superstition Mountain),159,reverse oblique,22
800,San Jacinto (Superstition Mountain),160,strike-slip,20
800,San Jacinto (Superstition Mountain),161,strike-slip,18
800,San Jacinto (Superstition Mountain),162,strike-slip,20
800,San Jacinto (Superstition Mountain),163,strike-slip,18
800,San Jacinto (Superstition Mountain),164,strike-slip,20
800,San Jacinto (Superstition Mountain),165,strike-slip,18
800,San Jacinto (Superstition Mountain),166,strike-slip,4
800,San Jacinto (Superstition Mountain),167,strike-slip,24
800,San Jacinto (Superstition Mountain),168,strike-slip,38
800,San Jacinto (Superstition Mountain),169,strike-slip,28
800,San Jacinto (Superstition Mountain),171,strike-slip,10
800,San Jacinto (Superstition Mountain),172,strike-slip,46
800,San Jacinto (Superstition Mountain),173,strike-slip,17
800,San Jacinto (Superstition Mountain),174,strike-slip,143
800,San Jacinto (Superstition Mountain),175,strike-slip,160
800,San Jacinto (Superstition Mountain),176,strike-slip,38
800,San Jacinto (Superstition Mountain),177,strike-slip,66
800,San Jacinto (Superstition Mountain),178,strike-slip,203
800,San Jacinto (Superstition Mountain),179,strike-slip,278
800,San Jacinto (Superstition Mountain),180,strike-slip,5675
801,San Jacinto (Borrego),129,reverse oblique,2
801,San Jacinto (Borrego),130,reverse oblique,7
801,San Jacinto (Borrego),131,reverse oblique,7
801,San Jacinto (Borrego),132,reverse oblique,7
801,San Jacinto (Borrego),133,reverse oblique,4
801,San Jacinto (Borrego),134,reverse oblique,16
801,San Jacinto (Borrego),135,reverse oblique,14
801,San Jacinto (Borrego),136,reverse oblique,15
801,San Jacinto (Borrego),137,reverse oblique,19
801,San Jacinto (Borrego),138,reverse oblique,41
801,San Jacinto (Borrego),139,reverse oblique,51
801,San Jacinto (Borrego),140,reverse oblique,52
801,San Jacinto (Borrego),141,reverse oblique,54
801,San Jacinto (Borrego),142,reverse oblique,42
801,San Jacinto (Borrego),143,reverse oblique,24
801,San Jacinto (Borrego),144,reverse oblique,39
801,San Jacinto (Borrego),145,reverse oblique,33
801,San Jacinto (Borrego),146,reverse oblique,54
801,San Jacinto (Borrego),147,reverse oblique,30
801,San Jacinto (Borrego),148,reverse oblique,48
801,San Jacinto (Borrego),149,reverse oblique,52
801,San Jacinto (Borrego),150,reverse oblique,90
801,San Jacinto (Borrego),151,reverse oblique,94
801,San Jacinto (Borrego),152,reverse oblique,102
801,San Jacinto (Borrego),153,reverse oblique,58
801,San Jacinto (Borrego),154,reverse oblique,44
801,San Jacinto (Borrego),155,reverse oblique,41
801,San Jacinto (Borrego),156,reverse oblique,48
801,San Jacinto (Borrego),157,reverse oblique,58
801,San Jacinto (Borrego),158,reverse oblique,70
801,San Jacinto (Borrego),159,reverse oblique,60
801,San Jacinto (Borrego),160,strike-slip,40
801,San Jacinto (Borrego),161,strike-slip,60
801,San Jacinto (Borrego),162,strike-slip,36
801,San Jacinto (Borrego),163,strike-slip,33
801,San Jacinto (Borrego),164,strike-slip,36
801,San Jacinto (Borrego),165,strike-slip,28
801,San Jacinto (Borrego),166,strike-slip,48
801,San Jacinto (Borrego),167,strike-slip,36
801,San Jacinto (Borrego),168,strike-slip,60
801,San Jacinto (Borrego),169,strike-slip,48
801,San Jacinto (Borrego),171,strike-slip,24
801,San Jacinto (Borrego),172,strike-slip,84
801,San Jacinto (Borrego),173,strike-slip,104
801,San Jacinto (Borrego),174,strike-slip,438
801,San Jacinto (Borrego),175,strike-slip,380
801,San Jacinto (Borrego),176,strike-slip,89
801,San Jacinto (Borrego),177,strike-slip,210
801,San Jacinto (Borrego),178,strike-slip,632
801,San Jacinto (Borrego),179,strike-slip,1238
801,San Jacinto (Borrego),180,strike-slip,16576
802,San Jacinto (Coyote Creek),123,reverse oblique,2
802,San Jacinto (Coyote Creek),124,reverse oblique,3
802,San Jacinto (Coyote Creek),125,reverse oblique,4
802,San Jacinto (Coyote Creek),126,reverse oblique,9
802,San Jacinto (Coyote Creek),127,reverse oblique,14
802,San Jacinto (Coyote Creek),128,reverse oblique,18
802,San Jacinto (Coyote Creek),129,reverse oblique,14
802,San Jacinto (Coyote Creek),130,reverse oblique,33
802,San Jacinto (Coyote Creek),131,reverse oblique,41
802,San Jacinto (Coyote Creek),132,reverse oblique,38
802,San Jacinto (Coyote Creek),133,reverse oblique,25
802,San Jacinto (Coyote Creek),134,reverse oblique,59
802,San Jacinto (Coyote Creek),135,reverse oblique,46
802,San Jacinto (Coyote Creek),136,reverse oblique,48
802,San Jacinto (Coyote Creek),137,reverse oblique,59
802,San Jacinto (Coyote Creek),138,reverse oblique,70
802,San Jacinto (Coyote Creek),139,reverse oblique,80
802,San Jacinto (Coyote Creek),140,reverse oblique,91
802,San Jacinto (Coyote Creek),141,reverse oblique,89
802,San Jacinto (Coyote Creek),142,reverse oblique,83
802,San Jacinto (Coyote Creek),143,reverse oblique,47
802,San Jacinto (Coyote Creek),144,reverse oblique,108
802,San Jacinto (Coyote Creek),145,reverse oblique,91
802,San Jacinto (Coyote Creek),146,reverse oblique,103
802,San Jacinto (Coyote Creek),147,reverse oblique,73
802,San Jacinto (Coyote Creek),148,reverse oblique,83
802,San Jacinto (Coyote Creek),149,reverse oblique,96
802,San Jacinto (Coyote Creek),150,reverse oblique,134
802,San Jacinto (Coyote Creek),151,reverse oblique,130
802,San Jacinto (Coyote Creek),152,reverse oblique,147
802,San Jacinto (Coyote Creek),153,reverse oblique,78
802,San Jacinto (Coyote Creek),154,reverse oblique,82
802,San Jacinto (Coyote Creek),155,reverse oblique,68
802,San Jacinto (Coyote Creek),156,reverse oblique,80
802,San Jacinto (Coyote Creek),157,reverse oblique,78
802,San Jacinto (Coyote Creek),158,reverse oblique,92
802,San Jacinto (Coyote Creek),159,reverse oblique,84
802,San Jacinto (Coyote Creek),160,strike-slip,61
802,San Jacinto (Coyote Creek),161,strike-slip,77
802,San Jacinto (Coyote Creek),162,strike-slip,52
802,San Jacinto (Coyote Creek),163,strike-slip,50
802,San Jacinto (Coyote Creek),164,strike-slip,58
802,San Jacinto (Coyote Creek),165,strike-slip,36
802,San Jacinto (Coyote Creek),166,strike-slip,60
802,San Jacinto (Coyote Creek),167,strike-slip,36
802,San Jacinto (Coyote Creek),168,strike-slip,60
802,San Jacinto (Coyote Creek),169,strike-slip,48
802,San Jacinto (Coyote Creek),171,strike-slip,34
802,San Jacinto (Coyote Creek),172,strike-slip,150
802,San Jacinto (Coyote Creek),173,strike-slip,320
802,San Jacinto (Coyote Creek),174,strike-slip,732
802,San Jacinto (Coyote Creek),175,strike-slip,461
802,San Jacinto (Coyote Creek),176,strike-slip,283
802,San Jacinto (Coyote Creek),177,strike-slip,463
802,San Jacinto (Coyote Creek),178,strike-slip,1205
802,San Jacinto (Coyote Creek),179,strike-slip,3512
802,San Jacinto (Coyote Creek),180,strike-slip,28718
803,San Jacinto (Clark),122,reverse oblique,8
803,San Jacinto (Clark),123,reverse oblique,4
803,San Jacinto (Clark),124,reverse oblique,17
803,San Jacinto (Clark),125,reverse oblique,13
803,San Jacinto (Clark),126,reverse oblique,28
803,San Jacinto (Clark),127,reverse oblique,31
803,San Jacinto (Clark),128,reverse oblique,45
803,San Jacinto (Clark),129,reverse oblique,31
803,San Jacinto (Clark),130,reverse oblique,50
803,San Jacinto (Clark),131,reverse oblique,39
803,San Jacinto (Clark),132,reverse oblique,71
803,San Jacinto (Clark),133,reverse oblique,48
803,San Jacinto (Clark),134,reverse oblique,66
803,San Jacinto (Clark),135,reverse oblique,46
803,San Jacinto (Clark),136,reverse oblique,55
803,San Jacinto (Clark),137,reverse oblique,49
803,San Jacinto (Clark),138,reverse oblique,40
803,San Jacinto (Clark),139,reverse oblique,38
803,San Jacinto (Clark),140,reverse oblique,37
803,San Jacinto (Clark),141,reverse oblique,41
803,San Jacinto (Clark),142,reverse oblique,59
803,San Jacinto (Clark),143,reverse oblique,66
803,San Jacinto (Clark),144,reverse oblique,57
803,San Jacinto (Clark),145,reverse oblique,59
803,San Jacinto (Clark),146,reverse oblique,62
803,San Jacinto (Clark),147,reverse oblique,45
803,San Jacinto (Clark),148,reverse oblique,54
803,San Jacinto (Clark),149,reverse oblique,38
803,San Jacinto (Clark),150,reverse oblique,33
803,San Jacinto (Clark),151,reverse oblique,22
803,San Jacinto (Clark),152,reverse oblique,27
803,San Jacinto (Clark),153,reverse oblique,44
803,San Jacinto (Clark),154,reverse oblique,16
803,San Jacinto (Clark),155,reverse oblique,32
803,San Jacinto (Clark),156,reverse oblique,14
803,San Jacinto (Clark),157,reverse oblique,18
803,San Jacinto (Clark),158,reverse oblique,8
803,San Jacinto (Clark),159,reverse oblique,12
803,San Jacinto (Clark),160,strike-slip,26
803,San Jacinto (Clark),161,strike-slip,5
803,San Jacinto (Clark),162,strike-slip,22
803,San Jacinto (Clark),163,strike-slip,14
803,San Jacinto (Clark),164,strike-slip,18
803,San Jacinto (Clark),165,strike-slip,18
803,San Jacinto (Clark),166,strike-slip,20
803,San Jacinto (Clark),167,strike-slip,12
803,San Jacinto (Clark),168,strike-slip,6
803,San Jacinto (Clark),169,strike-slip,8
803,San Jacinto (Clark),170,strike-slip,22
803,San Jacinto (Clark),171,strike-slip,30
803,San Jacinto (Clark),172,strike-slip,82
803,San Jacinto (Clark),173,strike-slip,194
803,San Jacinto (Clark),174,strike-slip,346
803,San Jacinto (Clark),175,strike-slip,496
803,San Jacinto (Clark),176,strike-slip,272
803,San Jacinto (Clark),177,strike-slip,764
803,San Jacinto (Clark),178,strike-slip,494
803,San Jacinto (Clark),179,strike-slip,2599
803,San Jacinto (Clark),180,strike-slip,9091
804,San Jacinto (Anza),112,reverse oblique,4
804,San Jacinto (Anza),113,reverse oblique,6
804,San Jacinto (Anza),114,reverse oblique,20
804,San Jacinto (Anza),115,reverse oblique,13
804,San Jacinto (Anza),116,reverse oblique,21
804,San Jacinto (Anza),117,reverse oblique,35
804,San Jacinto (Anza),118,reverse oblique,21
804,San Jacinto (Anza),119,reverse oblique,61
804,San Jacinto (Anza),120,reverse oblique,38
804,San Jacinto (Anza),121,reverse oblique,38
804,San Jacinto (Anza),122,reverse oblique,67
804,San Jacinto (Anza),123,reverse oblique,47
804,San Jacinto (Anza),124,reverse oblique,86
804,San Jacinto (Anza),125,reverse oblique,76
804,San Jacinto (Anza),126,reverse oblique,112
804,San Jacinto (Anza),127,reverse oblique,129
804,San Jacinto (Anza),128,reverse oblique,174
804,San Jacinto (Anza),129,reverse oblique,93
804,San Jacinto (Anza),130,reverse oblique,177
804,San Jacinto (Anza),131,reverse oblique,145
804,San Jacinto (Anza),132,reverse oblique,212
804,San Jacinto (Anza),133,reverse oblique,167
804,San Jacinto (Anza),134,reverse oblique,211
804,San Jacinto (Anza),135,reverse oblique,179
804,San Jacinto (Anza),136,reverse oblique,169
804,San Jacinto (Anza),137,reverse oblique,162
804,San Jacinto (Anza),138,reverse oblique,182
804,San Jacinto (Anza),139,reverse oblique,204
804,San Jacinto (Anza),140,reverse oblique,196
804,San Jacinto (Anza),141,reverse oblique,226
804,San Jacinto (Anza),142,reverse oblique,198
804,San Jacinto (Anza),143,reverse oblique,175
804,San Jacinto (Anza),144,reverse oblique,242
804,San Jacinto (Anza),145,reverse oblique,210
804,San Jacinto (Anza),146,reverse oblique,224
804,San Jacinto (Anza),147,reverse oblique,152
804,San Jacinto (Anza),148,reverse oblique,192
804,San Jacinto (Anza),149,reverse oblique,160
804,San Jacinto (Anza),150,reverse oblique,220
804,San Jacinto (Anza),151,reverse oblique,162
804,San Jacinto (Anza),152,reverse oblique,211
804,San Jacinto (Anza),153,reverse oblique,166
804,San Jacinto (Anza),154,reverse oblique,118
804,San Jacinto (Anza),155,reverse oblique,119
804,San Jacinto (Anza),156,reverse oblique,120
804,San Jacinto (Anza),157,reverse oblique,116
804,San Jacinto (Anza),158,reverse oblique,118
804,San Jacinto (Anza),159,reverse oblique,108
804,San Jacinto (Anza),160,strike-slip,114
804,San Jacinto (Anza),161,strike-slip,84
804,San Jacinto (Anza),162,strike-slip,102
804,San Jacinto (Anza),163,strike-slip,78
804,San Jacinto (Anza),164,strike-slip,84
804,San Jacinto (Anza),165,strike-slip,60
804,San Jacinto (Anza),166,strike-slip,88
804,San Jacinto (Anza),167,strike-slip,54
804,San Jacinto (Anza),168,strike-slip,88
804,San Jacinto (Anza),169,strike-slip,80
804,San Jacinto (Anza),170,strike-slip,98
804,San Jacinto (Anza),171,strike-slip,196
804,San Jacinto (Anza),172,strike-slip,526
804,San Jacinto (Anza),173,strike-slip,800
804,San Jacinto (Anza),174,strike-slip,1426
804,San Jacinto (Anza),175,strike-slip,1438
804,San Jacinto (Anza),176,strike-slip,1184
804,San Jacinto (Anza),177,strike-slip,3008
804,San Jacinto (Anza),178,strike-slip,2600
804,San Jacinto (Anza),179,strike-slip,11124
804,San Jacinto (Anza),180,strike-slip,55426
805,San Jacinto (stepover),0,strike-slip,2
805,San Jacinto (stepover),96,reverse,2
805,San Jacinto (stepover),99,reverse,3
805,San Jacinto (stepover),102,reverse,4
805,San Jacinto (stepover),103,reverse,2
805,San Jacinto (stepover),104,reverse,4
805,San Jacinto (stepover),106,reverse,13
805,San Jacinto (stepover),107,reverse,14
805,San Jacinto (stepover),108,reverse,29
805,San Jacinto (stepover),109,reverse,26
805,San Jacinto (stepover),110,reverse oblique,30
805,San Jacinto (stepover),111,reverse oblique,20
805,San Jacinto (stepover),112,reverse oblique,25
805,San Jacinto (stepover),113,reverse oblique,32
805,San Jacinto (stepover),114,reverse oblique,63
805,San Jacinto (stepover),115,reverse oblique,37
805,San Jacinto (stepover),116,reverse oblique,73
805,San Jacinto (stepover),117,reverse oblique,59
805,San Jacinto (stepover),118,reverse oblique,46
805,San Jacinto (stepover),119,reverse oblique,97
805,San Jacinto (stepover),120,reverse oblique,56
805,San Jacinto (stepover),121,reverse oblique,89
805,San Jacinto (stepover),122,reverse oblique,82
805,San Jacinto (stepover),123,reverse oblique,68
805,San Jacinto (stepover),124,reverse oblique,109
805,San Jacinto (stepover),125,reverse oblique,66
805,San Jacinto (stepover),126,reverse oblique,136
805,San Jacinto (stepover),127,reverse oblique,104
805,San Jacinto (stepover),128,reverse oblique,155
805,San Jacinto (stepover),129,reverse oblique,79
805,San Jacinto (stepover),130,reverse oblique,143
805,San Jacinto (stepover),131,reverse oblique,108
805,San Jacinto (stepover),132,reverse oblique,174
805,San Jacinto (stepover),133,reverse oblique,132
805,San Jacinto (stepover),134,reverse oblique,152
805,San Jacinto (stepover),135,reverse oblique,146
805,San Jacinto (stepover),136,reverse oblique,128
805,San Jacinto (stepover),137,reverse oblique,120
805,San Jacinto (stepover),138,reverse oblique,132
805,San Jacinto (stepover),139,reverse oblique,154
805,San Jacinto (stepover),140,reverse oblique,138
805,San Jacinto (stepover),141,reverse oblique,164
805,San Jacinto (stepover),142,reverse oblique,136
805,San Jacinto (stepover),143,reverse oblique,127
805,San Jacinto (stepover),144,reverse oblique,164
805,San Jacinto (stepover),145,reverse oblique,152
805,San Jacinto (stepover),146,reverse oblique,156
805,San Jacinto (stepover),147,reverse oblique,110
805,San Jacinto (stepover),148,reverse oblique,132
805,San Jacinto (stepover),149,reverse oblique,116
805,San Jacinto (stepover),150,reverse oblique,152
805,San Jacinto (stepover),151,reverse oblique,108
805,San Jacinto (stepover),152,reverse oblique,144
805,San Jacinto (stepover),153,reverse oblique,112
805,San Jacinto (stepover),154,reverse oblique,84
805,San Jacinto (stepover),155,reverse oblique,84
805,San Jacinto (stepover),156,reverse oblique,80
805,San Jacinto (stepover),157,reverse oblique,80
805,San Jacinto (stepover),158,reverse oblique,80
805,San Jacinto (stepover),159,reverse oblique,72
805,San Jacinto (stepover),160,strike-slip,76
805,San Jacinto (stepover),161,strike-slip,60
805,San Jacinto (stepover),162,strike-slip,74
805,San Jacinto (stepover),163,strike-slip,52
805,San Jacinto (stepover),164,strike-slip,68
805,San Jacinto (stepover),165,strike-slip,46
805,San Jacinto (stepover),166,strike-slip,82
805,San Jacinto (stepover),167,strike-slip,62
805,San Jacinto (stepover),168,strike-slip,100
805,San Jacinto (stepover),169,strike-slip,90
805,San Jacinto (stepover),170,strike-slip,151
805,San Jacinto (stepover),171,strike-slip,193
805,San Jacinto (stepover),172,strike-slip,431
805,San Jacinto (stepover),173,strike-slip,577
805,San Jacinto (stepover),174,strike-slip,1106
805,San Jacinto (stepover),175,strike-slip,1102
805,San Jacinto (stepover),176,strike-slip,1300
805,San Jacinto (stepover),177,strike-slip,2909
805,San Jacinto (stepover),178,strike-slip,2064
805,San Jacinto (stepover),179,strike-slip,9708
805,San Jacinto (stepover),180,strike-slip,44087
806,San Jacinto (San Jacinto Valley),0,strike-slip,46
806,San Jacinto (San Jacinto Valley),86,reverse,2
806,San Jacinto (San Jacinto Valley),89,reverse,3
806,San Jacinto (San Jacinto Valley),93,reverse,4
806,San Jacinto (San Jacinto Valley),96,reverse,9
806,San Jacinto (San Jacinto Valley),98,reverse,4
806,San Jacinto (San Jacinto Valley),99,reverse,8
806,San Jacinto (San Jacinto Valley),100,reverse,3
806,San Jacinto (San Jacinto Valley),101,reverse,5
806,San Jacinto (San Jacinto Valley),102,reverse,17
806,San Jacinto (San Jacinto Valley),103,reverse,25
806,San Jacinto (San Jacinto Valley),104,reverse,23
806,San Jacinto (San Jacinto Valley),105,reverse,6
806,San Jacinto (San Jacinto Valley),106,reverse,39
806,San Jacinto (San Jacinto Valley),107,reverse,30
806,San Jacinto (San Jacinto Valley),108,reverse,56
806,San Jacinto (San Jacinto Valley),109,reverse,49
806,San Jacinto (San Jacinto Valley),110,reverse oblique,49
806,San Jacinto (San Jacinto Valley),111,reverse oblique,40
806,San Jacinto (San Jacinto Valley),112,reverse oblique,60
806,San Jacinto (San Jacinto Valley),113,reverse oblique,42
806,San Jacinto (San Jacinto Valley),114,reverse oblique,83
806,San Jacinto (San Jacinto Valley),115,reverse oblique,57
806,San Jacinto (San Jacinto Valley),116,reverse oblique,69
806,San Jacinto (San Jacinto Valley),117,reverse oblique,60
806,San Jacinto (San Jacinto Valley),118,reverse oblique,52
806,San Jacinto (San Jacinto Valley),119,reverse oblique,87
806,San Jacinto (San Jacinto Valley),120,reverse oblique,45
806,San Jacinto (San Jacinto Valley),121,reverse oblique,85
806,San Jacinto (San Jacinto Valley),122,reverse oblique,69
806,San Jacinto (San Jacinto Valley),123,reverse oblique,57
806,San Jacinto (San Jacinto Valley),124,reverse oblique,97
806,San Jacinto (San Jacinto Valley),125,reverse oblique,51
806,San Jacinto (San Jacinto Valley),126,reverse oblique,105
806,San Jacinto (San Jacinto Valley),127,reverse oblique,91
806,San Jacinto (San Jacinto Valley),128,reverse oblique,117
806,San Jacinto (San Jacinto Valley),129,reverse oblique,60
806,San Jacinto (San Jacinto Valley),130,reverse oblique,117
806,San Jacinto (San Jacinto Valley),131,reverse oblique,83
806,San Jacinto (San Jacinto Valley),132,reverse oblique,132
806,San Jacinto (San Jacinto Valley),133,reverse oblique,102
806,San Jacinto (San Jacinto Valley),134,reverse oblique,117
806,San Jacinto (San Jacinto Valley),135,reverse oblique,113
806,San Jacinto (San Jacinto Valley),136,reverse oblique,101
806,San Jacinto (San Jacinto Valley),137,reverse oblique,90
806,San Jacinto (San Jacinto Valley),138,reverse oblique,99
806,San Jacinto (San Jacinto Valley),139,reverse oblique,123
806,San Jacinto (San Jacinto Valley),140,reverse oblique,105
806,San Jacinto (San Jacinto Valley),141,reverse oblique,123
806,San Jacinto (San Jacinto Valley),142,reverse oblique,102
806,San Jacinto (San Jacinto Valley),143,reverse oblique,96
806,San Jacinto (San Jacinto Valley),144,reverse oblique,123
806,San Jacinto (San Jacinto Valley),145,reverse oblique,117
806,San Jacinto (San Jacinto Valley),146,reverse oblique,117
806,San Jacinto (San Jacinto Valley),147,reverse oblique,84
806,San Jacinto (San Jacinto Valley),148,reverse oblique,99
806,San Jacinto (San Jacinto Valley),149,reverse oblique,87
806,San Jacinto (San Jacinto Valley),150,reverse oblique,114
806,San Jacinto (San Jacinto Valley),151,reverse oblique,81
806,San Jacinto (San Jacinto Valley),152,reverse oblique,108
806,San Jacinto (San Jacinto Valley),153,reverse oblique,84
806,San Jacinto (San Jacinto Valley),154,reverse oblique,67
806,San Jacinto (San Jacinto Valley),155,reverse oblique,63
806,San Jacinto (San Jacinto Valley),156,reverse oblique,60
806,San Jacinto (San Jacinto Valley),157,reverse oblique,66
806,San Jacinto (San Jacinto Valley),158,reverse oblique,60
806,San Jacinto (San Jacinto Valley),159,reverse oblique,54
806,San Jacinto (San Jacinto Valley),160,strike-slip,61
806,San Jacinto (San Jacinto Valley),161,strike-slip,48
806,San Jacinto (San Jacinto Valley),162,strike-slip,71
806,San Jacinto (San Jacinto Valley),163,strike-slip,45
806,San Jacinto (San Jacinto Valley),164,strike-slip,64
806,San Jacinto (San Jacinto Valley),165,strike-slip,46
806,San Jacinto (San Jacinto Valley),166,strike-slip,76
806,San Jacinto (San Jacinto Valley),167,strike-slip,64
806,San Jacinto (San Jacinto Valley),168,strike-slip,94
806,San Jacinto (San Jacinto Valley),169,strike-slip,90
806,San Jacinto (San Jacinto Valley),170,strike-slip,129
806,San Jacinto (San Jacinto Valley),171,strike-slip,162
806,San Jacinto (San Jacinto Valley),172,strike-slip,335
806,San Jacinto (San Jacinto Valley),173,strike-slip,445
806,San Jacinto (San Jacinto Valley),174,strike-slip,909
806,San Jacinto (San Jacinto Valley),175,strike-slip,887
806,San Jacinto (San Jacinto Valley),176,strike-slip,1308
806,San Jacinto (San Jacinto Valley),177,strike-slip,2682
806,San Jacinto (San Jacinto Valley),178,strike-slip,1716
806,San Jacinto (San Jacinto Valley),179,strike-slip,8390
806,San Jacinto (San Jacinto Valley),180,strike-slip,36498
807,San Jacinto (San Bernardino),0,strike-slip,194
807,San Jacinto (San Bernardino),74,reverse,2
807,San Jacinto (San Bernardino),77,reverse,2
807,San Jacinto (San Bernardino),78,reverse,3
807,San Jacinto (San Bernardino),80,reverse,2
807,San Jacinto (San Bernardino),82,reverse,6
807,San Jacinto (San Bernardino),85,reverse,2
807,San Jacinto (San Bernardino),86,reverse,11
807,San Jacinto (San Bernardino),88,reverse,4
807,San Jacinto (San Bernardino),89,reverse,4
807,San Jacinto (San Bernardino),90,reverse,2
807,San Jacinto (San Bernardino),91,reverse,2
807,San Jacinto (San Bernardino),93,reverse,17
807,San Jacinto (San Bernardino),94,reverse,24
807,San Jacinto (San Bernardino),95,reverse,20
807,San Jacinto (San Bernardino),96,reverse,37
807,San Jacinto (San Bernardino),97,reverse,21
807,San Jacinto (San Bernardino),98,reverse,37
807,San Jacinto (San Bernardino),99,reverse,50
807,San Jacinto (San Bernardino),100,reverse,40
807,San Jacinto (San Bernardino),101,reverse,30
807,San Jacinto (San Bernardino),102,reverse,59
807,San Jacinto (San Bernardino),103,reverse,55
807,San Jacinto (San Bernardino),104,reverse,42
807,San Jacinto (San Bernardino),105,reverse,42
807,San Jacinto (San Bernardino),106,reverse,76
807,San Jacinto (San Bernardino),107,reverse,47
807,San Jacinto (San Bernardino),108,reverse,73
807,San Jacinto (San Bernardino),109,reverse,52
807,San Jacinto (San Bernardino),110,reverse oblique,52
807,San Jacinto (San Bernardino),111,reverse oblique,45
807,San Jacinto (San Bernardino),112,reverse oblique,72
807,San Jacinto (San Bernardino),113,reverse oblique,46
807,San Jacinto (San Bernardino),114,reverse oblique,96
807,San Jacinto (San Bernardino),115,reverse oblique,61
807,San Jacinto (San Bernardino),116,reverse oblique,68
807,San Jacinto (San Bernardino),117,reverse oblique,52
807,San Jacinto (San Bernardino),118,reverse oblique,51
807,San Jacinto (San Bernardino),119,reverse oblique,86
807,San Jacinto (San Bernardino),120,reverse oblique,39
807,San Jacinto (San Bernardino),121,reverse oblique,89
807,San Jacinto (San Bernardino),122,reverse oblique,69
807,San Jacinto (San Bernardino),123,reverse oblique,61
807,San Jacinto (San Bernardino),124,reverse oblique,99
807,San Jacinto (San Bernardino),125,reverse oblique,43
807,San Jacinto (San Bernardino),126,reverse oblique,100
807,San Jacinto (San Bernardino),127,reverse oblique,96
807,San Jacinto (San Bernardino),128,reverse oblique,108
807,San Jacinto (San Bernardino),129,reverse oblique,49
807,San Jacinto (San Bernardino),130,reverse oblique,111
807,San Jacinto (San Bernardino),131,reverse oblique,71
807,San Jacinto (San Bernardino),132,reverse oblique,124
807,San Jacinto (San Bernardino),133,reverse oblique,101
807,San Jacinto (San Bernardino),134,reverse oblique,104
807,San Jacinto (San Bernardino),135,reverse oblique,106
807,San Jacinto (San Bernardino),136,reverse oblique,98
807,San Jacinto (San Bernardino),137,reverse oblique,87
807,San Jacinto (San Bernardino),138,reverse oblique,87
807,San Jacinto (San Bernardino),139,reverse oblique,124
807,San Jacinto (San Bernardino),140,reverse oblique,100
807,San Jacinto (San Bernardino),141,reverse oblique,121
807,San Jacinto (San Bernardino),142,reverse oblique,97
807,San Jacinto (San Bernardino),143,reverse oblique,97
807,San Jacinto (San Bernardino),144,reverse oblique,130
807,San Jacinto (San Bernardino),145,reverse oblique,117
807,San Jacinto (San Bernardino),146,reverse oblique,123
807,San Jacinto (San Bernardino),147,reverse oblique,93
807,San Jacinto (San Bernardino),148,reverse oblique,101
807,San Jacinto (San Bernardino),149,reverse oblique,94
807,San Jacinto (San Bernardino),150,reverse oblique,121
807,San Jacinto (San Bernardino),151,reverse oblique,81
807,San Jacinto (San Bernardino),152,reverse oblique,119
807,San Jacinto (San Bernardino),153,reverse oblique,91
807,San Jacinto (San Bernardino),154,reverse oblique,76
807,San Jacinto (San Bernardino),155,reverse oblique,66
807,San Jacinto (San Bernardino),156,reverse oblique,83
807,San Jacinto (San Bernardino),157,reverse oblique,81
807,San Jacinto (San Bernardino),158,reverse oblique,74
807,San Jacinto (San Bernardino),159,reverse oblique,63
807,San Jacinto (San Bernardino),160,strike-slip,72
807,San Jacinto (San Bernardino),161,strike-slip,65
807,San Jacinto (San Bernardino),162,strike-slip,88
807,San Jacinto (San Bernardino),163,strike-slip,64
807,San Jacinto (San Bernardino),164,strike-slip,91
807,San Jacinto (San Bernardino),165,strike-slip,67
807,San Jacinto (San Bernardino),166,strike-slip,100
807,San Jacinto (San Bernardino),167,strike-slip,91
807,San Jacinto (San Bernardino),168,strike-slip,133
807,San Jacinto (San Bernardino),169,strike-slip,126
807,San Jacinto (San Bernardino),170,strike-slip,184
807,San Jacinto (San Bernardino),171,strike-slip,213
807,San Jacinto (San Bernardino),172,strike-slip,425
807,San Jacinto (San Bernardino),173,strike-slip,607
807,San Jacinto (San Bernardino),174,strike-slip,1276
807,San Jacinto (San Bernardino),175,strike-slip,1243
807,San Jacinto (San Bernardino),176,strike-slip,2043
807,San Jacinto (San Bernardino),177,strike-slip,3610
807,San Jacinto (San Bernardino),178,strike-slip,2176
807,San Jacinto (San Bernardino),179,strike-slip,11005
807,San Jacinto (San Bernardino),180,strike-slip,47289
840,Elsinore (Coyote Mountains),121,reverse oblique,2
840,Elsinore (Coyote Mountains),122,reverse oblique,3
840,Elsinore (Coyote Mountains),123,reverse oblique,2
840,Elsinore (Coyote Mountains),124,reverse oblique,3
840,Elsinore (Coyote Mountains),125,reverse oblique,2
840,Elsinore (Coyote Mountains),126,reverse oblique,3
840,Elsinore (Coyote Mountains),127,reverse oblique,2
840,Elsinore (Coyote Mountains),128,reverse oblique,3
840,Elsinore (Coyote Mountains),131,reverse oblique,2
840,Elsinore (Coyote Mountains),132,reverse oblique,5
840,Elsinore (Coyote Mountains),133,reverse oblique,6
840,Elsinore (Coyote Mountains),134,reverse oblique,3
840,Elsinore (Coyote Mountains),135,reverse oblique,8
840,Elsinore (Coyote Mountains),136,reverse oblique,7
840,Elsinore (Coyote Mountains),137,reverse oblique,7
840,Elsinore (Coyote Mountains),138,reverse oblique,15
840,Elsinore (Coyote Mountains),139,reverse oblique,9
840,Elsinore (Coyote Mountains),140,reverse oblique,18
840,Elsinore (Coyote Mountains),141,reverse oblique,14
840,Elsinore (Coyote Mountains),142,reverse oblique,25
840,Elsinore (Coyote Mountains),143,reverse oblique,33
840,Elsinore (Coyote Mountains),144,reverse oblique,36
840,Elsinore (Coyote Mountains),145,reverse oblique,36
840,Elsinore (Coyote Mountains),146,reverse oblique,35
840,Elsinore (Coyote Mountains),147,reverse oblique,40
840,Elsinore (Coyote Mountains),148,reverse oblique,47
840,Elsinore (Coyote Mountains),149,reverse oblique,23
840,Elsinore (Coyote Mountains),150,reverse oblique,39
840,Elsinore (Coyote Mountains),151,reverse oblique,41
840,Elsinore (Coyote Mountains),152,reverse oblique,47
840,Elsinore (Coyote Mountains),153,reverse oblique,54
840,Elsinore (Coyote Mountains),154,reverse oblique,54
840,Elsinore (Coyote Mountains),155,reverse oblique,52
840,Elsinore (Coyote Mountains),156,reverse oblique,44
840,Elsinore (Coyote Mountains),157,reverse oblique,42
840,Elsinore (Coyote Mountains),158,reverse oblique,31
840,Elsinore (Coyote Mountains),159,reverse oblique,34
840,Elsinore (Coyote Mountains),160,strike-slip,32
840,Elsinore (Coyote Mountains),161,strike-slip,20
840,Elsinore (Coyote Mountains),162,strike-slip,47
840,Elsinore (Coyote Mountains),163,strike-slip,35
840,Elsinore (Coyote Mountains),164,strike-slip,49
840,Elsinore (Coyote Mountains),165,strike-slip,45
840,Elsinore (Coyote Mountains),166,strike-slip,27
840,Elsinore (Coyote Mountains),167,strike-slip,39
840,Elsinore (Coyote Mountains),168,strike-slip,35
840,Elsinore (Coyote Mountains),169,strike-slip,28
840,Elsinore (Coyote Mountains),170,strike-slip,31
840,Elsinore (Coyote Mountains),171,strike-slip,15
840,Elsinore (Coyote Mountains),172,strike-slip,25
840,Elsinore (Coyote Mountains),173,strike-slip,26
840,Elsinore (Coyote Mountains),174,strike-slip,19
840,Elsinore (Coyote Mountains),175,strike-slip,32
840,Elsinore (Coyote Mountains),176,strike-slip,49
840,Elsinore (Coyote Mountains),177,strike-slip,51
840,Elsinore (Coyote Mountains),178,strike-slip,40
840,Elsinore (Coyote Mountains),180,strike-slip,410
841,Elsinore (Julian),101,reverse,2
841,Elsinore (Julian),102,reverse,2
841,Elsinore (Julian),104,reverse,2
841,Elsinore (Julian),105,reverse,5
841,Elsinore (Julian),106,reverse,2
841,Elsinore (Julian),107,reverse,6
841,Elsinore (Julian),108,reverse,6
841,Elsinore (Julian),109,reverse,7
841,Elsinore (Julian),110,reverse oblique,4
841,Elsinore (Julian),111,reverse oblique,13
841,Elsinore (Julian),112,reverse oblique,12
841,Elsinore (Julian),113,reverse oblique,11
841,Elsinore (Julian),114,reverse oblique,15
841,Elsinore (Julian),115,reverse oblique,12
841,Elsinore (Julian),116,reverse oblique,22
841,Elsinore (Julian),117,reverse oblique,24
841,Elsinore (Julian),118,reverse oblique,24
841,Elsinore (Julian),119,reverse oblique,25
841,Elsinore (Julian),120,reverse oblique,34
841,Elsinore (Julian),121,reverse oblique,48
841,Elsinore (Julian),122,reverse oblique,35
841,Elsinore (Julian),123,reverse oblique,49
841,Elsinore (Julian),124,reverse oblique,50
841,Elsinore (Julian),125,reverse oblique,46
841,Elsinore (Julian),126,reverse oblique,45
841,Elsinore (Julian),127,reverse oblique,54
841,Elsinore (Julian),128,reverse oblique,51
841,Elsinore (Julian),129,reverse oblique,65
841,Elsinore (Julian),130,reverse oblique,45
841,Elsinore (Julian),131,reverse oblique,87
841,Elsinore (Julian),132,reverse oblique,75
841,Elsinore (Julian),133,reverse oblique,72
841,Elsinore (Julian),134,reverse oblique,77
841,Elsinore (Julian),135,reverse oblique,96
841,Elsinore (Julian),136,reverse oblique,92
841,Elsinore (Julian),137,reverse oblique,54
841,Elsinore (Julian),138,reverse oblique,147
841,Elsinore (Julian),139,reverse oblique,95
841,Elsinore (Julian),140,reverse oblique,107
841,Elsinore (Julian),141,reverse oblique,105
841,Elsinore (Julian),142,reverse oblique,95
841,Elsinore (Julian),143,reverse oblique,140
841,Elsinore (Julian),144,reverse oblique,137
841,Elsinore (Julian),145,reverse oblique,128
841,Elsinore (Julian),146,reverse oblique,134
841,Elsinore (Julian),147,reverse oblique,147
841,Elsinore (Julian),148,reverse oblique,153
841,Elsinore (Julian),149,reverse oblique,124
841,Elsinore (Julian),150,reverse oblique,152
841,Elsinore (Julian),151,reverse oblique,142
841,Elsinore (Julian),152,reverse oblique,190
841,Elsinore (Julian),153,reverse oblique,160
841,Elsinore (Julian),154,reverse oblique,170
841,Elsinore (Julian),155,reverse oblique,147
841,Elsinore (Julian),156,reverse oblique,135
841,Elsinore (Julian),157,reverse oblique,140
841,Elsinore (Julian),158,reverse oblique,97
841,Elsinore (Julian),159,reverse oblique,107
841,Elsinore (Julian),160,strike-slip,121
841,Elsinore (Julian),161,strike-slip,95
841,Elsinore (Julian),162,strike-slip,162
841,Elsinore (Julian),163,strike-slip,135
841,Elsinore (Julian),164,strike-slip,175
841,Elsinore (Julian),165,strike-slip,137
841,Elsinore (Julian),166,strike-slip,144
841,Elsinore (Julian),167,strike-slip,145
841,Elsinore (Julian),168,strike-slip,170
841,Elsinore (Julian),169,strike-slip,99
841,Elsinore (Julian),170,strike-slip,110
841,Elsinore (Julian),171,strike-slip,60
841,Elsinore (Julian),172,strike-slip,94
841,Elsinore (Julian),173,strike-slip,81
841,Elsinore (Julian),174,strike-slip,122
841,Elsinore (Julian),175,strike-slip,120
841,Elsinore (Julian),176,strike-slip,228
841,Elsinore (Julian),177,strike-slip,173
841,Elsinore (Julian),178,strike-slip,144
841,Elsinore (Julian),180,strike-slip,1220
842,Elsinore (Temecula),78,reverse,2
842,Elsinore (Temecula),81,reverse,5
842,Elsinore (Temecula),84,reverse,11
842,Elsinore (Temecula),87,reverse,23
842,Elsinore (Temecula),88,reverse,4
842,Elsinore (Temecula),89,reverse,10
842,Elsinore (Temecula),90,reverse,17
842,Elsinore (Temecula),91,reverse,36
842,Elsinore (Temecula),92,reverse,2
842,Elsinore (Temecula),93,reverse,17
842,Elsinore (Temecula),94,reverse,51
842,Elsinore (Temecula),95,reverse,27
842,Elsinore (Temecula),96,reverse,21
842,Elsinore (Temecula),97,reverse,49
842,Elsinore (Temecula),98,reverse,42
842,Elsinore (Temecula),99,reverse,36
842,Elsinore (Temecula),100,reverse,31
842,Elsinore (Temecula),101,reverse,52
842,Elsinore (Temecula),102,reverse,54
842,Elsinore (Temecula),103,reverse,19
842,Elsinore (Temecula),104,reverse,67
842,Elsinore (Temecula),105,reverse,52
842,Elsinore (Temecula),106,reverse,63
842,Elsinore (Temecula),107,reverse,43
842,Elsinore (Temecula),108,reverse,65
842,Elsinore (Temecula),109,reverse,59
842,Elsinore (Temecula),110,reverse oblique,58
842,Elsinore (Temecula),111,reverse oblique,55
842,Elsinore (Temecula),112,reverse oblique,75
842,Elsinore (Temecula),113,reverse oblique,45
842,Elsinore (Temecula),114,reverse oblique,67
842,Elsinore (Temecula),115,reverse oblique,61
842,Elsinore (Temecula),116,reverse oblique,62
842,Elsinore (Temecula),117,reverse oblique,70
842,Elsinore (Temecula),118,reverse oblique,92
842,Elsinore (Temecula),119,reverse oblique,56
842,Elsinore (Temecula),120,reverse oblique,107
842,Elsinore (Temecula),121,reverse oblique,110
842,Elsinore (Temecula),122,reverse oblique,92
842,Elsinore (Temecula),123,reverse oblique,102
842,Elsinore (Temecula),124,reverse oblique,118
842,Elsinore (Temecula),125,reverse oblique,86
842,Elsinore (Temecula),126,reverse oblique,123
842,Elsinore (Temecula),127,reverse oblique,94
842,Elsinore (Temecula),128,reverse oblique,113
842,Elsinore (Temecula),129,reverse oblique,96
842,Elsinore (Temecula),130,reverse oblique,103
842,Elsinore (Temecula),131,reverse oblique,142
842,Elsinore (Temecula),132,reverse oblique,100
842,Elsinore (Temecula),133,reverse oblique,102
842,Elsinore (Temecula),134,reverse oblique,137
842,Elsinore (Temecula),135,reverse oblique,131
842,Elsinore (Temecula),136,reverse oblique,132
842,Elsinore (Temecula),137,reverse oblique,86
842,Elsinore (Temecula),138,reverse oblique,168
842,Elsinore (Temecula),139,reverse oblique,124
842,Elsinore (Temecula),140,reverse oblique,131
842,Elsinore (Temecula),141,reverse oblique,145
842,Elsinore (Temecula),142,reverse oblique,124
842,Elsinore (Temecula),143,reverse oblique,154
842,Elsinore (Temecula),144,reverse oblique,160
842,Elsinore (Temecula),145,reverse oblique,136
842,Elsinore (Temecula),146,reverse oblique,161
842,Elsinore (Temecula),147,reverse oblique,156
842,Elsinore (Temecula),148,reverse oblique,170
842,Elsinore (Temecula),149,reverse oblique,139
842,Elsinore (Temecula),150,reverse oblique,162
842,Elsinore (Temecula),151,reverse oblique,155
842,Elsinore (Temecula),152,reverse oblique,184
842,Elsinore (Temecula),153,reverse oblique,172
842,Elsinore (Temecula),154,reverse oblique,185
842,Elsinore (Temecula),155,reverse oblique,153
842,Elsinore (Temecula),156,reverse oblique,138
842,Elsinore (Temecula),157,reverse oblique,161
842,Elsinore (Temecula),158,reverse oblique,101
842,Elsinore (Temecula),159,reverse oblique,132
842,Elsinore (Temecula),160,strike-slip,145
842,Elsinore (Temecula),161,strike-slip,106
842,Elsinore (Temecula),162,strike-slip,165
842,Elsinore (Temecula),163,strike-slip,143
842,Elsinore (Temecula),164,strike-slip,180
842,Elsinore (Temecula),165,strike-slip,140
842,Elsinore (Temecula),166,strike-slip,149
842,Elsinore (Temecula),167,strike-slip,151
842,Elsinore (Temecula),168,strike-slip,185
842,Elsinore (Temecula),169,strike-slip,102
842,Elsinore (Temecula),170,strike-slip,133
842,Elsinore (Temecula),171,strike-slip,79
842,Elsinore (Temecula),172,strike-slip,123
842,Elsinore (Temecula),173,strike-slip,112
842,Elsinore (Temecula),174,strike-slip,156
842,Elsinore (Temecula),175,strike-slip,146
842,Elsinore (Temecula),176,strike-slip,240
842,Elsinore (Temecula),177,strike-slip,168
842,Elsinore (Temecula),178,strike-slip,132
842,Elsinore (Temecula),180,strike-slip,834
843,Elsinore (stepover),72,reverse,2
843,Elsinore (stepover),75,reverse,2
843,Elsinore (stepover),78,reverse,6
843,Elsinore (stepover),81,reverse,12
843,Elsinore (stepover),82,reverse,2
843,Elsinore (stepover),84,reverse,16
843,Elsinore (stepover),85,reverse,2
843,Elsinore (stepover),86,reverse,2
843,Elsinore (stepover),87,reverse,18
843,Elsinore (stepover),88,reverse,14
843,Elsinore (stepover),89,reverse,8
843,Elsinore (stepover),90,reverse,18
843,Elsinore (stepover),91,reverse,24
843,Elsinore (stepover),92,reverse,6
843,Elsinore (stepover),93,reverse,16
843,Elsinore (stepover),94,reverse,30
843,Elsinore (stepover),95,reverse,20
843,Elsinore (stepover),96,reverse,16
843,Elsinore (stepover),97,reverse,30
843,Elsinore (stepover),98,reverse,28
843,Elsinore (stepover),99,reverse,24
843,Elsinore (stepover),100,reverse,26
843,Elsinore (stepover),101,reverse,22
843,Elsinore (stepover),102,reverse,36
843,Elsinore (stepover),103,reverse,16
843,Elsinore (stepover),104,reverse,32
843,Elsinore (stepover),105,reverse,30
843,Elsinore (stepover),106,reverse,34
843,Elsinore (stepover),107,reverse,20
843,Elsinore (stepover),108,reverse,38
843,Elsinore (stepover),109,reverse,30
843,Elsinore (stepover),110,reverse oblique,28
843,Elsinore (stepover),111,reverse oblique,30
843,Elsinore (stepover),112,reverse oblique,36
843,Elsinore (stepover),113,reverse oblique,26
843,Elsinore (stepover),114,reverse oblique,28
843,Elsinore (stepover),115,reverse oblique,32
843,Elsinore (stepover),116,reverse oblique,32
843,Elsinore (stepover),117,reverse oblique,34
843,Elsinore (stepover),118,reverse oblique,42
843,Elsinore (stepover),119,reverse oblique,26
843,Elsinore (stepover),120,reverse oblique,46
843,Elsinore (stepover),121,reverse oblique,48
843,Elsinore (stepover),122,reverse oblique,46
843,Elsinore (stepover),123,reverse oblique,46
843,Elsinore (stepover),124,reverse oblique,52
843,Elsinore (stepover),125,reverse oblique,30
843,Elsinore (stepover),126,reverse oblique,56
843,Elsinore (stepover),127,reverse oblique,44
843,Elsinore (stepover),128,reverse oblique,44
843,Elsinore (stepover),129,reverse oblique,46
843,Elsinore (stepover),130,reverse oblique,50
843,Elsinore (stepover),131,reverse oblique,54
843,Elsinore (stepover),132,reverse oblique,42
843,Elsinore (stepover),133,reverse oblique,40
843,Elsinore (stepover),134,reverse oblique,58
843,Elsinore (stepover),135,reverse oblique,50
843,Elsinore (stepover),136,reverse oblique,50
843,Elsinore (stepover),137,reverse oblique,34
843,Elsinore (stepover),138,reverse oblique,64
843,Elsinore (stepover),139,reverse oblique,46
843,Elsinore (stepover),140,reverse oblique,52
843,Elsinore (stepover),141,reverse oblique,52
843,Elsinore (stepover),142,reverse oblique,46
843,Elsinore (stepover),143,reverse oblique,56
843,Elsinore (stepover),144,reverse oblique,62
843,Elsinore (stepover),145,reverse oblique,46
843,Elsinore (stepover),146,reverse oblique,58
843,Elsinore (stepover),147,reverse oblique,54
843,Elsinore (stepover),148,reverse oblique,64
843,Elsinore (stepover),149,reverse oblique,48
843,Elsinore (stepover),150,reverse oblique,68
843,Elsinore (stepover),151,reverse oblique,54
843,Elsinore (stepover),152,reverse oblique,66
843,Elsinore (stepover),153,reverse oblique,62
843,Elsinore (stepover),154,reverse oblique,68
843,Elsinore (stepover),155,reverse oblique,54
843,Elsinore (stepover),156,reverse oblique,52
843,Elsinore (stepover),157,reverse oblique,58
843,Elsinore (stepover),158,reverse oblique,36
843,Elsinore (stepover),159,reverse oblique,48
843,Elsinore (stepover),160,strike-slip,50
843,Elsinore (stepover),161,strike-slip,36
843,Elsinore (stepover),162,strike-slip,56
843,Elsinore (stepover),163,strike-slip,50
843,Elsinore (stepover),164,strike-slip,62
843,Elsinore (stepover),165,strike-slip,50
843,Elsinore (stepover),166,strike-slip,54
843,Elsinore (stepover),167,strike-slip,54
843,Elsinore (stepover),168,strike-slip,66
843,Elsinore (stepover),169,strike-slip,40
843,Elsinore (stepover),170,strike-slip,48
843,Elsinore (stepover),171,strike-slip,32
843,Elsinore (stepover),172,strike-slip,46
843,Elsinore (stepover),173,strike-slip,40
843,Elsinore (stepover),174,strike-slip,56
843,Elsinore (stepover),175,strike-slip,50
843,Elsinore (stepover),176,strike-slip,80
843,Elsinore (stepover),177,strike-slip,56
843,Elsinore (stepover),178,strike-slip,44
843,Elsinore (stepover),180,strike-slip,176
844,Elsinore (Glen Ivy),63,reverse oblique,2
844,Elsinore (Glen Ivy),65,reverse oblique,5
844,Elsinore (Glen Ivy),67,reverse oblique,7
844,Elsinore (Glen Ivy),68,reverse oblique,4
844,Elsinore (Glen Ivy),69,reverse oblique,2
844,Elsinore (Glen Ivy),70,reverse,14
844,Elsinore (Glen Ivy),71,reverse,2
844,Elsinore (Glen Ivy),72,reverse,25
844,Elsinore (Glen Ivy),73,reverse,5
844,Elsinore (Glen Ivy),75,reverse,30
844,Elsinore (Glen Ivy),76,reverse,9
844,Elsinore (Glen Ivy),77,reverse,5
844,Elsinore (Glen Ivy),78,reverse,28
844,Elsinore (Glen Ivy),79,reverse,30
844,Elsinore (Glen Ivy),80,reverse,6
844,Elsinore (Glen Ivy),81,reverse,42
844,Elsinore (Glen Ivy),82,reverse,39
844,Elsinore (Glen Ivy),83,reverse,27
844,Elsinore (Glen Ivy),84,reverse,44
844,Elsinore (Glen Ivy),85,reverse,25
844,Elsinore (Glen Ivy),86,reverse,46
844,Elsinore (Glen Ivy),87,reverse,54
844,Elsinore (Glen Ivy),88,reverse,41
844,Elsinore (Glen Ivy),89,reverse,50
844,Elsinore (Glen Ivy),90,reverse,59
844,Elsinore (Glen Ivy),91,reverse,82
844,Elsinore (Glen Ivy),92,reverse,45
844,Elsinore (Glen Ivy),93,reverse,38
844,Elsinore (Glen Ivy),94,reverse,81
844,Elsinore (Glen Ivy),95,reverse,68
844,Elsinore (Glen Ivy),96,reverse,52
844,Elsinore (Glen Ivy),97,reverse,72
844,Elsinore (Glen Ivy),98,reverse,85
844,Elsinore (Glen Ivy),99,reverse,59
844,Elsinore (Glen Ivy),100,reverse,81
844,Elsinore (Glen Ivy),101,reverse,66
844,Elsinore (Glen Ivy),102,reverse,96
844,Elsinore (Glen Ivy),103,reverse,46
844,Elsinore (Glen Ivy),104,reverse,84
844,Elsinore (Glen Ivy),105,reverse,75
844,Elsinore (Glen Ivy),106,reverse,93
844,Elsinore (Glen Ivy),107,reverse,56
844,Elsinore (Glen Ivy),108,reverse,101
844,Elsinore (Glen Ivy),109,reverse,74
844,Elsinore (Glen Ivy),110,reverse oblique,71
844,Elsinore (Glen Ivy),111,reverse oblique,84
844,Elsinore (Glen Ivy),112,reverse oblique,90
844,Elsinore (Glen Ivy),113,reverse oblique,67
844,Elsinore (Glen Ivy),114,reverse oblique,81
844,Elsinore (Glen Ivy),115,reverse oblique,83
844,Elsinore (Glen Ivy),116,reverse oblique,83
844,Elsinore (Glen Ivy),117,reverse oblique,90
844,Elsinore (Glen Ivy),118,reverse oblique,97
844,Elsinore (Glen Ivy),119,reverse oblique,71
844,Elsinore (Glen Ivy),120,reverse oblique,109
844,Elsinore (Glen Ivy),121,reverse oblique,105
844,Elsinore (Glen Ivy),122,reverse oblique,109
844,Elsinore (Glen Ivy),123,reverse oblique,115
844,Elsinore (Glen Ivy),124,reverse oblique,108
844,Elsinore (Glen Ivy),125,reverse oblique,86
844,Elsinore (Glen Ivy),126,reverse oblique,115
844,Elsinore (Glen Ivy),127,reverse oblique,88
844,Elsinore (Glen Ivy),128,reverse oblique,98
844,Elsinore (Glen Ivy),129,reverse oblique,100
844,Elsinore (Glen Ivy),130,reverse oblique,103
844,Elsinore (Glen Ivy),131,reverse oblique,110
844,Elsinore (Glen Ivy),132,reverse oblique,92
844,Elsinore (Glen Ivy),133,reverse oblique,86
844,Elsinore (Glen Ivy),134,reverse oblique,123
844,Elsinore (Glen Ivy),135,reverse oblique,111
844,Elsinore (Glen Ivy),136,reverse oblique,103
844,Elsinore (Glen Ivy),137,reverse oblique,79
844,Elsinore (Glen Ivy),138,reverse oblique,136
844,Elsinore (Glen Ivy),139,reverse oblique,101
844,Elsinore (Glen Ivy),140,reverse oblique,118
844,Elsinore (Glen Ivy),141,reverse oblique,104
844,Elsinore (Glen Ivy),142,reverse oblique,105
844,Elsinore (Glen Ivy),143,reverse oblique,128
844,Elsinore (Glen Ivy),144,reverse oblique,124
844,Elsinore (Glen Ivy),145,reverse oblique,100
844,Elsinore (Glen Ivy),146,reverse oblique,131
844,Elsinore (Glen Ivy),147,reverse oblique,110
844,Elsinore (Glen Ivy),148,reverse oblique,128
844,Elsinore (Glen Ivy),149,reverse oblique,100
844,Elsinore (Glen Ivy),150,reverse oblique,139
844,Elsinore (Glen Ivy),151,reverse oblique,108
844,Elsinore (Glen Ivy),152,reverse oblique,136
844,Elsinore (Glen Ivy),153,reverse oblique,124
844,Elsinore (Glen Ivy),154,reverse oblique,136
844,Elsinore (Glen Ivy),155,reverse oblique,108
844,Elsinore (Glen Ivy),156,reverse oblique,106
844,Elsinore (Glen Ivy),157,reverse oblique,118
844,Elsinore (Glen Ivy),158,reverse oblique,79
844,Elsinore (Glen Ivy),159,reverse oblique,101
844,Elsinore (Glen Ivy),160,strike-slip,109
844,Elsinore (Glen Ivy),161,strike-slip,81
844,Elsinore (Glen Ivy),162,strike-slip,119
844,Elsinore (Glen Ivy),163,strike-slip,109
844,Elsinore (Glen Ivy),164,strike-slip,133
844,Elsinore (Glen Ivy),165,strike-slip,100
844,Elsinore (Glen Ivy),166,strike-slip,119
844,Elsinore (Glen Ivy),167,strike-slip,111
844,Elsinore (Glen Ivy),168,strike-slip,132
844,Elsinore (Glen Ivy),169,strike-slip,88
844,Elsinore (Glen Ivy),170,strike-slip,96
844,Elsinore (Glen Ivy),171,strike-slip,64
844,Elsinore (Glen Ivy),172,strike-slip,92
844,Elsinore (Glen Ivy),173,strike-slip,80
844,Elsinore (Glen Ivy),174,strike-slip,112
844,Elsinore (Glen Ivy),175,strike-slip,100
844,Elsinore (Glen Ivy),176,strike-slip,160
844,Elsinore (Glen Ivy),177,strike-slip,112
844,Elsinore (Glen Ivy),178,strike-slip,88
844,Elsinore (Glen Ivy),180,strike-slip,214
880,Garlock (west),-3,strike-slip,30
880,Garlock (west),-2,strike-slip,30
880,Garlock (west),0,strike-slip,14641
880,Garlock (west),180,strike-slip,19363
881,Garlock (center),-148,normal oblique,6
881,Garlock (center),-147,normal oblique,4
881,Garlock (center),-146,normal oblique,10
881,Garlock (center),-145,normal oblique,8
881,Garlock (center),-144,normal oblique,8
881,Garlock (center),-143,normal oblique,5
881,Garlock (center),-142,normal oblique,12
881,Garlock (center),-140,normal oblique,14
881,Garlock (center),-139,normal oblique,8
881,Garlock (center),-138,normal oblique,8
881,Garlock (center),-137,normal oblique,9
881,Garlock (center),-136,normal oblique,9
881,Garlock (center),-135,normal oblique,10
881,Garlock (center),-134,normal oblique,10
881,Garlock (center),-132,normal oblique,13
881,Garlock (center),-131,normal oblique,11
881,Garlock (center),-129,normal oblique,12
881,Garlock (center),-126,normal oblique,13
881,Garlock (center),-123,normal oblique,14
881,Garlock (center),-121,normal oblique,2
881,Garlock (center),-120,normal oblique,15
881,Garlock (center),-115,normal oblique,3
881,Garlock (center),-93,normal,3
881,Garlock (center),-92,normal,2
881,Garlock (center),-64,normal oblique,4
881,Garlock (center),-52,normal oblique,3
881,Garlock (center),-44,normal oblique,5
881,Garlock (center),-32,normal oblique,10
881,Garlock (center),-25,normal oblique,7
881,Garlock (center),-22,normal oblique,5
881,Garlock (center),-20,strike-slip,8
881,Garlock (center),-17,strike-slip,15
881,Garlock (center),-15,strike-slip,10
881,Garlock (center),-14,strike-slip,7
881,Garlock (center),-13,strike-slip,11
881,Garlock (center),-12,strike-slip,20
881,Garlock (center),-10,strike-slip,36
881,Garlock (center),-9,strike-slip,25
881,Garlock (center),-8,strike-slip,44
881,Garlock (center),-7,strike-slip,49
881,Garlock (center),-6,strike-slip,47
881,Garlock (center),-5,strike-slip,15
881,Garlock (center),-3,strike-slip,60
881,Garlock (center),-2,strike-slip,60
881,Garlock (center),0,strike-slip,21413
881,Garlock (center),180,strike-slip,20524
882,Garlock (east),0,strike-slip,2935
882,Garlock (east),180,strike-slip,2992
900,"Hayward (south, extension)",135,reverse oblique,77
900,"Hayward (south, extension)",159,reverse oblique,7
900,"Hayward (south, extension)",161,strike-slip,19
900,"Hayward (south, extension)",162,strike-slip,7
900,"Hayward (south, extension)",163,strike-slip,23
900,"Hayward (south, extension)",164,strike-slip,20
900,"Hayward (south, extension)",165,strike-slip,31
900,"Hayward (south, extension)",166,strike-slip,50
900,"Hayward (south, extension)",167,strike-slip,40
900,"Hayward (south, extension)",168,strike-slip,71
900,"Hayward (south, extension)",169,strike-slip,64
900,"Hayward (south, extension)",170,strike-slip,107
900,"Hayward (south, extension)",171,strike-slip,114
900,"Hayward (south, extension)",172,strike-slip,200
900,"Hayward (south, extension)",173,strike-slip,167
900,"Hayward (south, extension)",174,strike-slip,343
900,"Hayward (south, extension)",175,strike-slip,501
900,"Hayward (south, extension)",176,strike-slip,1767
900,"Hayward (south, extension)",177,strike-slip,4685
900,"Hayward (south, extension)",178,strike-slip,7049
900,"Hayward (south, extension)",179,strike-slip,3081
900,"Hayward (south, extension)",180,strike-slip,92
901,Hayward (south),165,strike-slip,2
901,Hayward (south),166,strike-slip,2
901,Hayward (south),168,strike-slip,6
901,Hayward (south),169,strike-slip,4
901,Hayward (south),170,strike-slip,29
901,Hayward (south),171,strike-slip,66
901,Hayward (south),172,strike-slip,64
901,Hayward (south),173,strike-slip,83
901,Hayward (south),174,strike-slip,166
901,Hayward (south),175,strike-slip,236
901,Hayward (south),176,strike-slip,583
901,Hayward (south),177,strike-slip,1425
901,Hayward (south),178,strike-slip,2134
901,Hayward (south),179,strike-slip,2090
901,Hayward (south),180,strike-slip,55705
902,Hayward (north),171,strike-slip,14
902,Hayward (north),172,strike-slip,30
902,Hayward (north),173,strike-slip,9
902,Hayward (north),174,strike-slip,45
902,Hayward (north),175,strike-slip,32
902,Hayward (north),176,strike-slip,139
902,Hayward (north),177,strike-slip,565
902,Hayward (north),178,strike-slip,1578
902,Hayward (north),179,strike-slip,2015
902,Hayward (north),180,strike-slip,57369
903,Rodgers Creek - Healdsburg,176,strike-slip,27
903,Rodgers Creek - Healdsburg,177,strike-slip,35
903,Rodgers Creek - Healdsburg,178,strike-slip,603
903,Rodgers Creek - Healdsburg,179,strike-slip,656
903,Rodgers Creek - Healdsburg,180,strike-slip,21192
920,"Calaveras (south, Paicines)",152,reverse oblique,2
920,"Calaveras (south, Paicines)",153,reverse oblique,2
920,"Calaveras (south, Paicines)",154,reverse oblique,2
920,"Calaveras (south, Paicines)",156,reverse oblique,2
920,"Calaveras (south, Paicines)",159,reverse oblique,4
920,"Calaveras (south, Paicines)",160,strike-slip,4
920,"Calaveras (south, Paicines)",161,strike-slip,14
920,"Calaveras (south, Paicines)",162,strike-slip,16
920,"Calaveras (south, Paicines)",163,strike-slip,12
920,"Calaveras (south, Paicines)",164,strike-slip,16
920,"Calaveras (south, Paicines)",165,strike-slip,45
920,"Calaveras (south, Paicines)",166,strike-slip,143
920,"Calaveras (south, Paicines)",167,strike-slip,110
920,"Calaveras (south, Paicines)",168,strike-slip,284
920,"Calaveras (south, Paicines)",169,strike-slip,616
920,"Calaveras (south, Paicines)",170,strike-slip,866
920,"Calaveras (south, Paicines)",171,strike-slip,1001
920,"Calaveras (south, Paicines)",172,strike-slip,1633
920,"Calaveras (south, Paicines)",173,strike-slip,1691
920,"Calaveras (south, Paicines)",174,strike-slip,3375
920,"Calaveras (south, Paicines)",175,strike-slip,1682
920,"Calaveras (south, Paicines)",176,strike-slip,1042
920,"Calaveras (south, Paicines)",177,strike-slip,1275
920,"Calaveras (south, Paicines)",178,strike-slip,525
920,"Calaveras (south, Paicines)",179,strike-slip,696
920,"Calaveras (south, Paicines)",180,strike-slip,245773
921,Calaveras (south),165,strike-slip,4
921,Calaveras (south),166,strike-slip,66
921,Calaveras (south),167,strike-slip,42
921,Calaveras (south),168,strike-slip,124
921,Calaveras (south),169,strike-slip,351
921,Calaveras (south),170,strike-slip,475
921,Calaveras (south),171,strike-slip,555
921,Calaveras (south),172,strike-slip,926
921,Calaveras (south),173,strike-slip,873
921,Calaveras (south),174,strike-slip,1983
921,Calaveras (south),175,strike-slip,1282
921,Calaveras (south),176,strike-slip,933
921,Calaveras (south),177,strike-slip,1179
921,Calaveras (south),178,strike-slip,481
921,Calaveras (south),179,strike-slip,522
921,Calaveras (south),180,strike-slip,190987
922,Calaveras (center),159,reverse oblique,2
922,Calaveras (center),161,strike-slip,4
922,Calaveras (center),162,strike-slip,2
922,Calaveras (center),163,strike-slip,6
922,Calaveras (center),164,strike-slip,6
922,Calaveras (center),165,strike-slip,8
922,Calaveras (center),166,strike-slip,26
922,Calaveras (center),167,strike-slip,49
922,Calaveras (center),168,strike-slip,125
922,Calaveras (center),169,strike-slip,370
922,Calaveras (center),170,strike-slip,534
922,Calaveras (center),171,strike-slip,518
922,Calaveras (center),172,strike-slip,1033
922,Calaveras (center),173,strike-slip,733
922,Calaveras (center),174,strike-slip,2365
922,Calaveras (center),175,strike-slip,1872
922,Calaveras (center),176,strike-slip,1412
922,Calaveras (center),177,strike-slip,1980
922,Calaveras (center),178,strike-slip,1497
922,Calaveras (center),179,strike-slip,1354
922,Calaveras (center),180,strike-slip,303858
923,Calaveras (north),168,strike-slip,4
923,Calaveras (north),169,strike-slip,6
923,Calaveras (north),170,strike-slip,85
923,Calaveras (north),171,strike-slip,44
923,Calaveras (north),172,strike-slip,131
923,Calaveras (north),173,strike-slip,135
923,Calaveras (north),174,strike-slip,343
923,Calaveras (north),175,strike-slip,885
923,Calaveras (north),176,strike-slip,1827
923,Calaveras (north),177,strike-slip,4926
923,Calaveras (north),178,strike-slip,8755
923,Calaveras (north),179,strike-slip,6257
923,Calaveras (north),180,strike-slip,150987
1000,Antelope Valley,-90,normal,50
1002,Incline Village,-90,normal,12
2500,Goose Lake,-90,normal,1832
2502,South Klamath Lake (west),-90,normal,156
