parent_id,parent_name,rake,style,count
1,Airport Lake,-132,normal oblique,2
1,Airport Lake,-121,normal oblique,5
1,Airport Lake,-114,normal oblique,4
1,Airport Lake,-112,normal oblique,3
1,Airport Lake,-110,normal,5
1,Airport Lake,-107,normal,10
1,Airport Lake,-104,normal,5
1,Airport Lake,-102,normal,6
1,Airport Lake,-90,normal,50
2,Almanor,-135,normal oblique,197
3,Anacapa - Dume [1],35,reverse oblique,44
3,Anacapa - Dume [1],36,reverse oblique,94
3,Anacapa - Dume [1],37,reverse oblique,168
3,Anacapa - Dume [1],38,reverse oblique,206
3,Anacapa - Dume [1],39,reverse oblique,112
3,Anacapa - Dume [1],40,reverse oblique,141
3,Anacapa - Dume [1],41,reverse oblique,158
3,Anacapa - Dume [1],42,reverse oblique,293
3,Anacapa - Dume [1],43,reverse oblique,301
3,Anacapa - Dume [1],44,reverse oblique,444
3,Anacapa - Dume [1],45,reverse oblique,357
3,Anacapa - Dume [1],46,reverse oblique,468
3,Anacapa - Dume [1],47,reverse oblique,406
3,Anacapa - Dume [1],48,reverse oblique,441
3,Anacapa - Dume [1],49,reverse oblique,349
3,Anacapa - Dume [1],50,reverse oblique,423
3,Anacapa - Dume [1],51,reverse oblique,351
3,Anacapa - Dume [1],52,reverse oblique,464
3,Anacapa - Dume [1],53,reverse oblique,357
3,Anacapa - Dume [1],54,reverse oblique,499
3,Anacapa - Dume [1],55,reverse oblique,327
3,Anacapa - Dume [1],56,reverse oblique,452
3,Anacapa - Dume [1],57,reverse oblique,330
3,Anacapa - Dume [1],58,reverse oblique,372
3,Anacapa - Dume [1],59,reverse oblique,270
3,Anacapa - Dume [1],60,reverse oblique,347
3,Anacapa - Dume [1],61,reverse oblique,266
3,Anacapa - Dume [1],62,reverse oblique,335
3,Anacapa - Dume [1],63,reverse oblique,219
3,Anacapa - Dume [1],64,reverse oblique,305
3,Anacapa - Dume [1],65,reverse oblique,214
3,Anacapa - Dume [1],66,reverse oblique,237
3,Anacapa - Dume [1],67,reverse oblique,222
3,Anacapa - Dume [1],68,reverse oblique,237
3,Anacapa - Dume [1],69,reverse oblique,175
3,Anacapa - Dume [1],70,reverse,186
3,Anacapa - Dume [1],71,reverse,138
3,Anacapa - Dume [1],72,reverse,168
3,Anacapa - Dume [1],73,reverse,108
3,Anacapa - Dume [1],74,reverse,126
3,Anacapa - Dume [1],75,reverse,95
3,Anacapa - Dume [1],76,reverse,81
3,Anacapa - Dume [1],77,reverse,74
3,Anacapa - Dume [1],78,reverse,53
3,Anacapa - Dume [1],79,reverse,53
3,Anacapa - Dume [1],80,reverse,40
3,Anacapa - Dume [1],81,reverse,49
3,Anacapa - Dume [1],82,reverse,34
3,Anacapa - Dume [1],83,reverse,26
3,Anacapa - Dume [1],84,reverse,50
3,Anacapa - Dume [1],85,reverse,20
3,Anacapa - Dume [1],86,reverse,51
3,Anacapa - Dume [1],87,reverse,36
3,Anacapa - Dume [1],88,reverse,27
3,Anacapa - Dume [1],89,reverse,26
3,Anacapa - Dume [1],90,reverse,26
3,Anacapa - Dume [1],91,reverse,39
3,Anacapa - Dume [1],92,reverse,25
3,Anacapa - Dume [1],93,reverse,12
3,Anacapa - Dume [1],94,reverse,26
3,Anacapa - Dume [1],95,reverse,20
3,Anacapa - Dume [1],96,reverse,21
3,Anacapa - Dume [1],97,reverse,18
3,Anacapa - Dume [1],98,reverse,14
3,Anacapa - Dume [1],99,reverse,14
3,Anacapa - Dume [1],100,reverse,13
3,Anacapa - Dume [1],101,reverse,20
3,Anacapa - Dume [1],102,reverse,4
3,Anacapa - Dume [1],103,reverse,13
3,Anacapa - Dume [1],104,reverse,8
3,Anacapa - Dume [1],105,reverse,6
3,Anacapa - Dume [1],106,reverse,12
3,Anacapa - Dume [1],107,reverse,4
3,Anacapa - Dume [1],108,reverse,7
3,Anacapa - Dume [1],110,reverse oblique,12
3,Anacapa - Dume [1],113,reverse oblique,4
3,Anacapa - Dume [1],114,reverse oblique,6
3,Anacapa - Dume [1],115,reverse oblique,4
3,Anacapa - Dume [1],117,reverse oblique,5
3,Anacapa - Dume [1],118,reverse oblique,4
3,Anacapa - Dume [1],120,reverse oblique,3
3,Anacapa - Dume [1],121,reverse oblique,9
3,Anacapa - Dume [1],122,reverse oblique,4
3,Anacapa - Dume [1],123,reverse oblique,4
3,Anacapa - Dume [1],124,reverse oblique,6
3,Anacapa - Dume [1],125,reverse oblique,7
3,Anacapa - Dume [1],126,reverse oblique,4
3,Anacapa - Dume [1],127,reverse oblique,2
3,Anacapa - Dume [1],128,reverse oblique,6
3,Anacapa - Dume [1],129,reverse oblique,2
3,Anacapa - Dume [1],130,reverse oblique,4
3,Anacapa - Dume [1],131,reverse oblique,7
3,Anacapa - Dume [1],132,reverse oblique,5
3,Anacapa - Dume [1],134,reverse oblique,9
3,Anacapa - Dume [1],135,reverse oblique,3
3,Anacapa - Dume [1],136,reverse oblique,9
3,Anacapa - Dume [1],137,reverse oblique,2
3,Anacapa - Dume [1],138,reverse oblique,9
3,Anacapa - Dume [1],140,reverse oblique,4
3,Anacapa - Dume [1],141,reverse oblique,7
3,Anacapa - Dume [1],142,reverse oblique,2
3,Anacapa - Dume [1],143,reverse oblique,9
3,Anacapa - Dume [1],145,reverse oblique,9
3,Anacapa - Dume [1],146,reverse oblique,4
3,Anacapa - Dume [1],147,reverse oblique,3
3,Anacapa - Dume [1],148,reverse oblique,2
3,Anacapa - Dume [1],149,reverse oblique,3
3,Anacapa - Dume [1],150,reverse oblique,5
3,Anacapa - Dume [1],151,reverse oblique,2
3,Anacapa - Dume [1],153,reverse oblique,2
3,Anacapa - Dume [1],154,reverse oblique,2
5,Anaheim,49,reverse oblique,4
5,Anaheim,50,reverse oblique,15
5,Anaheim,51,reverse oblique,10
5,Anaheim,52,reverse oblique,24
5,Anaheim,53,reverse oblique,23
5,Anaheim,54,reverse oblique,23
5,Anaheim,55,reverse oblique,10
5,Anaheim,56,reverse oblique,10
5,Anaheim,57,reverse oblique,15
5,Anaheim,58,reverse oblique,19
5,Anaheim,59,reverse oblique,11
5,Anaheim,60,reverse oblique,17
5,Anaheim,61,reverse oblique,10
5,Anaheim,62,reverse oblique,16
5,Anaheim,63,reverse oblique,3
5,Anaheim,64,reverse oblique,8
5,Anaheim,65,reverse oblique,18
5,Anaheim,66,reverse oblique,10
5,Anaheim,67,reverse oblique,10
5,Anaheim,68,reverse oblique,8
5,Anaheim,69,reverse oblique,3
5,Anaheim,70,reverse,5
5,Anaheim,71,reverse,7
5,Anaheim,72,reverse,8
5,Anaheim,73,reverse,8
5,Anaheim,77,reverse,2
5,Anaheim,78,reverse,3
5,Anaheim,90,reverse,82
5,Anaheim,93,reverse,5
5,Anaheim,99,reverse,3
5,Anaheim,100,reverse,2
5,Anaheim,104,reverse,5
6,Ash Hill,180,strike-slip,112
7,Baker,-177,strike-slip,27
7,Baker,-176,strike-slip,50
7,Baker,-175,strike-slip,68
7,Baker,-174,strike-slip,80
7,Baker,-173,strike-slip,70
7,Baker,-172,strike-slip,162
7,Baker,-171,strike-slip,507
7,Baker,-170,strike-slip,702
7,Baker,-169,strike-slip,673
7,Baker,-168,strike-slip,742
7,Baker,-167,strike-slip,344
7,Baker,-166,strike-slip,202
7,Baker,-165,strike-slip,74
7,Baker,-164,strike-slip,36
7,Baker,-163,strike-slip,9
7,Baker,-162,strike-slip,5
7,Baker,-161,strike-slip,2
7,Baker,180,strike-slip,1170
8,Bartlett Springs,122,reverse oblique,2
8,Bartlett Springs,124,reverse oblique,3
8,Bartlett Springs,125,reverse oblique,2
8,Bartlett Springs,126,reverse oblique,4
8,Bartlett Springs,127,reverse oblique,8
8,Bartlett Springs,128,reverse oblique,2
8,Bartlett Springs,129,reverse oblique,10
8,Bartlett Springs,131,reverse oblique,8
8,Bartlett Springs,132,reverse oblique,6
8,Bartlett Springs,133,reverse oblique,6
8,Bartlett Springs,134,reverse oblique,7
8,Bartlett Springs,135,reverse oblique,8
8,Bartlett Springs,136,reverse oblique,14
8,Bartlett Springs,137,reverse oblique,4
8,Bartlett Springs,138,reverse oblique,9
8,Bartlett Springs,139,reverse oblique,5
8,Bartlett Springs,140,reverse oblique,13
8,Bartlett Springs,141,reverse oblique,8
8,Bartlett Springs,142,reverse oblique,13
8,Bartlett Springs,143,reverse oblique,3
8,Bartlett Springs,144,reverse oblique,18
8,Bartlett Springs,145,reverse oblique,13
8,Bartlett Springs,146,reverse oblique,22
8,Bartlett Springs,147,reverse oblique,9
8,Bartlett Springs,148,reverse oblique,20
8,Bartlett Springs,149,reverse oblique,11
8,Bartlett Springs,150,reverse oblique,34
8,Bartlett Springs,151,reverse oblique,24
8,Bartlett Springs,152,reverse oblique,34
8,Bartlett Springs,153,reverse oblique,50
8,Bartlett Springs,154,reverse oblique,73
8,Bartlett Springs,155,reverse oblique,100
8,Bartlett Springs,156,reverse oblique,86
8,Bartlett Springs,157,reverse oblique,68
8,Bartlett Springs,158,reverse oblique,156
8,Bartlett Springs,159,reverse oblique,133
8,Bartlett Springs,160,strike-slip,236
8,Bartlett Springs,161,strike-slip,134
8,Bartlett Springs,162,strike-slip,306
8,Bartlett Springs,163,strike-slip,287
8,Bartlett Springs,164,strike-slip,310
8,Bartlett Springs,165,strike-slip,308
8,Bartlett Springs,166,strike-slip,461
8,Bartlett Springs,167,strike-slip,343
8,Bartlett Springs,168,strike-slip,626
8,Bartlett Springs,169,strike-slip,807
8,Bartlett Springs,170,strike-slip,899
8,Bartlett Springs,171,strike-slip,515
8,Bartlett Springs,172,strike-slip,985
8,Bartlett Springs,173,strike-slip,1252
8,Bartlett Springs,174,strike-slip,851
8,Bartlett Springs,180,strike-slip,14966
9,Battle Creek,90,reverse,77
10,Bear River,90,reverse,275
10,Bear River,120,reverse oblique,11
10,Bear River,123,reverse oblique,10
10,Bear River,126,reverse oblique,9
10,Bear River,129,reverse oblique,8
10,Bear River,131,reverse oblique,11
10,Bear River,132,reverse oblique,7
10,Bear River,134,reverse oblique,10
10,Bear River,137,reverse oblique,15
10,Bear River,139,reverse oblique,11
10,Bear River,140,reverse oblique,8
10,Bear River,142,reverse oblique,15
10,Bear River,144,reverse oblique,7
10,Bear River,145,reverse oblique,9
10,Bear River,146,reverse oblique,11
10,Bear River,148,reverse oblique,28
10,Bear River,151,reverse oblique,16
10,Bear River,152,reverse oblique,5
10,Bear River,154,reverse oblique,8
10,Bear River,155,reverse oblique,9
10,Bear River,156,reverse oblique,7
10,Bear River,157,reverse oblique,4
10,Bear River,159,reverse oblique,5
10,Bear River,160,strike-slip,6
10,Bear River,163,strike-slip,14
10,Bear River,166,strike-slip,4
10,Bear River,167,strike-slip,3
10,Bear River,168,strike-slip,2
10,Bear River,169,strike-slip,3
10,Bear River,171,strike-slip,2
10,Bear River,173,strike-slip,2
11,Bennett Valley,177,strike-slip,9
11,Bennett Valley,178,strike-slip,268
11,Bennett Valley,179,strike-slip,885
11,Bennett Valley,180,strike-slip,13046
12,Bicycle Lake,0,strike-slip,34
13,Big Lagoon - Bald Mountain,90,reverse,1122
13,Big Lagoon - Bald Mountain,93,reverse,66
13,Big Lagoon - Bald Mountain,94,reverse,101
13,Big Lagoon - Bald Mountain,95,reverse,66
13,Big Lagoon - Bald Mountain,96,reverse,81
13,Big Lagoon - Bald Mountain,97,reverse,90
13,Big Lagoon - Bald Mountain,98,reverse,93
13,Big Lagoon - Bald Mountain,99,reverse,80
13,Big Lagoon - Bald Mountain,100,reverse,96
13,Big Lagoon - Bald Mountain,101,reverse,83
13,Big Lagoon - Bald Mountain,102,reverse,88
13,Big Lagoon - Bald Mountain,103,reverse,99
13,Big Lagoon - Bald Mountain,104,reverse,98
13,Big Lagoon - Bald Mountain,105,reverse,79
13,Big Lagoon - Bald Mountain,106,reverse,102
13,Big Lagoon - Bald Mountain,107,reverse,82
13,Big Lagoon - Bald Mountain,108,reverse,111
13,Big Lagoon - Bald Mountain,109,reverse,92
13,Big Lagoon - Bald Mountain,110,reverse oblique,73
13,Big Lagoon - Bald Mountain,111,reverse oblique,69
13,Big Lagoon - Bald Mountain,112,reverse oblique,15
13,Big Lagoon - Bald Mountain,113,reverse oblique,104
13,Big Lagoon - Bald Mountain,114,reverse oblique,13
13,Big Lagoon - Bald Mountain,115,reverse oblique,42
13,Big Lagoon - Bald Mountain,116,reverse oblique,33
13,Big Lagoon - Bald Mountain,117,reverse oblique,35
13,Big Lagoon - Bald Mountain,118,reverse oblique,30
13,Big Lagoon - Bald Mountain,119,reverse oblique,28
13,Big Lagoon - Bald Mountain,120,reverse oblique,8
13,Big Lagoon - Bald Mountain,121,reverse oblique,31
13,Big Lagoon - Bald Mountain,122,reverse oblique,20
13,Big Lagoon - Bald Mountain,123,reverse oblique,9
13,Big Lagoon - Bald Mountain,124,reverse oblique,20
13,Big Lagoon - Bald Mountain,125,reverse oblique,9
13,Big Lagoon - Bald Mountain,126,reverse oblique,19
13,Big Lagoon - Bald Mountain,127,reverse oblique,5
13,Big Lagoon - Bald Mountain,128,reverse oblique,13
13,Big Lagoon - Bald Mountain,130,reverse oblique,27
13,Big Lagoon - Bald Mountain,132,reverse oblique,6
13,Big Lagoon - Bald Mountain,133,reverse oblique,5
13,Big Lagoon - Bald Mountain,134,reverse oblique,4
13,Big Lagoon - Bald Mountain,135,reverse oblique,14
13,Big Lagoon - Bald Mountain,137,reverse oblique,6
13,Big Lagoon - Bald Mountain,138,reverse oblique,8
13,Big Lagoon - Bald Mountain,139,reverse oblique,4
13,Big Lagoon - Bald Mountain,140,reverse oblique,5
13,Big Lagoon - Bald Mountain,142,reverse oblique,9
13,Big Lagoon - Bald Mountain,144,reverse oblique,4
13,Big Lagoon - Bald Mountain,145,reverse oblique,3
13,Big Lagoon - Bald Mountain,146,reverse oblique,6
13,Big Lagoon - Bald Mountain,147,reverse oblique,3
13,Big Lagoon - Bald Mountain,149,reverse oblique,5
13,Big Lagoon - Bald Mountain,151,reverse oblique,3
13,Big Lagoon - Bald Mountain,152,reverse oblique,2
13,Big Lagoon - Bald Mountain,153,reverse oblique,3
13,Big Lagoon - Bald Mountain,155,reverse oblique,2
13,Big Lagoon - Bald Mountain,157,reverse oblique,2
13,Big Lagoon - Bald Mountain,158,reverse oblique,2
13,Big Lagoon - Bald Mountain,160,strike-slip,2
13,Big Lagoon - Bald Mountain,161,strike-slip,2
14,Big Pine (center),50,reverse oblique,2
14,Big Pine (center),51,reverse oblique,2
14,Big Pine (center),52,reverse oblique,3
14,Big Pine (center),54,reverse oblique,9
14,Big Pine (center),55,reverse oblique,5
14,Big Pine (center),56,reverse oblique,4
14,Big Pine (center),57,reverse oblique,3
14,Big Pine (center),58,reverse oblique,5
14,Big Pine (center),60,reverse oblique,4
14,Big Pine (center),62,reverse oblique,5
14,Big Pine (center),76,reverse,10
14,Big Pine (center),77,reverse,5
14,Big Pine (center),79,reverse,5
14,Big Pine (center),80,reverse,10
14,Big Pine (center),82,reverse,5
14,Big Pine (center),83,reverse,5
14,Big Pine (center),88,reverse,14
14,Big Pine (center),89,reverse,5
14,Big Pine (center),90,reverse,187
14,Big Pine (center),106,reverse,5
14,Big Pine (center),113,reverse oblique,5
14,Big Pine (center),120,reverse oblique,5
14,Big Pine (center),123,reverse oblique,5
14,Big Pine (center),125,reverse oblique,4
14,Big Pine (center),126,reverse oblique,5
14,Big Pine (center),127,reverse oblique,3
14,Big Pine (center),129,reverse oblique,2
14,Big Pine (center),134,reverse oblique,5
14,Big Pine (center),135,reverse oblique,5
14,Big Pine (center),137,reverse oblique,9
14,Big Pine (center),139,reverse oblique,3
14,Big Pine (center),140,reverse oblique,5
14,Big Pine (center),141,reverse oblique,2
14,Big Pine (center),142,reverse oblique,5
14,Big Pine (center),143,reverse oblique,5
14,Big Pine (center),145,reverse oblique,9
14,Big Pine (center),147,reverse oblique,8
14,Big Pine (center),149,reverse oblique,12
14,Big Pine (center),150,reverse oblique,5
14,Big Pine (center),151,reverse oblique,4
14,Big Pine (center),152,reverse oblique,5
14,Big Pine (center),153,reverse oblique,8
14,Big Pine (center),154,reverse oblique,7
14,Big Pine (center),156,reverse oblique,10
14,Big Pine (center),157,reverse oblique,9
14,Big Pine (center),158,reverse oblique,13
14,Big Pine (center),159,reverse oblique,4
14,Big Pine (center),160,strike-slip,7
14,Big Pine (center),161,strike-slip,7
14,Big Pine (center),162,strike-slip,10
14,Big Pine (center),163,strike-slip,9
14,Big Pine (center),164,strike-slip,14
14,Big Pine (center),165,strike-slip,14
14,Big Pine (center),166,strike-slip,14
14,Big Pine (center),167,strike-slip,14
14,Big Pine (center),168,strike-slip,23
14,Big Pine (center),169,strike-slip,19
14,Big Pine (center),170,strike-slip,28
14,Big Pine (center),171,strike-slip,14
14,Big Pine (center),172,strike-slip,7
14,Big Pine (center),173,strike-slip,48
14,Big Pine (center),174,strike-slip,125
14,Big Pine (center),175,strike-slip,94
14,Big Pine (center),176,strike-slip,36
15,Big Pine (east),45,reverse oblique,16
15,Big Pine (east),50,reverse oblique,4
15,Big Pine (east),51,reverse oblique,3
15,Big Pine (east),52,reverse oblique,4
15,Big Pine (east),54,reverse oblique,9
15,Big Pine (east),55,reverse oblique,4
15,Big Pine (east),56,reverse oblique,3
15,Big Pine (east),57,reverse oblique,2
15,Big Pine (east),58,reverse oblique,3
15,Big Pine (east),60,reverse oblique,2
15,Big Pine (east),62,reverse oblique,2
15,Big Pine (east),76,reverse,7
15,Big Pine (east),77,reverse,4
15,Big Pine (east),79,reverse,3
15,Big Pine (east),80,reverse,5
15,Big Pine (east),82,reverse,2
15,Big Pine (east),83,reverse,2
15,Big Pine (east),88,reverse,20
15,Big Pine (east),89,reverse,4
15,Big Pine (east),106,reverse,7
15,Big Pine (east),113,reverse oblique,4
15,Big Pine (east),120,reverse oblique,4
15,Big Pine (east),123,reverse oblique,4
15,Big Pine (east),125,reverse oblique,4
15,Big Pine (east),126,reverse oblique,4
15,Big Pine (east),127,reverse oblique,4
15,Big Pine (east),129,reverse oblique,4
15,Big Pine (east),132,reverse oblique,2
15,Big Pine (east),134,reverse oblique,8
15,Big Pine (east),135,reverse oblique,4
15,Big Pine (east),137,reverse oblique,8
15,Big Pine (east),139,reverse oblique,4
15,Big Pine (east),140,reverse oblique,4
15,Big Pine (east),141,reverse oblique,4
15,Big Pine (east),142,reverse oblique,4
15,Big Pine (east),143,reverse oblique,4
15,Big Pine (east),145,reverse oblique,12
15,Big Pine (east),147,reverse oblique,8
15,Big Pine (east),148,reverse oblique,3
15,Big Pine (east),149,reverse oblique,12
15,Big Pine (east),150,reverse oblique,4
15,Big Pine (east),151,reverse oblique,4
15,Big Pine (east),152,reverse oblique,4
15,Big Pine (east),153,reverse oblique,12
15,Big Pine (east),154,reverse oblique,8
15,Big Pine (east),156,reverse oblique,11
15,Big Pine (east),157,reverse oblique,8
15,Big Pine (east),158,reverse oblique,16
15,Big Pine (east),159,reverse oblique,4
15,Big Pine (east),160,strike-slip,8
15,Big Pine (east),161,strike-slip,13
15,Big Pine (east),162,strike-slip,12
15,Big Pine (east),163,strike-slip,12
15,Big Pine (east),164,strike-slip,23
15,Big Pine (east),165,strike-slip,16
15,Big Pine (east),166,strike-slip,22
15,Big Pine (east),167,strike-slip,20
15,Big Pine (east),168,strike-slip,33
15,Big Pine (east),169,strike-slip,31
15,Big Pine (east),170,strike-slip,45
15,Big Pine (east),171,strike-slip,34
15,Big Pine (east),172,strike-slip,21
15,Big Pine (east),173,strike-slip,63
15,Big Pine (east),174,strike-slip,171
15,Big Pine (east),175,strike-slip,165
15,Big Pine (east),176,strike-slip,135
15,Big Pine (east),177,strike-slip,115
15,Big Pine (east),178,strike-slip,46
15,Big Pine (east),179,strike-slip,4
16,Big Pine (west),76,reverse,2
16,Big Pine (west),77,reverse,3
16,Big Pine (west),79,reverse,2
16,Big Pine (west),80,reverse,3
16,Big Pine (west),82,reverse,2
16,Big Pine (west),83,reverse,3
16,Big Pine (west),90,reverse,166
17,Blackwater,180,strike-slip,275
18,Blue Cut,0,strike-slip,442
19,Brawley [1],152,reverse oblique,54
19,Brawley [1],154,reverse oblique,81
19,Brawley [1],155,reverse oblique,27
19,Brawley [1],156,reverse oblique,54
19,Brawley [1],157,reverse oblique,54
19,Brawley [1],158,reverse oblique,54
19,Brawley [1],159,reverse oblique,5
19,Brawley [1],160,strike-slip,58
19,Brawley [1],161,strike-slip,55
19,Brawley [1],162,strike-slip,29
19,Brawley [1],163,strike-slip,119
19,Brawley [1],164,strike-slip,124
19,Brawley [1],165,strike-slip,104
19,Brawley [1],166,strike-slip,248
19,Brawley [1],167,strike-slip,247
19,Brawley [1],168,strike-slip,249
19,Brawley [1],169,strike-slip,40
19,Brawley [1],170,strike-slip,40
19,Brawley [1],172,strike-slip,84
19,Brawley [1],173,strike-slip,301
19,Brawley [1],174,strike-slip,395
19,Brawley [1],175,strike-slip,536
19,Brawley [1],176,strike-slip,780
19,Brawley [1],177,strike-slip,650
19,Brawley [1],178,strike-slip,1362
19,Brawley [1],179,strike-slip,4100
19,Brawley [1],180,strike-slip,57050
21,Breckenridge,-90,normal,32
21,Breckenridge,-87,normal,10
21,Breckenridge,-86,normal,8
21,Breckenridge,-85,normal,12
21,Breckenridge,-84,normal,12
21,Breckenridge,-83,normal,12
21,Breckenridge,-82,normal,8
21,Breckenridge,-81,normal,4
21,Breckenridge,-80,normal,8
21,Breckenridge,-79,normal,6
21,Breckenridge,-78,normal,2
21,Breckenridge,-77,normal,6
21,Breckenridge,-76,normal,2
21,Breckenridge,-75,normal,2
21,Breckenridge,-74,normal,2
21,Breckenridge,-73,normal,8
21,Breckenridge,-72,normal,4
21,Breckenridge,-70,normal oblique,4
21,Breckenridge,-69,normal oblique,4
21,Breckenridge,-68,normal oblique,4
21,Breckenridge,-67,normal oblique,2
21,Breckenridge,-66,normal oblique,4
21,Breckenridge,-65,normal oblique,6
21,Breckenridge,-64,normal oblique,2
21,Breckenridge,-63,normal oblique,2
21,Breckenridge,-60,normal oblique,4
21,Breckenridge,-59,normal oblique,4
21,Breckenridge,-58,normal oblique,2
21,Breckenridge,-56,normal oblique,2
21,Breckenridge,-54,normal oblique,4
21,Breckenridge,-53,normal oblique,2
21,Breckenridge,-52,normal oblique,2
21,Breckenridge,-50,normal oblique,2
21,Breckenridge,-46,normal oblique,2
21,Breckenridge,-42,normal oblique,2
21,Breckenridge,-39,normal oblique,4
21,Breckenridge,-38,normal oblique,2
21,Breckenridge,-37,normal oblique,2
21,Breckenridge,-36,normal oblique,2
21,Breckenridge,-28,normal oblique,2
21,Breckenridge,-22,normal oblique,2
21,Breckenridge,-20,strike-slip,2
21,Breckenridge,-19,strike-slip,2
21,Breckenridge,-18,strike-slip,2
21,Breckenridge,-17,strike-slip,2
21,Breckenridge,-15,strike-slip,2
21,Breckenridge,-14,strike-slip,2
21,Breckenridge,-13,strike-slip,2
21,Breckenridge,-11,strike-slip,2
21,Breckenridge,-6,strike-slip,2
21,Breckenridge,-2,strike-slip,2
21,Breckenridge,0,strike-slip,2
21,Breckenridge,2,strike-slip,2
21,Breckenridge,6,strike-slip,2
21,Breckenridge,8,strike-slip,2
21,Breckenridge,10,strike-slip,2
21,Breckenridge,16,strike-slip,2
21,Breckenridge,19,strike-slip,2
21,Breckenridge,22,reverse oblique,2
21,Breckenridge,25,reverse oblique,2
21,Breckenridge,30,reverse oblique,2
21,Breckenridge,31,reverse oblique,4
21,Breckenridge,36,reverse oblique,2
21,Breckenridge,40,reverse oblique,2
21,Breckenridge,41,reverse oblique,2
21,Breckenridge,46,reverse oblique,2
21,Breckenridge,49,reverse oblique,2
21,Breckenridge,51,reverse oblique,2
21,Breckenridge,52,reverse oblique,2
21,Breckenridge,53,reverse oblique,2
22,Bullion Mountains,180,strike-slip,90
23,Burnt Mountain,180,strike-slip,7
24,Butano,98,reverse,2
24,Butano,100,reverse,4
24,Butano,102,reverse,7
24,Butano,104,reverse,6
24,Butano,107,reverse,14
24,Butano,108,reverse,2
24,Butano,109,reverse,5
24,Butano,110,reverse oblique,4
24,Butano,111,reverse oblique,18
24,Butano,112,reverse oblique,2
24,Butano,113,reverse oblique,5
24,Butano,114,reverse oblique,3
24,Butano,115,reverse oblique,16
24,Butano,116,reverse oblique,4
24,Butano,117,reverse oblique,11
24,Butano,118,reverse oblique,9
24,Butano,119,reverse oblique,17
24,Butano,120,reverse oblique,12
24,Butano,121,reverse oblique,26
24,Butano,122,reverse oblique,14
24,Butano,123,reverse oblique,36
24,Butano,124,reverse oblique,39
24,Butano,125,reverse oblique,29
24,Butano,126,reverse oblique,41
24,Butano,127,reverse oblique,38
24,Butano,128,reverse oblique,74
24,Butano,129,reverse oblique,57
24,Butano,130,reverse oblique,86
24,Butano,131,reverse oblique,67
24,Butano,132,reverse oblique,64
24,Butano,133,reverse oblique,101
24,Butano,134,reverse oblique,155
24,Butano,135,reverse oblique,206
24,Butano,136,reverse oblique,148
24,Butano,137,reverse oblique,119
24,Butano,138,reverse oblique,174
24,Butano,139,reverse oblique,118
24,Butano,140,reverse oblique,177
24,Butano,141,reverse oblique,139
24,Butano,142,reverse oblique,155
24,Butano,143,reverse oblique,185
24,Butano,144,reverse oblique,204
24,Butano,145,reverse oblique,188
24,Butano,146,reverse oblique,238
24,Butano,147,reverse oblique,272
24,Butano,148,reverse oblique,411
24,Butano,149,reverse oblique,402
24,Butano,150,reverse oblique,509
24,Butano,151,reverse oblique,405
24,Butano,152,reverse oblique,640
24,Butano,153,reverse oblique,556
24,Butano,154,reverse oblique,743
24,Butano,155,reverse oblique,677
24,Butano,156,reverse oblique,867
24,Butano,157,reverse oblique,788
24,Butano,158,reverse oblique,940
24,Butano,159,reverse oblique,819
24,Butano,160,strike-slip,1032
24,Butano,161,strike-slip,834
24,Butano,162,strike-slip,1147
24,Butano,163,strike-slip,1102
24,Butano,164,strike-slip,1482
24,Butano,165,strike-slip,1514
24,Butano,166,strike-slip,2216
24,Butano,167,strike-slip,2277
24,Butano,168,strike-slip,3245
24,Butano,169,strike-slip,3086
24,Butano,170,strike-slip,4750
24,Butano,171,strike-slip,4600
24,Butano,172,strike-slip,7098
24,Butano,173,strike-slip,7637
24,Butano,174,strike-slip,12261
24,Butano,175,strike-slip,15075
24,Butano,176,strike-slip,26434
24,Butano,177,strike-slip,23097
24,Butano,178,strike-slip,26922
24,Butano,179,strike-slip,41280
25,Cady,0,strike-slip,72
26,Calico - Hidalgo,0,strike-slip,54
26,Calico - Hidalgo,180,strike-slip,2945
27,Camp Rock,180,strike-slip,1704
28,Canada David,-128,normal oblique,2
28,Canada David,-125,normal oblique,2
28,Canada David,-122,normal oblique,2
28,Canada David,-119,normal oblique,2
28,Canada David,-117,normal oblique,3
28,Canada David,-115,normal oblique,5
28,Canada David,-112,normal oblique,3
28,Canada David,-111,normal oblique,2
28,Canada David,-110,normal,3
28,Canada David,-107,normal,5
28,Canada David,-104,normal,3
28,Canada David,-103,normal,2
28,Canada David,-102,normal,3
28,Canada David,-99,normal,5
28,Canada David,-96,normal,3
28,Canada David,-90,normal,7
29,Carlsbad,90,reverse,248
29,Carlsbad,92,reverse,9
29,Carlsbad,93,reverse,23
29,Carlsbad,94,reverse,44
29,Carlsbad,95,reverse,27
29,Carlsbad,96,reverse,64
29,Carlsbad,97,reverse,35
29,Carlsbad,98,reverse,34
29,Carlsbad,99,reverse,47
29,Carlsbad,100,reverse,56
29,Carlsbad,101,reverse,39
29,Carlsbad,102,reverse,67
29,Carlsbad,103,reverse,22
29,Carlsbad,104,reverse,54
29,Carlsbad,105,reverse,45
29,Carlsbad,106,reverse,45
29,Carlsbad,107,reverse,29
29,Carlsbad,108,reverse,43
29,Carlsbad,109,reverse,54
29,Carlsbad,110,reverse oblique,40
29,Carlsbad,111,reverse oblique,43
29,Carlsbad,112,reverse oblique,47
29,Carlsbad,113,reverse oblique,37
29,Carlsbad,114,reverse oblique,31
29,Carlsbad,115,reverse oblique,29
29,Carlsbad,116,reverse oblique,52
29,Carlsbad,117,reverse oblique,17
29,Carlsbad,118,reverse oblique,45
29,Carlsbad,119,reverse oblique,36
29,Carlsbad,120,reverse oblique,38
29,Carlsbad,121,reverse oblique,43
29,Carlsbad,122,reverse oblique,12
29,Carlsbad,123,reverse oblique,49
29,Carlsbad,124,reverse oblique,26
29,Carlsbad,125,reverse oblique,32
29,Carlsbad,126,reverse oblique,39
29,Carlsbad,127,reverse oblique,30
29,Carlsbad,128,reverse oblique,31
29,Carlsbad,129,reverse oblique,58
29,Carlsbad,130,reverse oblique,19
29,Carlsbad,131,reverse oblique,38
29,Carlsbad,132,reverse oblique,32
29,Carlsbad,133,reverse oblique,27
29,Carlsbad,134,reverse oblique,47
29,Carlsbad,135,reverse oblique,23
29,Carlsbad,136,reverse oblique,42
29,Carlsbad,137,reverse oblique,33
29,Carlsbad,138,reverse oblique,22
29,Carlsbad,139,reverse oblique,29
29,Carlsbad,140,reverse oblique,43
29,Carlsbad,141,reverse oblique,36
29,Carlsbad,142,reverse oblique,27
29,Carlsbad,143,reverse oblique,18
29,Carlsbad,144,reverse oblique,41
29,Carlsbad,145,reverse oblique,16
29,Carlsbad,146,reverse oblique,48
29,Carlsbad,147,reverse oblique,25
29,Carlsbad,148,reverse oblique,66
29,Carlsbad,149,reverse oblique,29
29,Carlsbad,150,reverse oblique,44
29,Carlsbad,151,reverse oblique,31
29,Carlsbad,152,reverse oblique,36
29,Carlsbad,153,reverse oblique,49
29,Carlsbad,154,reverse oblique,57
29,Carlsbad,155,reverse oblique,39
29,Carlsbad,156,reverse oblique,63
29,Carlsbad,157,reverse oblique,47
29,Carlsbad,158,reverse oblique,84
29,Carlsbad,159,reverse oblique,66
29,Carlsbad,160,strike-slip,84
29,Carlsbad,161,strike-slip,96
29,Carlsbad,162,strike-slip,116
29,Carlsbad,163,strike-slip,111
29,Carlsbad,164,strike-slip,152
29,Carlsbad,165,strike-slip,147
29,Carlsbad,166,strike-slip,207
29,Carlsbad,167,strike-slip,175
29,Carlsbad,168,strike-slip,278
29,Carlsbad,169,strike-slip,235
29,Carlsbad,170,strike-slip,342
29,Carlsbad,171,strike-slip,296
29,Carlsbad,172,strike-slip,407
29,Carlsbad,173,strike-slip,348
29,Carlsbad,174,strike-slip,363
29,Carlsbad,175,strike-slip,111
29,Carlsbad,176,strike-slip,11
29,Carlsbad,177,strike-slip,6
30,Casmalia,48,reverse oblique,3
30,Casmalia,50,reverse oblique,4
30,Casmalia,51,reverse oblique,8
30,Casmalia,52,reverse oblique,4
30,Casmalia,53,reverse oblique,9
30,Casmalia,54,reverse oblique,12
30,Casmalia,55,reverse oblique,18
30,Casmalia,56,reverse oblique,18
30,Casmalia,57,reverse oblique,18
30,Casmalia,58,reverse oblique,21
30,Casmalia,59,reverse oblique,17
30,Casmalia,60,reverse oblique,17
30,Casmalia,61,reverse oblique,20
30,Casmalia,62,reverse oblique,17
30,Casmalia,63,reverse oblique,11
30,Casmalia,64,reverse oblique,13
30,Casmalia,65,reverse oblique,13
30,Casmalia,66,reverse oblique,11
30,Casmalia,67,reverse oblique,13
30,Casmalia,68,reverse oblique,13
30,Casmalia,69,reverse oblique,15
30,Casmalia,70,reverse,13
30,Casmalia,71,reverse,12
30,Casmalia,72,reverse,26
30,Casmalia,73,reverse,5
30,Casmalia,74,reverse,10
30,Casmalia,75,reverse,23
30,Casmalia,76,reverse,7
30,Casmalia,77,reverse,26
30,Casmalia,78,reverse,27
30,Casmalia,79,reverse,22
30,Casmalia,80,reverse,43
30,Casmalia,81,reverse,55
30,Casmalia,82,reverse,53
30,Casmalia,83,reverse,44
30,Casmalia,84,reverse,78
30,Casmalia,85,reverse,63
30,Casmalia,86,reverse,125
30,Casmalia,87,reverse,191
30,Casmalia,88,reverse,93
30,Casmalia,89,reverse,8
30,Casmalia,90,reverse,1534
30,Casmalia,91,reverse,41
30,Casmalia,92,reverse,53
30,Casmalia,93,reverse,65
30,Casmalia,94,reverse,74
30,Casmalia,95,reverse,78
30,Casmalia,96,reverse,78
30,Casmalia,97,reverse,80
30,Casmalia,98,reverse,64
30,Casmalia,99,reverse,27
30,Casmalia,100,reverse,49
30,Casmalia,101,reverse,16
30,Casmalia,102,reverse,40
30,Casmalia,103,reverse,13
30,Casmalia,104,reverse,62
30,Casmalia,105,reverse,8
30,Casmalia,106,reverse,43
30,Casmalia,107,reverse,48
30,Casmalia,108,reverse,21
30,Casmalia,109,reverse,32
30,Casmalia,110,reverse oblique,45
30,Casmalia,111,reverse oblique,45
30,Casmalia,112,reverse oblique,23
30,Casmalia,113,reverse oblique,53
30,Casmalia,114,reverse oblique,48
30,Casmalia,115,reverse oblique,29
30,Casmalia,116,reverse oblique,28
30,Casmalia,117,reverse oblique,81
30,Casmalia,118,reverse oblique,24
30,Casmalia,119,reverse oblique,38
30,Casmalia,120,reverse oblique,44
30,Casmalia,121,reverse oblique,62
30,Casmalia,122,reverse oblique,54
30,Casmalia,123,reverse oblique,54
30,Casmalia,124,reverse oblique,75
30,Casmalia,125,reverse oblique,37
30,Casmalia,126,reverse oblique,80
30,Casmalia,127,reverse oblique,53
30,Casmalia,128,reverse oblique,76
30,Casmalia,129,reverse oblique,54
30,Casmalia,130,reverse oblique,42
30,Casmalia,131,reverse oblique,48
30,Casmalia,132,reverse oblique,66
30,Casmalia,133,reverse oblique,40
30,Casmalia,134,reverse oblique,48
30,Casmalia,135,reverse oblique,8
30,Casmalia,136,reverse oblique,127
30,Casmalia,137,reverse oblique,24
30,Casmalia,138,reverse oblique,56
30,Casmalia,139,reverse oblique,50
30,Casmalia,140,reverse oblique,38
30,Casmalia,141,reverse oblique,31
30,Casmalia,142,reverse oblique,64
30,Casmalia,143,reverse oblique,53
30,Casmalia,144,reverse oblique,50
30,Casmalia,145,reverse oblique,57
30,Casmalia,146,reverse oblique,58
30,Casmalia,147,reverse oblique,73
30,Casmalia,148,reverse oblique,64
30,Casmalia,149,reverse oblique,48
30,Casmalia,150,reverse oblique,67
30,Casmalia,151,reverse oblique,57
30,Casmalia,152,reverse oblique,84
30,Casmalia,153,reverse oblique,49
30,Casmalia,154,reverse oblique,87
30,Casmalia,155,reverse oblique,73
30,Casmalia,156,reverse oblique,99
30,Casmalia,157,reverse oblique,75
30,Casmalia,158,reverse oblique,104
30,Casmalia,159,reverse oblique,102
30,Casmalia,160,strike-slip,120
30,Casmalia,161,strike-slip,106
30,Casmalia,162,strike-slip,120
30,Casmalia,163,strike-slip,121
30,Casmalia,164,strike-slip,109
30,Casmalia,165,strike-slip,116
30,Casmalia,166,strike-slip,117
30,Casmalia,167,strike-slip,113
30,Casmalia,168,strike-slip,177
30,Casmalia,169,strike-slip,139
30,Casmalia,170,strike-slip,203
30,Casmalia,171,strike-slip,213
30,Casmalia,172,strike-slip,282
30,Casmalia,173,strike-slip,188
30,Casmalia,174,strike-slip,278
30,Casmalia,175,strike-slip,329
30,Casmalia,176,strike-slip,363
30,Casmalia,177,strike-slip,260
30,Casmalia,178,strike-slip,210
30,Casmalia,179,strike-slip,46
31,Cedar Mountain - Mahogany Mountain,-90,normal,665
32,Cerro Prieto,180,strike-slip,352
33,Channel Islands,44,reverse oblique,2
33,Channel Islands,46,reverse oblique,6
33,Channel Islands,47,reverse oblique,4
33,Channel Islands,48,reverse oblique,12
33,Channel Islands,49,reverse oblique,19
33,Channel Islands,50,reverse oblique,51
33,Channel Islands,51,reverse oblique,73
33,Channel Islands,52,reverse oblique,118
33,Channel Islands,53,reverse oblique,93
33,Channel Islands,54,reverse oblique,142
33,Channel Islands,55,reverse oblique,124
33,Channel Islands,56,reverse oblique,189
33,Channel Islands,57,reverse oblique,151
33,Channel Islands,58,reverse oblique,183
33,Channel Islands,59,reverse oblique,122
33,Channel Islands,60,reverse oblique,157
33,Channel Islands,61,reverse oblique,133
33,Channel Islands,62,reverse oblique,166
33,Channel Islands,63,reverse oblique,140
33,Channel Islands,64,reverse oblique,162
33,Channel Islands,65,reverse oblique,125
33,Channel Islands,66,reverse oblique,146
33,Channel Islands,67,reverse oblique,133
33,Channel Islands,68,reverse oblique,162
33,Channel Islands,69,reverse oblique,91
33,Channel Islands,70,reverse,117
33,Channel Islands,71,reverse,85
33,Channel Islands,72,reverse,128
33,Channel Islands,73,reverse,125
33,Channel Islands,74,reverse,145
33,Channel Islands,75,reverse,100
33,Channel Islands,76,reverse,131
33,Channel Islands,77,reverse,101
33,Channel Islands,78,reverse,114
33,Channel Islands,79,reverse,85
33,Channel Islands,80,reverse,146
33,Channel Islands,81,reverse,115
33,Channel Islands,82,reverse,144
33,Channel Islands,83,reverse,117
33,Channel Islands,84,reverse,147
33,Channel Islands,85,reverse,117
33,Channel Islands,86,reverse,128
33,Channel Islands,87,reverse,94
33,Channel Islands,88,reverse,99
33,Channel Islands,89,reverse,26
33,Channel Islands,90,reverse,275
33,Channel Islands,91,reverse,20
33,Channel Islands,92,reverse,27
33,Channel Islands,93,reverse,40
33,Channel Islands,94,reverse,41
33,Channel Islands,95,reverse,43
33,Channel Islands,96,reverse,29
33,Channel Islands,97,reverse,43
33,Channel Islands,98,reverse,45
33,Channel Islands,99,reverse,34
33,Channel Islands,100,reverse,53
33,Channel Islands,101,reverse,49
33,Channel Islands,102,reverse,41
33,Channel Islands,103,reverse,51
33,Channel Islands,104,reverse,47
33,Channel Islands,105,reverse,34
33,Channel Islands,106,reverse,39
33,Channel Islands,107,reverse,36
33,Channel Islands,108,reverse,39
33,Channel Islands,109,reverse,22
33,Channel Islands,110,reverse oblique,34
33,Channel Islands,111,reverse oblique,20
33,Channel Islands,112,reverse oblique,34
33,Channel Islands,113,reverse oblique,13
33,Channel Islands,114,reverse oblique,15
33,Channel Islands,115,reverse oblique,19
33,Channel Islands,116,reverse oblique,9
33,Channel Islands,117,reverse oblique,17
33,Channel Islands,118,reverse oblique,2
33,Channel Islands,119,reverse oblique,8
33,Channel Islands,120,reverse oblique,10
33,Channel Islands,122,reverse oblique,2
33,Channel Islands,123,reverse oblique,4
33,Channel Islands,124,reverse oblique,4
34,Channel Islands (ramp),45,reverse oblique,2
34,Channel Islands (ramp),46,reverse oblique,2
34,Channel Islands (ramp),47,reverse oblique,4
34,Channel Islands (ramp),48,reverse oblique,2
34,Channel Islands (ramp),49,reverse oblique,3
34,Channel Islands (ramp),50,reverse oblique,10
34,Channel Islands (ramp),51,reverse oblique,12
34,Channel Islands (ramp),52,reverse oblique,17
34,Channel Islands (ramp),53,reverse oblique,25
34,Channel Islands (ramp),54,reverse oblique,16
34,Channel Islands (ramp),55,reverse oblique,7
34,Channel Islands (ramp),56,reverse oblique,49
34,Channel Islands (ramp),57,reverse oblique,24
34,Channel Islands (ramp),58,reverse oblique,21
34,Channel Islands (ramp),59,reverse oblique,33
34,Channel Islands (ramp),60,reverse oblique,32
34,Channel Islands (ramp),61,reverse oblique,33
34,Channel Islands (ramp),62,reverse oblique,50
34,Channel Islands (ramp),63,reverse oblique,33
34,Channel Islands (ramp),64,reverse oblique,43
34,Channel Islands (ramp),65,reverse oblique,53
34,Channel Islands (ramp),66,reverse oblique,59
34,Channel Islands (ramp),67,reverse oblique,76
34,Channel Islands (ramp),68,reverse oblique,92
34,Channel Islands (ramp),69,reverse oblique,67
34,Channel Islands (ramp),70,reverse,77
34,Channel Islands (ramp),71,reverse,84
34,Channel Islands (ramp),72,reverse,102
34,Channel Islands (ramp),73,reverse,97
34,Channel Islands (ramp),74,reverse,116
34,Channel Islands (ramp),75,reverse,94
34,Channel Islands (ramp),76,reverse,106
34,Channel Islands (ramp),77,reverse,87
34,Channel Islands (ramp),78,reverse,82
34,Channel Islands (ramp),79,reverse,110
34,Channel Islands (ramp),80,reverse,142
34,Channel Islands (ramp),81,reverse,98
34,Channel Islands (ramp),82,reverse,156
34,Channel Islands (ramp),83,reverse,134
34,Channel Islands (ramp),84,reverse,183
34,Channel Islands (ramp),85,reverse,121
34,Channel Islands (ramp),86,reverse,218
34,Channel Islands (ramp),87,reverse,179
34,Channel Islands (ramp),88,reverse,201
34,Channel Islands (ramp),89,reverse,128
34,Channel Islands (ramp),90,reverse,537
34,Channel Islands (ramp),91,reverse,168
34,Channel Islands (ramp),92,reverse,283
34,Channel Islands (ramp),93,reverse,247
34,Channel Islands (ramp),94,reverse,328
34,Channel Islands (ramp),95,reverse,267
34,Channel Islands (ramp),96,reverse,335
34,Channel Islands (ramp),97,reverse,245
34,Channel Islands (ramp),98,reverse,296
34,Channel Islands (ramp),99,reverse,212
34,Channel Islands (ramp),100,reverse,236
34,Channel Islands (ramp),101,reverse,173
34,Channel Islands (ramp),102,reverse,192
34,Channel Islands (ramp),103,reverse,134
34,Channel Islands (ramp),104,reverse,159
34,Channel Islands (ramp),105,reverse,106
34,Channel Islands (ramp),106,reverse,79
34,Channel Islands (ramp),107,reverse,60
34,Channel Islands (ramp),108,reverse,48
34,Channel Islands (ramp),109,reverse,45
34,Channel Islands (ramp),110,reverse oblique,38
34,Channel Islands (ramp),111,reverse oblique,39
34,Channel Islands (ramp),112,reverse oblique,32
34,Channel Islands (ramp),113,reverse oblique,26
34,Channel Islands (ramp),114,reverse oblique,18
34,Channel Islands (ramp),115,reverse oblique,13
34,Channel Islands (ramp),116,reverse oblique,13
34,Channel Islands (ramp),117,reverse oblique,8
34,Channel Islands (ramp),118,reverse oblique,5
34,Channel Islands (ramp),119,reverse oblique,8
34,Channel Islands (ramp),120,reverse oblique,7
34,Channel Islands (ramp),121,reverse oblique,2
34,Channel Islands (ramp),122,reverse oblique,4
34,Channel Islands (ramp),123,reverse oblique,4
34,Channel Islands (ramp),124,reverse oblique,2
35,Chino [1],96,reverse,2
35,Chino [1],99,reverse,4
35,Chino [1],101,reverse,4
35,Chino [1],104,reverse,2
35,Chino [1],105,reverse,2
35,Chino [1],106,reverse,2
35,Chino [1],107,reverse,2
35,Chino [1],108,reverse,2
35,Chino [1],110,reverse oblique,2
35,Chino [1],112,reverse oblique,2
35,Chino [1],113,reverse oblique,6
35,Chino [1],115,reverse oblique,2
35,Chino [1],116,reverse oblique,2
35,Chino [1],117,reverse oblique,2
35,Chino [1],118,reverse oblique,2
35,Chino [1],120,reverse oblique,6
35,Chino [1],121,reverse oblique,2
35,Chino [1],122,reverse oblique,2
35,Chino [1],123,reverse oblique,2
35,Chino [1],124,reverse oblique,4
35,Chino [1],126,reverse oblique,6
35,Chino [1],128,reverse oblique,2
35,Chino [1],129,reverse oblique,4
35,Chino [1],130,reverse oblique,2
35,Chino [1],131,reverse oblique,2
35,Chino [1],132,reverse oblique,6
35,Chino [1],134,reverse oblique,4
35,Chino [1],136,reverse oblique,10
35,Chino [1],137,reverse oblique,4
35,Chino [1],139,reverse oblique,2
35,Chino [1],140,reverse oblique,8
35,Chino [1],142,reverse oblique,6
35,Chino [1],143,reverse oblique,6
35,Chino [1],145,reverse oblique,2
35,Chino [1],146,reverse oblique,6
35,Chino [1],147,reverse oblique,4
35,Chino [1],148,reverse oblique,2
35,Chino [1],149,reverse oblique,2
35,Chino [1],150,reverse oblique,55
35,Chino [1],151,reverse oblique,2
35,Chino [1],152,reverse oblique,4
35,Chino [1],153,reverse oblique,6
35,Chino [1],154,reverse oblique,4
35,Chino [1],155,reverse oblique,2
35,Chino [1],156,reverse oblique,8
35,Chino [1],157,reverse oblique,4
35,Chino [1],158,reverse oblique,12
35,Chino [1],159,reverse oblique,10
35,Chino [1],160,strike-slip,13
35,Chino [1],161,strike-slip,13
35,Chino [1],162,strike-slip,14
35,Chino [1],163,strike-slip,15
35,Chino [1],164,strike-slip,15
35,Chino [1],165,strike-slip,14
35,Chino [1],166,strike-slip,17
35,Chino [1],167,strike-slip,14
35,Chino [1],168,strike-slip,24
35,Chino [1],169,strike-slip,21
35,Chino [1],170,strike-slip,26
35,Chino [1],171,strike-slip,28
35,Chino [1],172,strike-slip,47
35,Chino [1],173,strike-slip,44
35,Chino [1],174,strike-slip,60
35,Chino [1],175,strike-slip,55
35,Chino [1],176,strike-slip,130
35,Chino [1],177,strike-slip,157
35,Chino [1],178,strike-slip,98
35,Chino [1],179,strike-slip,20
37,Clamshell - Sawpit,43,reverse oblique,10
37,Clamshell - Sawpit,44,reverse oblique,4
37,Clamshell - Sawpit,45,reverse oblique,10
37,Clamshell - Sawpit,46,reverse oblique,20
37,Clamshell - Sawpit,47,reverse oblique,18
37,Clamshell - Sawpit,48,reverse oblique,14
37,Clamshell - Sawpit,49,reverse oblique,14
37,Clamshell - Sawpit,50,reverse oblique,18
37,Clamshell - Sawpit,51,reverse oblique,18
37,Clamshell - Sawpit,52,reverse oblique,20
37,Clamshell - Sawpit,53,reverse oblique,18
37,Clamshell - Sawpit,54,reverse oblique,24
37,Clamshell - Sawpit,55,reverse oblique,12
37,Clamshell - Sawpit,56,reverse oblique,30
37,Clamshell - Sawpit,57,reverse oblique,20
37,Clamshell - Sawpit,58,reverse oblique,20
37,Clamshell - Sawpit,59,reverse oblique,14
37,Clamshell - Sawpit,60,reverse oblique,18
37,Clamshell - Sawpit,61,reverse oblique,14
37,Clamshell - Sawpit,62,reverse oblique,18
37,Clamshell - Sawpit,63,reverse oblique,14
37,Clamshell - Sawpit,64,reverse oblique,18
37,Clamshell - Sawpit,65,reverse oblique,6
37,Clamshell - Sawpit,66,reverse oblique,8
37,Clamshell - Sawpit,67,reverse oblique,8
37,Clamshell - Sawpit,68,reverse oblique,8
37,Clamshell - Sawpit,69,reverse oblique,4
37,Clamshell - Sawpit,70,reverse,4
37,Clamshell - Sawpit,71,reverse,4
37,Clamshell - Sawpit,72,reverse,2
37,Clamshell - Sawpit,73,reverse,6
37,Clamshell - Sawpit,74,reverse,8
37,Clamshell - Sawpit,75,reverse,2
37,Clamshell - Sawpit,76,reverse,6
37,Clamshell - Sawpit,77,reverse,2
37,Clamshell - Sawpit,78,reverse,18
37,Clamshell - Sawpit,79,reverse,8
37,Clamshell - Sawpit,80,reverse,14
37,Clamshell - Sawpit,81,reverse,14
37,Clamshell - Sawpit,82,reverse,22
37,Clamshell - Sawpit,83,reverse,12
37,Clamshell - Sawpit,84,reverse,20
37,Clamshell - Sawpit,85,reverse,30
37,Clamshell - Sawpit,86,reverse,36
37,Clamshell - Sawpit,87,reverse,48
37,Clamshell - Sawpit,88,reverse,46
37,Clamshell - Sawpit,89,reverse,12
37,Clamshell - Sawpit,90,reverse,298
37,Clamshell - Sawpit,91,reverse,14
37,Clamshell - Sawpit,92,reverse,30
37,Clamshell - Sawpit,93,reverse,22
37,Clamshell - Sawpit,94,reverse,70
37,Clamshell - Sawpit,95,reverse,52
37,Clamshell - Sawpit,96,reverse,66
37,Clamshell - Sawpit,97,reverse,64
37,Clamshell - Sawpit,98,reverse,52
37,Clamshell - Sawpit,99,reverse,58
37,Clamshell - Sawpit,100,reverse,48
37,Clamshell - Sawpit,101,reverse,28
37,Clamshell - Sawpit,102,reverse,22
37,Clamshell - Sawpit,103,reverse,4
37,Clamshell - Sawpit,104,reverse,10
37,Clamshell - Sawpit,105,reverse,12
37,Clamshell - Sawpit,106,reverse,6
37,Clamshell - Sawpit,107,reverse,4
37,Clamshell - Sawpit,108,reverse,6
37,Clamshell - Sawpit,109,reverse,2
37,Clamshell - Sawpit,110,reverse oblique,8
37,Clamshell - Sawpit,111,reverse oblique,6
37,Clamshell - Sawpit,112,reverse oblique,4
37,Clamshell - Sawpit,113,reverse oblique,8
37,Clamshell - Sawpit,114,reverse oblique,4
37,Clamshell - Sawpit,115,reverse oblique,2
37,Clamshell - Sawpit,116,reverse oblique,2
37,Clamshell - Sawpit,118,reverse oblique,8
37,Clamshell - Sawpit,119,reverse oblique,4
37,Clamshell - Sawpit,120,reverse oblique,2
37,Clamshell - Sawpit,122,reverse oblique,2
37,Clamshell - Sawpit,124,reverse oblique,2
37,Clamshell - Sawpit,126,reverse oblique,2
37,Clamshell - Sawpit,127,reverse oblique,2
37,Clamshell - Sawpit,129,reverse oblique,2
37,Clamshell - Sawpit,132,reverse oblique,4
37,Clamshell - Sawpit,133,reverse oblique,2
37,Clamshell - Sawpit,143,reverse oblique,2
37,Clamshell - Sawpit,151,reverse oblique,2
38,Clayton,111,reverse oblique,5
38,Clayton,115,reverse oblique,2
38,Clayton,116,reverse oblique,2
38,Clayton,118,reverse oblique,2
38,Clayton,120,reverse oblique,3
38,Clayton,122,reverse oblique,2
38,Clayton,124,reverse oblique,6
38,Clayton,125,reverse oblique,2
38,Clayton,126,reverse oblique,3
38,Clayton,128,reverse oblique,4
38,Clayton,129,reverse oblique,3
38,Clayton,130,reverse oblique,3
38,Clayton,132,reverse oblique,3
38,Clayton,133,reverse oblique,3
38,Clayton,134,reverse oblique,8
38,Clayton,135,reverse oblique,6
38,Clayton,136,reverse oblique,2
38,Clayton,137,reverse oblique,6
38,Clayton,138,reverse oblique,3
38,Clayton,139,reverse oblique,11
38,Clayton,140,reverse oblique,6
38,Clayton,141,reverse oblique,17
38,Clayton,142,reverse oblique,6
38,Clayton,143,reverse oblique,8
38,Clayton,144,reverse oblique,14
38,Clayton,145,reverse oblique,14
38,Clayton,146,reverse oblique,9
38,Clayton,147,reverse oblique,20
38,Clayton,148,reverse oblique,14
38,Clayton,149,reverse oblique,15
38,Clayton,150,reverse oblique,22
38,Clayton,151,reverse oblique,21
38,Clayton,152,reverse oblique,29
38,Clayton,153,reverse oblique,31
38,Clayton,154,reverse oblique,36
38,Clayton,155,reverse oblique,38
38,Clayton,156,reverse oblique,40
38,Clayton,157,reverse oblique,45
38,Clayton,158,reverse oblique,50
38,Clayton,159,reverse oblique,41
38,Clayton,160,strike-slip,48
38,Clayton,161,strike-slip,44
38,Clayton,162,strike-slip,67
38,Clayton,163,strike-slip,41
38,Clayton,164,strike-slip,55
38,Clayton,165,strike-slip,46
38,Clayton,166,strike-slip,63
38,Clayton,167,strike-slip,41
38,Clayton,168,strike-slip,85
38,Clayton,169,strike-slip,94
38,Clayton,170,strike-slip,86
38,Clayton,180,strike-slip,62
39,Cleghorn,0,strike-slip,29
39,Cleghorn,34,reverse oblique,4
39,Cleghorn,42,reverse oblique,3
39,Cleghorn,45,reverse oblique,4
39,Cleghorn,53,reverse oblique,9
39,Cleghorn,57,reverse oblique,8
39,Cleghorn,60,reverse oblique,3
39,Cleghorn,61,reverse oblique,7
39,Cleghorn,62,reverse oblique,2
39,Cleghorn,63,reverse oblique,4
39,Cleghorn,64,reverse oblique,22
39,Cleghorn,65,reverse oblique,4
39,Cleghorn,66,reverse oblique,3
39,Cleghorn,67,reverse oblique,6
39,Cleghorn,68,reverse oblique,20
39,Cleghorn,69,reverse oblique,2
39,Cleghorn,70,reverse,16
39,Cleghorn,71,reverse,11
39,Cleghorn,72,reverse,17
39,Cleghorn,73,reverse,15
39,Cleghorn,74,reverse,27
39,Cleghorn,75,reverse,12
39,Cleghorn,76,reverse,32
39,Cleghorn,77,reverse,25
39,Cleghorn,78,reverse,34
39,Cleghorn,79,reverse,48
39,Cleghorn,80,reverse,38
39,Cleghorn,81,reverse,36
39,Cleghorn,82,reverse,40
39,Cleghorn,83,reverse,34
39,Cleghorn,84,reverse,74
39,Cleghorn,85,reverse,38
39,Cleghorn,86,reverse,24
39,Cleghorn,87,reverse,22
39,Cleghorn,89,reverse,4
39,Cleghorn,99,reverse,2
39,Cleghorn,103,reverse,3
39,Cleghorn,107,reverse,4
39,Cleghorn,116,reverse oblique,2
39,Cleghorn,119,reverse oblique,3
39,Cleghorn,122,reverse oblique,4
39,Cleghorn,129,reverse oblique,2
39,Cleghorn,132,reverse oblique,3
39,Cleghorn,134,reverse oblique,4
39,Cleghorn,139,reverse oblique,2
39,Cleghorn,140,reverse oblique,3
39,Cleghorn,142,reverse oblique,4
39,Cleghorn,146,reverse oblique,2
39,Cleghorn,147,reverse oblique,3
39,Cleghorn,148,reverse oblique,4
39,Cleghorn,151,reverse oblique,2
39,Cleghorn,152,reverse oblique,3
39,Cleghorn,155,reverse oblique,2
39,Cleghorn,180,strike-slip,1832
40,Cleghorn Lake,180,strike-slip,346
41,Cleghorn Pass,180,strike-slip,16
42,Collayomi,180,strike-slip,77
43,Compton,64,reverse oblique,4
43,Compton,65,reverse oblique,2
43,Compton,66,reverse oblique,12
43,Compton,67,reverse oblique,7
43,Compton,68,reverse oblique,13
43,Compton,69,reverse oblique,12
43,Compton,70,reverse,10
43,Compton,71,reverse,15
43,Compton,72,reverse,14
43,Compton,73,reverse,14
43,Compton,74,reverse,42
43,Compton,75,reverse,47
43,Compton,76,reverse,42
43,Compton,77,reverse,25
43,Compton,78,reverse,28
43,Compton,79,reverse,23
43,Compton,80,reverse,23
43,Compton,81,reverse,9
43,Compton,82,reverse,6
43,Compton,84,reverse,3
43,Compton,85,reverse,2
43,Compton,86,reverse,12
43,Compton,87,reverse,3
43,Compton,89,reverse,3
43,Compton,90,reverse,116
43,Compton,91,reverse,3
43,Compton,93,reverse,17
43,Compton,94,reverse,12
43,Compton,95,reverse,23
43,Compton,96,reverse,9
43,Compton,97,reverse,13
43,Compton,98,reverse,10
43,Compton,99,reverse,16
43,Compton,100,reverse,15
43,Compton,101,reverse,8
43,Compton,102,reverse,3
43,Compton,103,reverse,4
43,Compton,104,reverse,21
43,Compton,105,reverse,17
43,Compton,106,reverse,25
43,Compton,107,reverse,11
43,Compton,108,reverse,19
43,Compton,109,reverse,8
43,Compton,110,reverse oblique,17
43,Compton,112,reverse oblique,24
43,Compton,113,reverse oblique,9
43,Compton,114,reverse oblique,3
43,Compton,115,reverse oblique,14
43,Compton,116,reverse oblique,2
43,Compton,117,reverse oblique,13
43,Compton,118,reverse oblique,3
43,Compton,119,reverse oblique,11
43,Compton,120,reverse oblique,9
43,Compton,121,reverse oblique,9
43,Compton,122,reverse oblique,7
43,Compton,123,reverse oblique,19
43,Compton,124,reverse oblique,4
43,Compton,125,reverse oblique,14
43,Compton,126,reverse oblique,11
43,Compton,127,reverse oblique,8
43,Compton,128,reverse oblique,15
43,Compton,129,reverse oblique,3
43,Compton,130,reverse oblique,17
43,Compton,131,reverse oblique,5
43,Compton,132,reverse oblique,18
43,Compton,133,reverse oblique,3
43,Compton,134,reverse oblique,12
43,Compton,135,reverse oblique,7
43,Compton,136,reverse oblique,16
43,Compton,137,reverse oblique,9
43,Compton,138,reverse oblique,16
43,Compton,139,reverse oblique,13
43,Compton,140,reverse oblique,19
43,Compton,141,reverse oblique,15
43,Compton,142,reverse oblique,15
43,Compton,143,reverse oblique,8
43,Compton,144,reverse oblique,27
43,Compton,145,reverse oblique,11
43,Compton,146,reverse oblique,22
43,Compton,147,reverse oblique,18
43,Compton,148,reverse oblique,25
43,Compton,149,reverse oblique,12
43,Compton,150,reverse oblique,19
43,Compton,151,reverse oblique,4
43,Compton,152,reverse oblique,13
43,Compton,153,reverse oblique,13
43,Compton,154,reverse oblique,14
43,Compton,155,reverse oblique,12
43,Compton,156,reverse oblique,10
43,Compton,157,reverse oblique,8
43,Compton,158,reverse oblique,8
43,Compton,159,reverse oblique,4
43,Compton,160,strike-slip,4
43,Compton,161,strike-slip,4
44,Concord,103,reverse,2
44,Concord,106,reverse,3
44,Concord,110,reverse oblique,5
44,Concord,111,reverse oblique,3
44,Concord,112,reverse oblique,3
44,Concord,115,reverse oblique,5
44,Concord,116,reverse oblique,3
44,Concord,117,reverse oblique,3
44,Concord,118,reverse oblique,3
44,Concord,120,reverse oblique,8
44,Concord,121,reverse oblique,9
44,Concord,122,reverse oblique,6
44,Concord,123,reverse oblique,3
44,Concord,124,reverse oblique,2
44,Concord,125,reverse oblique,6
44,Concord,126,reverse oblique,8
44,Concord,127,reverse oblique,9
44,Concord,128,reverse oblique,3
44,Concord,129,reverse oblique,11
44,Concord,130,reverse oblique,9
44,Concord,131,reverse oblique,9
44,Concord,132,reverse oblique,7
44,Concord,133,reverse oblique,15
44,Concord,134,reverse oblique,18
44,Concord,135,reverse oblique,6
44,Concord,136,reverse oblique,15
44,Concord,137,reverse oblique,14
44,Concord,138,reverse oblique,17
44,Concord,139,reverse oblique,12
44,Concord,140,reverse oblique,26
44,Concord,141,reverse oblique,15
44,Concord,142,reverse oblique,25
44,Concord,143,reverse oblique,38
44,Concord,144,reverse oblique,24
44,Concord,145,reverse oblique,26
44,Concord,146,reverse oblique,44
44,Concord,147,reverse oblique,30
44,Concord,148,reverse oblique,36
44,Concord,149,reverse oblique,47
44,Concord,150,reverse oblique,36
44,Concord,151,reverse oblique,33
44,Concord,152,reverse oblique,65
44,Concord,153,reverse oblique,24
44,Concord,154,reverse oblique,62
44,Concord,155,reverse oblique,51
44,Concord,156,reverse oblique,71
44,Concord,157,reverse oblique,53
44,Concord,158,reverse oblique,77
44,Concord,159,reverse oblique,57
44,Concord,160,strike-slip,81
44,Concord,161,strike-slip,69
44,Concord,162,strike-slip,75
44,Concord,163,strike-slip,69
44,Concord,164,strike-slip,96
44,Concord,165,strike-slip,54
44,Concord,166,strike-slip,63
44,Concord,167,strike-slip,48
44,Concord,168,strike-slip,63
44,Concord,169,strike-slip,51
44,Concord,170,strike-slip,84
44,Concord,171,strike-slip,108
44,Concord,172,strike-slip,174
44,Concord,173,strike-slip,159
44,Concord,174,strike-slip,126
44,Concord,180,strike-slip,252
47,Contra Costa (Lafayette),102,reverse,2
47,Contra Costa (Lafayette),109,reverse,2
47,Contra Costa (Lafayette),114,reverse oblique,2
47,Contra Costa (Lafayette),116,reverse oblique,4
47,Contra Costa (Lafayette),119,reverse oblique,2
47,Contra Costa (Lafayette),121,reverse oblique,2
47,Contra Costa (Lafayette),123,reverse oblique,2
47,Contra Costa (Lafayette),124,reverse oblique,2
47,Contra Costa (Lafayette),125,reverse oblique,4
47,Contra Costa (Lafayette),127,reverse oblique,6
47,Contra Costa (Lafayette),128,reverse oblique,6
47,Contra Costa (Lafayette),129,reverse oblique,2
47,Contra Costa (Lafayette),130,reverse oblique,2
47,Contra Costa (Lafayette),131,reverse oblique,4
47,Contra Costa (Lafayette),132,reverse oblique,4
47,Contra Costa (Lafayette),133,reverse oblique,4
47,Contra Costa (Lafayette),134,reverse oblique,6
47,Contra Costa (Lafayette),136,reverse oblique,6
47,Contra Costa (Lafayette),137,reverse oblique,8
47,Contra Costa (Lafayette),138,reverse oblique,4
47,Contra Costa (Lafayette),139,reverse oblique,6
47,Contra Costa (Lafayette),140,reverse oblique,8
47,Contra Costa (Lafayette),141,reverse oblique,12
47,Contra Costa (Lafayette),142,reverse oblique,2
47,Contra Costa (Lafayette),143,reverse oblique,14
47,Contra Costa (Lafayette),144,reverse oblique,6
47,Contra Costa (Lafayette),145,reverse oblique,18
47,Contra Costa (Lafayette),146,reverse oblique,10
47,Contra Costa (Lafayette),147,reverse oblique,18
47,Contra Costa (Lafayette),148,reverse oblique,12
47,Contra Costa (Lafayette),149,reverse oblique,16
47,Contra Costa (Lafayette),150,reverse oblique,26
47,Contra Costa (Lafayette),151,reverse oblique,12
47,Contra Costa (Lafayette),152,reverse oblique,26
47,Contra Costa (Lafayette),153,reverse oblique,24
47,Contra Costa (Lafayette),154,reverse oblique,30
47,Contra Costa (Lafayette),155,reverse oblique,24
47,Contra Costa (Lafayette),156,reverse oblique,28
47,Contra Costa (Lafayette),157,reverse oblique,20
47,Contra Costa (Lafayette),158,reverse oblique,34
47,Contra Costa (Lafayette),159,reverse oblique,16
47,Contra Costa (Lafayette),160,strike-slip,42
47,Contra Costa (Lafayette),161,strike-slip,36
47,Contra Costa (Lafayette),162,strike-slip,48
47,Contra Costa (Lafayette),163,strike-slip,52
47,Contra Costa (Lafayette),164,strike-slip,60
47,Contra Costa (Lafayette),165,strike-slip,38
47,Contra Costa (Lafayette),166,strike-slip,46
47,Contra Costa (Lafayette),167,strike-slip,36
47,Contra Costa (Lafayette),168,strike-slip,26
47,Contra Costa (Lafayette),169,strike-slip,8
47,Contra Costa (Lafayette),174,strike-slip,2
47,Contra Costa (Lafayette),175,strike-slip,14
47,Contra Costa (Lafayette),176,strike-slip,80
47,Contra Costa (Lafayette),177,strike-slip,172
47,Contra Costa (Lafayette),178,strike-slip,322
47,Contra Costa (Lafayette),179,strike-slip,220
47,Contra Costa (Lafayette),180,strike-slip,5748
54,Contra Costa (connected) [1],116,reverse oblique,2
54,Contra Costa (connected) [1],121,reverse oblique,3
54,Contra Costa (connected) [1],125,reverse oblique,4
54,Contra Costa (connected) [1],127,reverse oblique,8
54,Contra Costa (connected) [1],129,reverse oblique,2
54,Contra Costa (connected) [1],130,reverse oblique,6
54,Contra Costa (connected) [1],131,reverse oblique,5
54,Contra Costa (connected) [1],132,reverse oblique,3
54,Contra Costa (connected) [1],133,reverse oblique,4
54,Contra Costa (connected) [1],134,reverse oblique,14
54,Contra Costa (connected) [1],136,reverse oblique,11
54,Contra Costa (connected) [1],137,reverse oblique,7
54,Contra Costa (connected) [1],138,reverse oblique,9
54,Contra Costa (connected) [1],139,reverse oblique,7
54,Contra Costa (connected) [1],140,reverse oblique,20
54,Contra Costa (connected) [1],141,reverse oblique,7
54,Contra Costa (connected) [1],142,reverse oblique,16
54,Contra Costa (connected) [1],143,reverse oblique,19
54,Contra Costa (connected) [1],144,reverse oblique,14
54,Contra Costa (connected) [1],145,reverse oblique,32
54,Contra Costa (connected) [1],146,reverse oblique,20
54,Contra Costa (connected) [1],147,reverse oblique,35
54,Contra Costa (connected) [1],148,reverse oblique,23
54,Contra Costa (connected) [1],149,reverse oblique,45
54,Contra Costa (connected) [1],150,reverse oblique,54
54,Contra Costa (connected) [1],151,reverse oblique,36
54,Contra Costa (connected) [1],152,reverse oblique,66
54,Contra Costa (connected) [1],153,reverse oblique,57
54,Contra Costa (connected) [1],154,reverse oblique,84
54,Contra Costa (connected) [1],155,reverse oblique,58
54,Contra Costa (connected) [1],156,reverse oblique,75
54,Contra Costa (connected) [1],157,reverse oblique,51
54,Contra Costa (connected) [1],158,reverse oblique,90
54,Contra Costa (connected) [1],159,reverse oblique,55
54,Contra Costa (connected) [1],160,strike-slip,93
54,Contra Costa (connected) [1],161,strike-slip,68
54,Contra Costa (connected) [1],162,strike-slip,84
54,Contra Costa (connected) [1],163,strike-slip,103
54,Contra Costa (connected) [1],164,strike-slip,131
54,Contra Costa (connected) [1],165,strike-slip,94
54,Contra Costa (connected) [1],166,strike-slip,156
54,Contra Costa (connected) [1],167,strike-slip,112
54,Contra Costa (connected) [1],168,strike-slip,106
54,Contra Costa (connected) [1],169,strike-slip,40
54,Contra Costa (connected) [1],170,strike-slip,4
54,Contra Costa (connected) [1],172,strike-slip,13
54,Contra Costa (connected) [1],173,strike-slip,4
54,Contra Costa (connected) [1],174,strike-slip,17
54,Contra Costa (connected) [1],175,strike-slip,93
54,Contra Costa (connected) [1],176,strike-slip,177
54,Contra Costa (connected) [1],177,strike-slip,369
54,Contra Costa (connected) [1],178,strike-slip,723
54,Contra Costa (connected) [1],179,strike-slip,471
54,Contra Costa (connected) [1],180,strike-slip,12149
55,Coronado Bank [1],93,reverse,6
55,Coronado Bank [1],94,reverse,16
55,Coronado Bank [1],95,reverse,12
55,Coronado Bank [1],96,reverse,15
55,Coronado Bank [1],97,reverse,12
55,Coronado Bank [1],98,reverse,15
55,Coronado Bank [1],99,reverse,21
55,Coronado Bank [1],100,reverse,22
55,Coronado Bank [1],101,reverse,8
55,Coronado Bank [1],102,reverse,39
55,Coronado Bank [1],103,reverse,9
55,Coronado Bank [1],104,reverse,21
55,Coronado Bank [1],105,reverse,16
55,Coronado Bank [1],106,reverse,8
55,Coronado Bank [1],107,reverse,7
55,Coronado Bank [1],108,reverse,17
55,Coronado Bank [1],109,reverse,11
55,Coronado Bank [1],110,reverse oblique,22
55,Coronado Bank [1],111,reverse oblique,27
55,Coronado Bank [1],112,reverse oblique,18
55,Coronado Bank [1],113,reverse oblique,26
55,Coronado Bank [1],114,reverse oblique,23
55,Coronado Bank [1],115,reverse oblique,17
55,Coronado Bank [1],116,reverse oblique,42
55,Coronado Bank [1],117,reverse oblique,29
55,Coronado Bank [1],118,reverse oblique,21
55,Coronado Bank [1],119,reverse oblique,41
55,Coronado Bank [1],120,reverse oblique,42
55,Coronado Bank [1],121,reverse oblique,65
55,Coronado Bank [1],123,reverse oblique,70
55,Coronado Bank [1],124,reverse oblique,46
55,Coronado Bank [1],125,reverse oblique,58
55,Coronado Bank [1],126,reverse oblique,63
55,Coronado Bank [1],127,reverse oblique,63
55,Coronado Bank [1],128,reverse oblique,66
55,Coronado Bank [1],129,reverse oblique,111
55,Coronado Bank [1],130,reverse oblique,30
55,Coronado Bank [1],131,reverse oblique,92
55,Coronado Bank [1],132,reverse oblique,80
55,Coronado Bank [1],133,reverse oblique,58
55,Coronado Bank [1],134,reverse oblique,73
55,Coronado Bank [1],135,reverse oblique,59
55,Coronado Bank [1],136,reverse oblique,85
55,Coronado Bank [1],137,reverse oblique,72
55,Coronado Bank [1],138,reverse oblique,46
55,Coronado Bank [1],139,reverse oblique,55
55,Coronado Bank [1],140,reverse oblique,77
55,Coronado Bank [1],141,reverse oblique,58
55,Coronado Bank [1],142,reverse oblique,40
55,Coronado Bank [1],143,reverse oblique,29
55,Coronado Bank [1],144,reverse oblique,65
55,Coronado Bank [1],145,reverse oblique,36
55,Coronado Bank [1],146,reverse oblique,68
55,Coronado Bank [1],147,reverse oblique,43
55,Coronado Bank [1],148,reverse oblique,87
55,Coronado Bank [1],149,reverse oblique,48
55,Coronado Bank [1],150,reverse oblique,44
55,Coronado Bank [1],151,reverse oblique,32
55,Coronado Bank [1],152,reverse oblique,59
55,Coronado Bank [1],153,reverse oblique,51
55,Coronado Bank [1],154,reverse oblique,80
55,Coronado Bank [1],155,reverse oblique,69
55,Coronado Bank [1],156,reverse oblique,101
55,Coronado Bank [1],157,reverse oblique,63
55,Coronado Bank [1],158,reverse oblique,178
55,Coronado Bank [1],159,reverse oblique,130
55,Coronado Bank [1],160,strike-slip,166
55,Coronado Bank [1],161,strike-slip,208
55,Coronado Bank [1],162,strike-slip,274
55,Coronado Bank [1],163,strike-slip,284
55,Coronado Bank [1],164,strike-slip,391
55,Coronado Bank [1],165,strike-slip,401
55,Coronado Bank [1],166,strike-slip,572
55,Coronado Bank [1],167,strike-slip,585
55,Coronado Bank [1],168,strike-slip,948
55,Coronado Bank [1],169,strike-slip,887
55,Coronado Bank [1],170,strike-slip,1289
55,Coronado Bank [1],171,strike-slip,1162
55,Coronado Bank [1],172,strike-slip,1535
55,Coronado Bank [1],173,strike-slip,1135
55,Coronado Bank [1],174,strike-slip,1433
55,Coronado Bank [1],175,strike-slip,626
55,Coronado Bank [1],180,strike-slip,5425
57,Coyote Canyon,0,strike-slip,92
58,Coyote Lake,0,strike-slip,122
59,Cucamonga,34,reverse oblique,2
59,Cucamonga,42,reverse oblique,2
59,Cucamonga,45,reverse oblique,3
59,Cucamonga,53,reverse oblique,9
59,Cucamonga,54,reverse oblique,6
59,Cucamonga,55,reverse oblique,4
59,Cucamonga,56,reverse oblique,10
59,Cucamonga,57,reverse oblique,15
59,Cucamonga,58,reverse oblique,25
59,Cucamonga,59,reverse oblique,23
59,Cucamonga,60,reverse oblique,39
59,Cucamonga,61,reverse oblique,44
59,Cucamonga,62,reverse oblique,31
59,Cucamonga,63,reverse oblique,35
59,Cucamonga,64,reverse oblique,55
59,Cucamonga,65,reverse oblique,29
59,Cucamonga,66,reverse oblique,44
59,Cucamonga,67,reverse oblique,42
59,Cucamonga,68,reverse oblique,68
59,Cucamonga,69,reverse oblique,45
59,Cucamonga,70,reverse,61
59,Cucamonga,71,reverse,39
59,Cucamonga,72,reverse,46
59,Cucamonga,73,reverse,50
59,Cucamonga,74,reverse,59
59,Cucamonga,75,reverse,59
59,Cucamonga,76,reverse,66
59,Cucamonga,77,reverse,69
59,Cucamonga,78,reverse,73
59,Cucamonga,79,reverse,78
59,Cucamonga,80,reverse,69
59,Cucamonga,81,reverse,73
59,Cucamonga,82,reverse,98
59,Cucamonga,83,reverse,81
59,Cucamonga,84,reverse,157
59,Cucamonga,85,reverse,143
59,Cucamonga,86,reverse,156
59,Cucamonga,87,reverse,168
59,Cucamonga,88,reverse,143
59,Cucamonga,89,reverse,51
59,Cucamonga,90,reverse,777
59,Cucamonga,91,reverse,36
59,Cucamonga,92,reverse,60
59,Cucamonga,93,reverse,120
59,Cucamonga,94,reverse,184
59,Cucamonga,95,reverse,156
59,Cucamonga,96,reverse,136
59,Cucamonga,97,reverse,108
59,Cucamonga,98,reverse,124
59,Cucamonga,99,reverse,129
59,Cucamonga,100,reverse,145
59,Cucamonga,101,reverse,108
59,Cucamonga,102,reverse,160
59,Cucamonga,103,reverse,148
59,Cucamonga,104,reverse,118
59,Cucamonga,105,reverse,84
59,Cucamonga,106,reverse,128
59,Cucamonga,107,reverse,87
59,Cucamonga,108,reverse,128
59,Cucamonga,109,reverse,116
59,Cucamonga,110,reverse oblique,82
59,Cucamonga,111,reverse oblique,71
59,Cucamonga,112,reverse oblique,108
59,Cucamonga,113,reverse oblique,81
59,Cucamonga,114,reverse oblique,146
59,Cucamonga,115,reverse oblique,103
59,Cucamonga,116,reverse oblique,114
59,Cucamonga,117,reverse oblique,83
59,Cucamonga,118,reverse oblique,115
59,Cucamonga,119,reverse oblique,127
59,Cucamonga,120,reverse oblique,89
59,Cucamonga,121,reverse oblique,102
59,Cucamonga,122,reverse oblique,152
59,Cucamonga,123,reverse oblique,107
59,Cucamonga,124,reverse oblique,160
59,Cucamonga,125,reverse oblique,99
59,Cucamonga,126,reverse oblique,172
59,Cucamonga,127,reverse oblique,153
59,Cucamonga,128,reverse oblique,184
59,Cucamonga,129,reverse oblique,102
59,Cucamonga,130,reverse oblique,187
59,Cucamonga,131,reverse oblique,132
59,Cucamonga,132,reverse oblique,173
59,Cucamonga,133,reverse oblique,164
59,Cucamonga,134,reverse oblique,170
59,Cucamonga,135,reverse oblique,160
59,Cucamonga,136,reverse oblique,145
59,Cucamonga,137,reverse oblique,139
59,Cucamonga,138,reverse oblique,127
59,Cucamonga,139,reverse oblique,167
59,Cucamonga,140,reverse oblique,142
59,Cucamonga,141,reverse oblique,154
59,Cucamonga,142,reverse oblique,142
59,Cucamonga,143,reverse oblique,129
59,Cucamonga,144,reverse oblique,170
59,Cucamonga,145,reverse oblique,173
59,Cucamonga,146,reverse oblique,147
59,Cucamonga,147,reverse oblique,159
59,Cucamonga,148,reverse oblique,194
59,Cucamonga,149,reverse oblique,165
59,Cucamonga,150,reverse oblique,181
59,Cucamonga,151,reverse oblique,144
59,Cucamonga,152,reverse oblique,258
59,Cucamonga,153,reverse oblique,160
59,Cucamonga,154,reverse oblique,244
59,Cucamonga,155,reverse oblique,140
59,Cucamonga,156,reverse oblique,231
59,Cucamonga,157,reverse oblique,179
59,Cucamonga,158,reverse oblique,194
59,Cucamonga,159,reverse oblique,147
59,Cucamonga,160,strike-slip,173
59,Cucamonga,161,strike-slip,147
59,Cucamonga,162,strike-slip,170
59,Cucamonga,163,strike-slip,157
59,Cucamonga,164,strike-slip,161
59,Cucamonga,165,strike-slip,142
59,Cucamonga,166,strike-slip,173
59,Cucamonga,167,strike-slip,149
59,Cucamonga,168,strike-slip,201
59,Cucamonga,169,strike-slip,161
59,Cucamonga,170,strike-slip,202
59,Cucamonga,171,strike-slip,245
59,Cucamonga,172,strike-slip,362
59,Cucamonga,173,strike-slip,404
59,Cucamonga,174,strike-slip,570
59,Cucamonga,175,strike-slip,185
59,Cucamonga,176,strike-slip,40
60,Cuyama (south),90,reverse,1137
60,Cuyama (south),92,reverse,21
60,Cuyama (south),93,reverse,51
60,Cuyama (south),94,reverse,52
60,Cuyama (south),95,reverse,30
60,Cuyama (south),96,reverse,50
60,Cuyama (south),97,reverse,22
60,Cuyama (south),98,reverse,32
60,Cuyama (south),99,reverse,31
60,Cuyama (south),100,reverse,37
60,Cuyama (south),101,reverse,36
60,Cuyama (south),102,reverse,34
60,Cuyama (south),103,reverse,38
60,Cuyama (south),104,reverse,48
60,Cuyama (south),105,reverse,26
60,Cuyama (south),106,reverse,44
60,Cuyama (south),107,reverse,33
60,Cuyama (south),108,reverse,40
60,Cuyama (south),109,reverse,15
60,Cuyama (south),110,reverse oblique,29
60,Cuyama (south),111,reverse oblique,23
60,Cuyama (south),112,reverse oblique,27
60,Cuyama (south),113,reverse oblique,20
60,Cuyama (south),114,reverse oblique,27
60,Cuyama (south),115,reverse oblique,29
60,Cuyama (south),116,reverse oblique,2
60,Cuyama (south),117,reverse oblique,36
60,Cuyama (south),118,reverse oblique,20
60,Cuyama (south),119,reverse oblique,21
60,Cuyama (south),120,reverse oblique,24
60,Cuyama (south),121,reverse oblique,16
60,Cuyama (south),122,reverse oblique,24
60,Cuyama (south),123,reverse oblique,17
60,Cuyama (south),124,reverse oblique,22
60,Cuyama (south),125,reverse oblique,16
60,Cuyama (south),126,reverse oblique,25
60,Cuyama (south),127,reverse oblique,24
60,Cuyama (south),128,reverse oblique,12
60,Cuyama (south),129,reverse oblique,21
60,Cuyama (south),130,reverse oblique,30
60,Cuyama (south),131,reverse oblique,17
60,Cuyama (south),132,reverse oblique,25
60,Cuyama (south),133,reverse oblique,34
60,Cuyama (south),134,reverse oblique,27
60,Cuyama (south),135,reverse oblique,18
60,Cuyama (south),136,reverse oblique,20
60,Cuyama (south),137,reverse oblique,14
60,Cuyama (south),138,reverse oblique,23
60,Cuyama (south),139,reverse oblique,20
60,Cuyama (south),140,reverse oblique,18
60,Cuyama (south),141,reverse oblique,20
60,Cuyama (south),142,reverse oblique,16
60,Cuyama (south),143,reverse oblique,12
60,Cuyama (south),144,reverse oblique,23
60,Cuyama (south),145,reverse oblique,9
60,Cuyama (south),146,reverse oblique,14
60,Cuyama (south),147,reverse oblique,13
60,Cuyama (south),148,reverse oblique,10
60,Cuyama (south),149,reverse oblique,9
60,Cuyama (south),150,reverse oblique,13
60,Cuyama (south),151,reverse oblique,8
60,Cuyama (south),152,reverse oblique,5
60,Cuyama (south),153,reverse oblique,10
60,Cuyama (south),154,reverse oblique,5
60,Cuyama (south),155,reverse oblique,10
60,Cuyama (south),156,reverse oblique,2
60,Cuyama (south),157,reverse oblique,4
60,Cuyama (south),158,reverse oblique,4
60,Cuyama (south),159,reverse oblique,2
60,Cuyama (south),160,strike-slip,6
61,Davis Creek,-90,normal,210
62,Death Valley (Black Mountains),-177,strike-slip,4
62,Death Valley (Black Mountains),-176,strike-slip,18
62,Death Valley (Black Mountains),-175,strike-slip,25
62,Death Valley (Black Mountains),-174,strike-slip,45
62,Death Valley (Black Mountains),-173,strike-slip,48
62,Death Valley (Black Mountains),-172,strike-slip,147
62,Death Valley (Black Mountains),-171,strike-slip,489
62,Death Valley (Black Mountains),-170,strike-slip,839
62,Death Valley (Black Mountains),-169,strike-slip,860
62,Death Valley (Black Mountains),-168,strike-slip,1059
62,Death Valley (Black Mountains),-167,strike-slip,729
62,Death Valley (Black Mountains),-166,strike-slip,675
62,Death Valley (Black Mountains),-165,strike-slip,482
62,Death Valley (Black Mountains),-164,strike-slip,518
62,Death Valley (Black Mountains),-163,strike-slip,331
62,Death Valley (Black Mountains),-162,strike-slip,210
62,Death Valley (Black Mountains),-161,strike-slip,99
62,Death Valley (Black Mountains),-160,normal oblique,89
62,Death Valley (Black Mountains),-159,normal oblique,57
62,Death Valley (Black Mountains),-158,normal oblique,74
62,Death Valley (Black Mountains),-157,normal oblique,83
62,Death Valley (Black Mountains),-156,normal oblique,50
62,Death Valley (Black Mountains),-155,normal oblique,54
62,Death Valley (Black Mountains),-154,normal oblique,48
62,Death Valley (Black Mountains),-153,normal oblique,11
62,Death Valley (Black Mountains),-150,normal oblique,275
63,Death Valley (Fish Lake Valley),-177,strike-slip,6
63,Death Valley (Fish Lake Valley),-176,strike-slip,11
63,Death Valley (Fish Lake Valley),-175,strike-slip,13
63,Death Valley (Fish Lake Valley),-174,strike-slip,31
63,Death Valley (Fish Lake Valley),-173,strike-slip,34
63,Death Valley (Fish Lake Valley),-172,strike-slip,50
63,Death Valley (Fish Lake Valley),-171,strike-slip,75
63,Death Valley (Fish Lake Valley),-170,strike-slip,162
63,Death Valley (Fish Lake Valley),-169,strike-slip,247
63,Death Valley (Fish Lake Valley),-168,strike-slip,459
63,Death Valley (Fish Lake Valley),-167,strike-slip,406
63,Death Valley (Fish Lake Valley),-166,strike-slip,416
63,Death Valley (Fish Lake Valley),-165,strike-slip,291
63,Death Valley (Fish Lake Valley),-164,strike-slip,336
63,Death Valley (Fish Lake Valley),-163,strike-slip,238
63,Death Valley (Fish Lake Valley),-162,strike-slip,122
63,Death Valley (Fish Lake Valley),-161,strike-slip,43
63,Death Valley (Fish Lake Valley),-160,normal oblique,51
63,Death Valley (Fish Lake Valley),-159,normal oblique,39
63,Death Valley (Fish Lake Valley),-158,normal oblique,34
63,Death Valley (Fish Lake Valley),-157,normal oblique,37
63,Death Valley (Fish Lake Valley),-156,normal oblique,38
63,Death Valley (Fish Lake Valley),-155,normal oblique,19
63,Death Valley (Fish Lake Valley),-154,normal oblique,23
63,Death Valley (Fish Lake Valley),-152,normal oblique,39
63,Death Valley (Fish Lake Valley),-151,normal oblique,33
63,Death Valley (Fish Lake Valley),-150,normal oblique,352
63,Death Valley (Fish Lake Valley),-147,normal oblique,50
63,Death Valley (Fish Lake Valley),-146,normal oblique,22
63,Death Valley (Fish Lake Valley),-144,normal oblique,23
63,Death Valley (Fish Lake Valley),-143,normal oblique,19
63,Death Valley (Fish Lake Valley),-142,normal oblique,15
63,Death Valley (Fish Lake Valley),-141,normal oblique,23
63,Death Valley (Fish Lake Valley),-140,normal oblique,14
63,Death Valley (Fish Lake Valley),-139,normal oblique,9
64,Death Valley (north),-177,strike-slip,48
64,Death Valley (north),-176,strike-slip,129
64,Death Valley (north),-175,strike-slip,106
64,Death Valley (north),-174,strike-slip,205
64,Death Valley (north),-173,strike-slip,181
64,Death Valley (north),-172,strike-slip,361
64,Death Valley (north),-171,strike-slip,781
64,Death Valley (north),-170,strike-slip,1234
64,Death Valley (north),-169,strike-slip,1116
64,Death Valley (north),-168,strike-slip,1360
64,Death Valley (north),-167,strike-slip,1023
64,Death Valley (north),-166,strike-slip,956
64,Death Valley (north),-165,strike-slip,641
64,Death Valley (north),-164,strike-slip,668
64,Death Valley (north),-163,strike-slip,427
64,Death Valley (north),-162,strike-slip,220
64,Death Valley (north),-161,strike-slip,63
64,Death Valley (north),-160,normal oblique,53
64,Death Valley (north),-159,normal oblique,27
64,Death Valley (north),-158,normal oblique,32
64,Death Valley (north),-157,normal oblique,28
64,Death Valley (north),-156,normal oblique,15
64,Death Valley (north),-155,normal oblique,11
64,Death Valley (north),-154,normal oblique,14
64,Death Valley (north),-152,normal oblique,36
64,Death Valley (north),-151,normal oblique,18
64,Death Valley (north),-149,normal oblique,5
64,Death Valley (north),-147,normal oblique,30
64,Death Valley (north),-146,normal oblique,24
64,Death Valley (north),-144,normal oblique,12
64,Death Valley (north),-143,normal oblique,22
64,Death Valley (north),-142,normal oblique,12
64,Death Valley (north),-141,normal oblique,18
64,Death Valley (north),-140,normal oblique,12
64,Death Valley (north),-139,normal oblique,6
64,Death Valley (north),-138,normal oblique,5
64,Death Valley (north),-135,normal oblique,9
64,Death Valley (north),-132,normal oblique,4
64,Death Valley (north),-130,normal oblique,5
64,Death Valley (north),-124,normal oblique,9
64,Death Valley (north),-117,normal oblique,3
64,Death Valley (north),-114,normal oblique,2
64,Death Valley (north),-108,normal,2
64,Death Valley (north),180,strike-slip,952
65,Death Valley (south),-177,strike-slip,14
65,Death Valley (south),-176,strike-slip,35
65,Death Valley (south),-175,strike-slip,49
65,Death Valley (south),-174,strike-slip,63
65,Death Valley (south),-173,strike-slip,56
65,Death Valley (south),-172,strike-slip,112
65,Death Valley (south),-171,strike-slip,328
65,Death Valley (south),-170,strike-slip,523
65,Death Valley (south),-169,strike-slip,546
65,Death Valley (south),-168,strike-slip,630
65,Death Valley (south),-167,strike-slip,397
65,Death Valley (south),-166,strike-slip,319
65,Death Valley (south),-165,strike-slip,201
65,Death Valley (south),-164,strike-slip,176
65,Death Valley (south),-163,strike-slip,76
65,Death Valley (south),-162,strike-slip,41
65,Death Valley (south),-161,strike-slip,36
65,Death Valley (south),-160,normal oblique,31
65,Death Valley (south),-159,normal oblique,23
65,Death Valley (south),-158,normal oblique,18
65,Death Valley (south),-157,normal oblique,18
65,Death Valley (south),-156,normal oblique,12
65,Death Valley (south),-155,normal oblique,8
65,Death Valley (south),-154,normal oblique,6
65,Death Valley (south),-153,normal oblique,2
65,Death Valley (south),0,strike-slip,129
65,Death Valley (south),180,strike-slip,540
66,Deep Springs,-90,normal,7
67,Del Valle,44,reverse oblique,2
67,Del Valle,46,reverse oblique,2
67,Del Valle,47,reverse oblique,2
67,Del Valle,48,reverse oblique,6
67,Del Valle,49,reverse oblique,2
67,Del Valle,50,reverse oblique,2
67,Del Valle,51,reverse oblique,2
67,Del Valle,52,reverse oblique,2
67,Del Valle,53,reverse oblique,2
67,Del Valle,54,reverse oblique,2
67,Del Valle,55,reverse oblique,2
67,Del Valle,57,reverse oblique,2
67,Del Valle,60,reverse oblique,2
67,Del Valle,63,reverse oblique,2
67,Del Valle,64,reverse oblique,8
67,Del Valle,66,reverse oblique,4
67,Del Valle,67,reverse oblique,6
67,Del Valle,68,reverse oblique,6
67,Del Valle,69,reverse oblique,4
67,Del Valle,70,reverse,8
67,Del Valle,71,reverse,2
67,Del Valle,72,reverse,10
67,Del Valle,73,reverse,8
67,Del Valle,74,reverse,12
67,Del Valle,75,reverse,4
67,Del Valle,76,reverse,10
67,Del Valle,77,reverse,12
67,Del Valle,78,reverse,26
67,Del Valle,79,reverse,20
67,Del Valle,80,reverse,38
67,Del Valle,81,reverse,42
67,Del Valle,82,reverse,68
67,Del Valle,83,reverse,64
67,Del Valle,84,reverse,118
67,Del Valle,85,reverse,106
67,Del Valle,86,reverse,150
67,Del Valle,87,reverse,84
67,Del Valle,88,reverse,80
67,Del Valle,89,reverse,14
67,Del Valle,90,reverse,1986
67,Del Valle,91,reverse,14
67,Del Valle,92,reverse,12
67,Del Valle,93,reverse,22
67,Del Valle,94,reverse,58
67,Del Valle,95,reverse,64
67,Del Valle,96,reverse,56
67,Del Valle,97,reverse,42
67,Del Valle,98,reverse,46
67,Del Valle,99,reverse,64
67,Del Valle,100,reverse,34
67,Del Valle,101,reverse,34
67,Del Valle,102,reverse,46
67,Del Valle,103,reverse,32
67,Del Valle,104,reverse,34
67,Del Valle,105,reverse,22
67,Del Valle,106,reverse,34
67,Del Valle,107,reverse,24
67,Del Valle,108,reverse,32
67,Del Valle,109,reverse,28
67,Del Valle,110,reverse oblique,24
67,Del Valle,111,reverse oblique,18
67,Del Valle,112,reverse oblique,20
67,Del Valle,113,reverse oblique,20
67,Del Valle,114,reverse oblique,26
67,Del Valle,115,reverse oblique,8
67,Del Valle,116,reverse oblique,14
67,Del Valle,117,reverse oblique,20
67,Del Valle,118,reverse oblique,6
67,Del Valle,119,reverse oblique,18
67,Del Valle,120,reverse oblique,14
67,Del Valle,121,reverse oblique,8
67,Del Valle,122,reverse oblique,16
67,Del Valle,123,reverse oblique,10
67,Del Valle,124,reverse oblique,16
67,Del Valle,125,reverse oblique,12
67,Del Valle,126,reverse oblique,14
67,Del Valle,127,reverse oblique,16
67,Del Valle,128,reverse oblique,18
67,Del Valle,129,reverse oblique,8
67,Del Valle,130,reverse oblique,18
67,Del Valle,131,reverse oblique,12
67,Del Valle,132,reverse oblique,14
67,Del Valle,133,reverse oblique,10
67,Del Valle,134,reverse oblique,14
67,Del Valle,135,reverse oblique,4
67,Del Valle,136,reverse oblique,6
67,Del Valle,137,reverse oblique,8
67,Del Valle,138,reverse oblique,4
67,Del Valle,139,reverse oblique,12
67,Del Valle,140,reverse oblique,4
67,Del Valle,141,reverse oblique,4
67,Del Valle,142,reverse oblique,4
68,Dog Valley,-74,normal,2
68,Dog Valley,-69,normal oblique,2
68,Dog Valley,-66,normal oblique,3
68,Dog Valley,-60,normal oblique,9
68,Dog Valley,-52,normal oblique,4
68,Dog Valley,-49,normal oblique,3
68,Dog Valley,0,strike-slip,16
69,Dry Mountain,-90,normal,16
70,Earthquake Valley (center),132,reverse oblique,2
70,Earthquake Valley (center),140,reverse oblique,3
70,Earthquake Valley (center),144,reverse oblique,2
70,Earthquake Valley (center),146,reverse oblique,3
70,Earthquake Valley (center),147,reverse oblique,3
70,Earthquake Valley (center),150,reverse oblique,2
70,Earthquake Valley (center),152,reverse oblique,3
70,Earthquake Valley (center),153,reverse oblique,3
70,Earthquake Valley (center),157,reverse oblique,2
70,Earthquake Valley (center),158,reverse oblique,3
70,Earthquake Valley (center),159,reverse oblique,3
70,Earthquake Valley (center),164,strike-slip,2
70,Earthquake Valley (center),165,strike-slip,5
70,Earthquake Valley (center),167,strike-slip,5
70,Earthquake Valley (center),168,strike-slip,7
70,Earthquake Valley (center),169,strike-slip,9
70,Earthquake Valley (center),170,strike-slip,8
70,Earthquake Valley (center),171,strike-slip,8
70,Earthquake Valley (center),172,strike-slip,8
70,Earthquake Valley (center),173,strike-slip,3
70,Earthquake Valley (center),174,strike-slip,14
70,Earthquake Valley (center),175,strike-slip,13
70,Earthquake Valley (center),176,strike-slip,21
70,Earthquake Valley (center),177,strike-slip,34
70,Earthquake Valley (center),178,strike-slip,28
70,Earthquake Valley (center),179,strike-slip,8
70,Earthquake Valley (center),180,strike-slip,132
71,Earthquake Valley (north),130,reverse oblique,2
71,Earthquake Valley (north),132,reverse oblique,2
71,Earthquake Valley (north),140,reverse oblique,2
71,Earthquake Valley (north),141,reverse oblique,2
71,Earthquake Valley (north),144,reverse oblique,2
71,Earthquake Valley (north),146,reverse oblique,2
71,Earthquake Valley (north),147,reverse oblique,2
71,Earthquake Valley (north),148,reverse oblique,2
71,Earthquake Valley (north),150,reverse oblique,2
71,Earthquake Valley (north),152,reverse oblique,2
71,Earthquake Valley (north),153,reverse oblique,2
71,Earthquake Valley (north),155,reverse oblique,2
71,Earthquake Valley (north),157,reverse oblique,2
71,Earthquake Valley (north),158,reverse oblique,2
71,Earthquake Valley (north),159,reverse oblique,2
71,Earthquake Valley (north),162,strike-slip,2
71,Earthquake Valley (north),164,strike-slip,4
71,Earthquake Valley (north),165,strike-slip,4
71,Earthquake Valley (north),166,strike-slip,2
71,Earthquake Valley (north),167,strike-slip,8
71,Earthquake Valley (north),168,strike-slip,6
71,Earthquake Valley (north),169,strike-slip,8
71,Earthquake Valley (north),170,strike-slip,8
71,Earthquake Valley (north),171,strike-slip,8
71,Earthquake Valley (north),172,strike-slip,6
71,Earthquake Valley (north),173,strike-slip,4
71,Earthquake Valley (north),174,strike-slip,12
71,Earthquake Valley (north),175,strike-slip,12
71,Earthquake Valley (north),176,strike-slip,26
71,Earthquake Valley (north),177,strike-slip,32
71,Earthquake Valley (north),178,strike-slip,26
71,Earthquake Valley (north),179,strike-slip,6
71,Earthquake Valley (north),180,strike-slip,184
72,Earthquake Valley (south),147,reverse oblique,2
72,Earthquake Valley (south),153,reverse oblique,2
72,Earthquake Valley (south),159,reverse oblique,2
72,Earthquake Valley (south),168,strike-slip,2
72,Earthquake Valley (south),169,strike-slip,2
72,Earthquake Valley (south),170,strike-slip,2
72,Earthquake Valley (south),171,strike-slip,2
72,Earthquake Valley (south),172,strike-slip,2
72,Earthquake Valley (south),173,strike-slip,2
72,Earthquake Valley (south),174,strike-slip,4
72,Earthquake Valley (south),175,strike-slip,2
72,Earthquake Valley (south),176,strike-slip,6
72,Earthquake Valley (south),177,strike-slip,8
72,Earthquake Valley (south),178,strike-slip,8
72,Earthquake Valley (south),179,strike-slip,2
72,Earthquake Valley (south),180,strike-slip,36
73,East Huasna,97,reverse,2
73,East Huasna,98,reverse,4
73,East Huasna,99,reverse,2
73,East Huasna,100,reverse,2
73,East Huasna,102,reverse,2
73,East Huasna,103,reverse,2
73,East Huasna,104,reverse,2
73,East Huasna,106,reverse,2
73,East Huasna,107,reverse,2
73,East Huasna,109,reverse,2
73,East Huasna,110,reverse oblique,2
73,East Huasna,112,reverse oblique,2
73,East Huasna,114,reverse oblique,2
73,East Huasna,116,reverse oblique,2
73,East Huasna,117,reverse oblique,2
73,East Huasna,118,reverse oblique,2
73,East Huasna,119,reverse oblique,2
73,East Huasna,120,reverse oblique,2
73,East Huasna,121,reverse oblique,4
73,East Huasna,122,reverse oblique,4
73,East Huasna,123,reverse oblique,4
73,East Huasna,124,reverse oblique,8
73,East Huasna,125,reverse oblique,6
73,East Huasna,126,reverse oblique,8
73,East Huasna,127,reverse oblique,8
73,East Huasna,128,reverse oblique,16
73,East Huasna,129,reverse oblique,8
73,East Huasna,130,reverse oblique,2
73,East Huasna,131,reverse oblique,2
73,East Huasna,132,reverse oblique,2
73,East Huasna,133,reverse oblique,2
73,East Huasna,134,reverse oblique,4
73,East Huasna,136,reverse oblique,4
73,East Huasna,138,reverse oblique,2
73,East Huasna,140,reverse oblique,2
73,East Huasna,141,reverse oblique,2
73,East Huasna,142,reverse oblique,2
73,East Huasna,144,reverse oblique,2
73,East Huasna,145,reverse oblique,2
73,East Huasna,175,strike-slip,2
73,East Huasna,176,strike-slip,95
73,East Huasna,177,strike-slip,55
73,East Huasna,178,strike-slip,88
73,East Huasna,180,strike-slip,2748
74,Eaton Roughs,93,reverse,8
74,Eaton Roughs,94,reverse,17
74,Eaton Roughs,95,reverse,16
74,Eaton Roughs,96,reverse,22
74,Eaton Roughs,97,reverse,28
74,Eaton Roughs,98,reverse,36
74,Eaton Roughs,99,reverse,39
74,Eaton Roughs,100,reverse,51
74,Eaton Roughs,101,reverse,46
74,Eaton Roughs,102,reverse,55
74,Eaton Roughs,103,reverse,76
74,Eaton Roughs,104,reverse,67
74,Eaton Roughs,105,reverse,58
74,Eaton Roughs,106,reverse,95
74,Eaton Roughs,107,reverse,72
74,Eaton Roughs,108,reverse,110
74,Eaton Roughs,109,reverse,100
74,Eaton Roughs,110,reverse oblique,95
74,Eaton Roughs,111,reverse oblique,81
74,Eaton Roughs,112,reverse oblique,19
74,Eaton Roughs,113,reverse oblique,148
74,Eaton Roughs,114,reverse oblique,34
74,Eaton Roughs,115,reverse oblique,108
74,Eaton Roughs,116,reverse oblique,67
74,Eaton Roughs,117,reverse oblique,59
74,Eaton Roughs,118,reverse oblique,75
74,Eaton Roughs,119,reverse oblique,94
74,Eaton Roughs,120,reverse oblique,52
74,Eaton Roughs,121,reverse oblique,98
74,Eaton Roughs,122,reverse oblique,84
74,Eaton Roughs,123,reverse oblique,56
74,Eaton Roughs,124,reverse oblique,112
74,Eaton Roughs,125,reverse oblique,74
74,Eaton Roughs,126,reverse oblique,97
74,Eaton Roughs,127,reverse oblique,73
74,Eaton Roughs,128,reverse oblique,103
74,Eaton Roughs,129,reverse oblique,55
74,Eaton Roughs,130,reverse oblique,143
74,Eaton Roughs,131,reverse oblique,73
74,Eaton Roughs,132,reverse oblique,83
74,Eaton Roughs,133,reverse oblique,114
74,Eaton Roughs,134,reverse oblique,81
74,Eaton Roughs,135,reverse oblique,109
74,Eaton Roughs,136,reverse oblique,124
74,Eaton Roughs,137,reverse oblique,66
74,Eaton Roughs,138,reverse oblique,144
74,Eaton Roughs,139,reverse oblique,101
74,Eaton Roughs,140,reverse oblique,107
74,Eaton Roughs,141,reverse oblique,75
74,Eaton Roughs,142,reverse oblique,180
74,Eaton Roughs,143,reverse oblique,63
74,Eaton Roughs,144,reverse oblique,132
74,Eaton Roughs,145,reverse oblique,55
74,Eaton Roughs,146,reverse oblique,197
74,Eaton Roughs,147,reverse oblique,54
74,Eaton Roughs,148,reverse oblique,156
74,Eaton Roughs,149,reverse oblique,42
74,Eaton Roughs,150,reverse oblique,107
74,Eaton Roughs,151,reverse oblique,88
74,Eaton Roughs,152,reverse oblique,88
74,Eaton Roughs,153,reverse oblique,142
74,Eaton Roughs,154,reverse oblique,116
74,Eaton Roughs,155,reverse oblique,154
74,Eaton Roughs,156,reverse oblique,132
74,Eaton Roughs,157,reverse oblique,99
74,Eaton Roughs,158,reverse oblique,176
74,Eaton Roughs,159,reverse oblique,145
74,Eaton Roughs,160,strike-slip,202
74,Eaton Roughs,161,strike-slip,138
74,Eaton Roughs,162,strike-slip,250
74,Eaton Roughs,163,strike-slip,176
74,Eaton Roughs,164,strike-slip,190
74,Eaton Roughs,165,strike-slip,154
74,Eaton Roughs,166,strike-slip,220
74,Eaton Roughs,167,strike-slip,132
74,Eaton Roughs,168,strike-slip,231
74,Eaton Roughs,169,strike-slip,242
74,Eaton Roughs,170,strike-slip,209
74,Eaton Roughs,171,strike-slip,88
74,Eaton Roughs,172,strike-slip,154
74,Eaton Roughs,173,strike-slip,209
74,Eaton Roughs,174,strike-slip,11
74,Eaton Roughs,180,strike-slip,3205
75,Elmore Ranch,0,strike-slip,50
76,Elysian Park (lower),41,reverse oblique,12
76,Elysian Park (lower),42,reverse oblique,35
76,Elysian Park (lower),43,reverse oblique,47
76,Elysian Park (lower),44,reverse oblique,69
76,Elysian Park (lower),45,reverse oblique,69
76,Elysian Park (lower),46,reverse oblique,120
76,Elysian Park (lower),47,reverse oblique,142
76,Elysian Park (lower),48,reverse oblique,169
76,Elysian Park (lower),49,reverse oblique,193
76,Elysian Park (lower),50,reverse oblique,275
76,Elysian Park (lower),51,reverse oblique,244
76,Elysian Park (lower),52,reverse oblique,336
76,Elysian Park (lower),53,reverse oblique,295
76,Elysian Park (lower),54,reverse oblique,344
76,Elysian Park (lower),55,reverse oblique,285
76,Elysian Park (lower),56,reverse oblique,309
76,Elysian Park (lower),57,reverse oblique,286
76,Elysian Park (lower),58,reverse oblique,315
76,Elysian Park (lower),59,reverse oblique,272
76,Elysian Park (lower),60,reverse oblique,304
76,Elysian Park (lower),61,reverse oblique,238
76,Elysian Park (lower),62,reverse oblique,302
76,Elysian Park (lower),63,reverse oblique,211
76,Elysian Park (lower),64,reverse oblique,305
76,Elysian Park (lower),65,reverse oblique,243
76,Elysian Park (lower),66,reverse oblique,237
76,Elysian Park (lower),67,reverse oblique,188
76,Elysian Park (lower),68,reverse oblique,207
76,Elysian Park (lower),69,reverse oblique,131
76,Elysian Park (lower),70,reverse,195
76,Elysian Park (lower),71,reverse,115
76,Elysian Park (lower),72,reverse,179
76,Elysian Park (lower),73,reverse,115
76,Elysian Park (lower),74,reverse,147
76,Elysian Park (lower),75,reverse,105
76,Elysian Park (lower),76,reverse,139
76,Elysian Park (lower),77,reverse,114
76,Elysian Park (lower),78,reverse,118
76,Elysian Park (lower),79,reverse,109
76,Elysian Park (lower),80,reverse,115
76,Elysian Park (lower),81,reverse,36
76,Elysian Park (lower),82,reverse,89
76,Elysian Park (lower),83,reverse,62
76,Elysian Park (lower),84,reverse,84
76,Elysian Park (lower),85,reverse,60
76,Elysian Park (lower),86,reverse,68
76,Elysian Park (lower),87,reverse,26
76,Elysian Park (lower),88,reverse,82
76,Elysian Park (lower),89,reverse,44
76,Elysian Park (lower),90,reverse,324
76,Elysian Park (lower),91,reverse,39
76,Elysian Park (lower),92,reverse,67
76,Elysian Park (lower),93,reverse,38
76,Elysian Park (lower),94,reverse,49
76,Elysian Park (lower),95,reverse,37
76,Elysian Park (lower),96,reverse,52
76,Elysian Park (lower),97,reverse,64
76,Elysian Park (lower),98,reverse,28
76,Elysian Park (lower),99,reverse,48
76,Elysian Park (lower),100,reverse,39
76,Elysian Park (lower),101,reverse,54
76,Elysian Park (lower),102,reverse,63
76,Elysian Park (lower),103,reverse,50
76,Elysian Park (lower),104,reverse,60
76,Elysian Park (lower),105,reverse,40
76,Elysian Park (lower),106,reverse,67
76,Elysian Park (lower),107,reverse,21
76,Elysian Park (lower),108,reverse,55
76,Elysian Park (lower),109,reverse,40
76,Elysian Park (lower),110,reverse oblique,52
76,Elysian Park (lower),111,reverse oblique,50
76,Elysian Park (lower),112,reverse oblique,42
76,Elysian Park (lower),113,reverse oblique,49
76,Elysian Park (lower),114,reverse oblique,40
76,Elysian Park (lower),115,reverse oblique,51
76,Elysian Park (lower),116,reverse oblique,67
76,Elysian Park (lower),117,reverse oblique,43
76,Elysian Park (lower),118,reverse oblique,50
76,Elysian Park (lower),119,reverse oblique,49
76,Elysian Park (lower),120,reverse oblique,66
76,Elysian Park (lower),121,reverse oblique,56
76,Elysian Park (lower),122,reverse oblique,41
76,Elysian Park (lower),123,reverse oblique,48
76,Elysian Park (lower),124,reverse oblique,71
76,Elysian Park (lower),125,reverse oblique,29
76,Elysian Park (lower),126,reverse oblique,72
76,Elysian Park (lower),127,reverse oblique,45
76,Elysian Park (lower),128,reverse oblique,46
76,Elysian Park (lower),129,reverse oblique,46
76,Elysian Park (lower),130,reverse oblique,53
76,Elysian Park (lower),131,reverse oblique,57
76,Elysian Park (lower),132,reverse oblique,48
76,Elysian Park (lower),133,reverse oblique,34
76,Elysian Park (lower),134,reverse oblique,56
76,Elysian Park (lower),135,reverse oblique,45
76,Elysian Park (lower),136,reverse oblique,74
76,Elysian Park (lower),137,reverse oblique,49
76,Elysian Park (lower),138,reverse oblique,52
76,Elysian Park (lower),139,reverse oblique,61
76,Elysian Park (lower),140,reverse oblique,61
76,Elysian Park (lower),141,reverse oblique,58
76,Elysian Park (lower),142,reverse oblique,59
76,Elysian Park (lower),143,reverse oblique,64
76,Elysian Park (lower),144,reverse oblique,38
76,Elysian Park (lower),145,reverse oblique,49
76,Elysian Park (lower),146,reverse oblique,70
76,Elysian Park (lower),147,reverse oblique,76
76,Elysian Park (lower),148,reverse oblique,52
76,Elysian Park (lower),149,reverse oblique,62
76,Elysian Park (lower),150,reverse oblique,86
76,Elysian Park (lower),151,reverse oblique,81
76,Elysian Park (lower),152,reverse oblique,72
76,Elysian Park (lower),153,reverse oblique,79
76,Elysian Park (lower),154,reverse oblique,85
76,Elysian Park (lower),155,reverse oblique,95
76,Elysian Park (lower),156,reverse oblique,118
76,Elysian Park (lower),157,reverse oblique,100
76,Elysian Park (lower),158,reverse oblique,106
76,Elysian Park (lower),159,reverse oblique,91
76,Elysian Park (lower),160,strike-slip,101
76,Elysian Park (lower),161,strike-slip,79
76,Elysian Park (lower),162,strike-slip,94
76,Elysian Park (lower),163,strike-slip,47
76,Elysian Park (lower),164,strike-slip,42
76,Elysian Park (lower),165,strike-slip,35
76,Elysian Park (lower),166,strike-slip,32
76,Elysian Park (lower),167,strike-slip,38
76,Elysian Park (lower),168,strike-slip,33
76,Elysian Park (lower),169,strike-slip,34
76,Elysian Park (lower),170,strike-slip,34
76,Elysian Park (lower),171,strike-slip,24
76,Elysian Park (lower),172,strike-slip,12
76,Elysian Park (lower),173,strike-slip,2
77,Elysian Park (upper),38,reverse oblique,18
77,Elysian Park (upper),39,reverse oblique,20
77,Elysian Park (upper),40,reverse oblique,35
77,Elysian Park (upper),41,reverse oblique,40
77,Elysian Park (upper),42,reverse oblique,46
77,Elysian Park (upper),43,reverse oblique,50
77,Elysian Park (upper),44,reverse oblique,61
77,Elysian Park (upper),45,reverse oblique,62
77,Elysian Park (upper),46,reverse oblique,71
77,Elysian Park (upper),47,reverse oblique,41
77,Elysian Park (upper),48,reverse oblique,57
77,Elysian Park (upper),49,reverse oblique,58
77,Elysian Park (upper),50,reverse oblique,78
77,Elysian Park (upper),51,reverse oblique,61
77,Elysian Park (upper),52,reverse oblique,86
77,Elysian Park (upper),53,reverse oblique,65
77,Elysian Park (upper),54,reverse oblique,66
77,Elysian Park (upper),55,reverse oblique,59
77,Elysian Park (upper),56,reverse oblique,72
77,Elysian Park (upper),57,reverse oblique,55
77,Elysian Park (upper),58,reverse oblique,59
77,Elysian Park (upper),59,reverse oblique,50
77,Elysian Park (upper),60,reverse oblique,36
77,Elysian Park (upper),61,reverse oblique,30
77,Elysian Park (upper),62,reverse oblique,21
77,Elysian Park (upper),63,reverse oblique,20
77,Elysian Park (upper),64,reverse oblique,29
77,Elysian Park (upper),65,reverse oblique,9
77,Elysian Park (upper),66,reverse oblique,12
77,Elysian Park (upper),67,reverse oblique,16
77,Elysian Park (upper),68,reverse oblique,17
77,Elysian Park (upper),69,reverse oblique,6
77,Elysian Park (upper),70,reverse,12
77,Elysian Park (upper),71,reverse,4
77,Elysian Park (upper),72,reverse,8
77,Elysian Park (upper),73,reverse,10
77,Elysian Park (upper),74,reverse,10
77,Elysian Park (upper),75,reverse,4
77,Elysian Park (upper),76,reverse,10
77,Elysian Park (upper),77,reverse,10
77,Elysian Park (upper),78,reverse,14
77,Elysian Park (upper),79,reverse,4
77,Elysian Park (upper),80,reverse,6
77,Elysian Park (upper),81,reverse,4
77,Elysian Park (upper),83,reverse,8
77,Elysian Park (upper),84,reverse,4
77,Elysian Park (upper),85,reverse,2
77,Elysian Park (upper),86,reverse,2
77,Elysian Park (upper),87,reverse,2
77,Elysian Park (upper),88,reverse,2
77,Elysian Park (upper),90,reverse,47
77,Elysian Park (upper),92,reverse,4
77,Elysian Park (upper),93,reverse,2
77,Elysian Park (upper),94,reverse,2
77,Elysian Park (upper),95,reverse,2
77,Elysian Park (upper),96,reverse,2
77,Elysian Park (upper),97,reverse,6
77,Elysian Park (upper),98,reverse,2
77,Elysian Park (upper),99,reverse,2
77,Elysian Park (upper),100,reverse,4
77,Elysian Park (upper),101,reverse,2
77,Elysian Park (upper),102,reverse,6
77,Elysian Park (upper),103,reverse,4
77,Elysian Park (upper),105,reverse,10
77,Elysian Park (upper),106,reverse,2
77,Elysian Park (upper),107,reverse,2
77,Elysian Park (upper),108,reverse,4
77,Elysian Park (upper),110,reverse oblique,2
77,Elysian Park (upper),112,reverse oblique,2
77,Elysian Park (upper),113,reverse oblique,4
77,Elysian Park (upper),114,reverse oblique,2
77,Elysian Park (upper),115,reverse oblique,2
77,Elysian Park (upper),116,reverse oblique,4
77,Elysian Park (upper),117,reverse oblique,2
77,Elysian Park (upper),118,reverse oblique,2
77,Elysian Park (upper),119,reverse oblique,2
77,Elysian Park (upper),120,reverse oblique,2
77,Elysian Park (upper),121,reverse oblique,4
77,Elysian Park (upper),124,reverse oblique,4
77,Elysian Park (upper),126,reverse oblique,2
77,Elysian Park (upper),128,reverse oblique,2
77,Elysian Park (upper),130,reverse oblique,2
77,Elysian Park (upper),131,reverse oblique,2
77,Elysian Park (upper),132,reverse oblique,4
77,Elysian Park (upper),134,reverse oblique,2
77,Elysian Park (upper),135,reverse oblique,4
77,Elysian Park (upper),137,reverse oblique,2
77,Elysian Park (upper),138,reverse oblique,2
77,Elysian Park (upper),139,reverse oblique,4
77,Elysian Park (upper),140,reverse oblique,2
77,Elysian Park (upper),141,reverse oblique,2
77,Elysian Park (upper),142,reverse oblique,2
77,Elysian Park (upper),144,reverse oblique,2
77,Elysian Park (upper),145,reverse oblique,2
77,Elysian Park (upper),146,reverse oblique,4
77,Elysian Park (upper),148,reverse oblique,4
77,Elysian Park (upper),150,reverse oblique,2
77,Elysian Park (upper),151,reverse oblique,2
77,Elysian Park (upper),156,reverse oblique,2
77,Elysian Park (upper),157,reverse oblique,2
77,Elysian Park (upper),159,reverse oblique,2
77,Elysian Park (upper),160,strike-slip,2
77,Elysian Park (upper),162,strike-slip,2
77,Elysian Park (upper),163,strike-slip,2
78,Emerson - Copper Mountain,0,strike-slip,4
78,Emerson - Copper Mountain,180,strike-slip,2252
79,Eureka Peak,180,strike-slip,177
80,Fickle Hill [1],90,reverse,38
80,Fickle Hill [1],95,reverse,2
80,Fickle Hill [1],96,reverse,2
80,Fickle Hill [1],97,reverse,2
80,Fickle Hill [1],98,reverse,4
80,Fickle Hill [1],99,reverse,6
80,Fickle Hill [1],100,reverse,9
80,Fickle Hill [1],101,reverse,2
80,Fickle Hill [1],102,reverse,6
80,Fickle Hill [1],103,reverse,10
80,Fickle Hill [1],104,reverse,4
80,Fickle Hill [1],105,reverse,5
80,Fickle Hill [1],106,reverse,9
80,Fickle Hill [1],107,reverse,6
80,Fickle Hill [1],108,reverse,6
80,Fickle Hill [1],109,reverse,11
80,Fickle Hill [1],110,reverse oblique,8
80,Fickle Hill [1],111,reverse oblique,4
80,Fickle Hill [1],113,reverse oblique,17
80,Fickle Hill [1],114,reverse oblique,5
80,Fickle Hill [1],115,reverse oblique,12
80,Fickle Hill [1],116,reverse oblique,4
80,Fickle Hill [1],117,reverse oblique,4
80,Fickle Hill [1],118,reverse oblique,11
80,Fickle Hill [1],119,reverse oblique,8
80,Fickle Hill [1],120,reverse oblique,9
80,Fickle Hill [1],121,reverse oblique,11
80,Fickle Hill [1],122,reverse oblique,10
80,Fickle Hill [1],123,reverse oblique,6
80,Fickle Hill [1],124,reverse oblique,14
80,Fickle Hill [1],125,reverse oblique,9
80,Fickle Hill [1],126,reverse oblique,9
80,Fickle Hill [1],127,reverse oblique,12
80,Fickle Hill [1],128,reverse oblique,11
80,Fickle Hill [1],129,reverse oblique,8
80,Fickle Hill [1],130,reverse oblique,12
80,Fickle Hill [1],131,reverse oblique,14
80,Fickle Hill [1],132,reverse oblique,10
80,Fickle Hill [1],133,reverse oblique,10
80,Fickle Hill [1],134,reverse oblique,9
80,Fickle Hill [1],135,reverse oblique,11
80,Fickle Hill [1],136,reverse oblique,15
80,Fickle Hill [1],137,reverse oblique,8
80,Fickle Hill [1],138,reverse oblique,10
80,Fickle Hill [1],139,reverse oblique,14
80,Fickle Hill [1],140,reverse oblique,8
80,Fickle Hill [1],141,reverse oblique,7
80,Fickle Hill [1],142,reverse oblique,17
80,Fickle Hill [1],144,reverse oblique,12
80,Fickle Hill [1],145,reverse oblique,5
80,Fickle Hill [1],146,reverse oblique,14
80,Fickle Hill [1],147,reverse oblique,2
80,Fickle Hill [1],148,reverse oblique,9
80,Fickle Hill [1],149,reverse oblique,2
80,Fickle Hill [1],150,reverse oblique,9
80,Fickle Hill [1],152,reverse oblique,8
80,Fickle Hill [1],153,reverse oblique,4
80,Fickle Hill [1],154,reverse oblique,8
80,Fickle Hill [1],155,reverse oblique,4
80,Fickle Hill [1],156,reverse oblique,7
80,Fickle Hill [1],157,reverse oblique,5
80,Fickle Hill [1],158,reverse oblique,3
80,Fickle Hill [1],159,reverse oblique,5
80,Fickle Hill [1],160,strike-slip,5
80,Fickle Hill [1],161,strike-slip,5
80,Fickle Hill [1],162,strike-slip,16
80,Fickle Hill [1],163,strike-slip,8
80,Fickle Hill [1],164,strike-slip,5
80,Fickle Hill [1],165,strike-slip,8
80,Fickle Hill [1],166,strike-slip,8
80,Fickle Hill [1],167,strike-slip,10
80,Fickle Hill [1],168,strike-slip,22
80,Fickle Hill [1],169,strike-slip,16
80,Fickle Hill [1],170,strike-slip,15
80,Fickle Hill [1],171,strike-slip,6
80,Fickle Hill [1],172,strike-slip,10
80,Fickle Hill [1],173,strike-slip,14
81,Fish Slough,-159,normal oblique,2
81,Fish Slough,-158,normal oblique,10
81,Fish Slough,-157,normal oblique,18
81,Fish Slough,-156,normal oblique,18
81,Fish Slough,-155,normal oblique,18
81,Fish Slough,-154,normal oblique,29
81,Fish Slough,-153,normal oblique,17
81,Fish Slough,-152,normal oblique,23
81,Fish Slough,-151,normal oblique,30
81,Fish Slough,-150,normal oblique,33
81,Fish Slough,-149,normal oblique,12
81,Fish Slough,-148,normal oblique,31
81,Fish Slough,-147,normal oblique,17
81,Fish Slough,-146,normal oblique,28
81,Fish Slough,-145,normal oblique,16
81,Fish Slough,-144,normal oblique,24
81,Fish Slough,-143,normal oblique,16
81,Fish Slough,-142,normal oblique,20
81,Fish Slough,-141,normal oblique,15
81,Fish Slough,-140,normal oblique,33
81,Fish Slough,-138,normal oblique,28
81,Fish Slough,-137,normal oblique,14
81,Fish Slough,-136,normal oblique,8
81,Fish Slough,-135,normal oblique,25
81,Fish Slough,-134,normal oblique,18
81,Fish Slough,-133,normal oblique,4
81,Fish Slough,-132,normal oblique,27
81,Fish Slough,-131,normal oblique,17
81,Fish Slough,-130,normal oblique,7
81,Fish Slough,-129,normal oblique,14
81,Fish Slough,-128,normal oblique,15
81,Fish Slough,-127,normal oblique,19
81,Fish Slough,-126,normal oblique,11
81,Fish Slough,-125,normal oblique,21
81,Fish Slough,-124,normal oblique,8
81,Fish Slough,-123,normal oblique,11
81,Fish Slough,-122,normal oblique,11
81,Fish Slough,-121,normal oblique,10
81,Fish Slough,-120,normal oblique,17
81,Fish Slough,-118,normal oblique,4
81,Fish Slough,-117,normal oblique,4
81,Fish Slough,-116,normal oblique,15
81,Fish Slough,-115,normal oblique,2
81,Fish Slough,-114,normal oblique,4
81,Fish Slough,-113,normal oblique,4
81,Fish Slough,-112,normal oblique,8
81,Fish Slough,-111,normal oblique,7
81,Fish Slough,-110,normal,3
81,Fish Slough,-108,normal,4
81,Fish Slough,-107,normal,6
81,Fish Slough,-106,normal,8
81,Fish Slough,-104,normal,3
81,Fish Slough,-102,normal,8
81,Fish Slough,-101,normal,4
81,Fish Slough,-90,normal,34
82,Fitzhugh Creek,-90,normal,156
83,Fontana (seismicity),0,strike-slip,7
84,Franklin,106,reverse,2
84,Franklin,113,reverse oblique,3
84,Franklin,115,reverse oblique,2
84,Franklin,116,reverse oblique,2
84,Franklin,117,reverse oblique,2
84,Franklin,120,reverse oblique,4
84,Franklin,122,reverse oblique,2
84,Franklin,123,reverse oblique,6
84,Franklin,124,reverse oblique,3
84,Franklin,125,reverse oblique,3
84,Franklin,126,reverse oblique,7
84,Franklin,127,reverse oblique,2
84,Franklin,128,reverse oblique,13
84,Franklin,129,reverse oblique,2
84,Franklin,130,reverse oblique,5
84,Franklin,131,reverse oblique,9
84,Franklin,132,reverse oblique,10
84,Franklin,133,reverse oblique,13
84,Franklin,134,reverse oblique,5
84,Franklin,135,reverse oblique,5
84,Franklin,136,reverse oblique,23
84,Franklin,137,reverse oblique,6
84,Franklin,138,reverse oblique,6
84,Franklin,139,reverse oblique,24
84,Franklin,140,reverse oblique,17
84,Franklin,141,reverse oblique,20
84,Franklin,142,reverse oblique,24
84,Franklin,143,reverse oblique,19
84,Franklin,144,reverse oblique,35
84,Franklin,145,reverse oblique,26
84,Franklin,146,reverse oblique,40
84,Franklin,147,reverse oblique,47
84,Franklin,148,reverse oblique,31
84,Franklin,149,reverse oblique,49
84,Franklin,150,reverse oblique,58
84,Franklin,151,reverse oblique,60
84,Franklin,152,reverse oblique,82
84,Franklin,153,reverse oblique,64
84,Franklin,154,reverse oblique,87
84,Franklin,155,reverse oblique,66
84,Franklin,156,reverse oblique,103
84,Franklin,157,reverse oblique,78
84,Franklin,158,reverse oblique,96
84,Franklin,159,reverse oblique,77
84,Franklin,160,strike-slip,106
84,Franklin,161,strike-slip,91
84,Franklin,162,strike-slip,126
84,Franklin,163,strike-slip,123
84,Franklin,164,strike-slip,151
84,Franklin,165,strike-slip,113
84,Franklin,166,strike-slip,127
84,Franklin,167,strike-slip,98
84,Franklin,168,strike-slip,87
84,Franklin,169,strike-slip,39
84,Franklin,170,strike-slip,3
84,Franklin,171,strike-slip,5
84,Franklin,172,strike-slip,27
84,Franklin,173,strike-slip,12
84,Franklin,174,strike-slip,47
84,Franklin,175,strike-slip,219
84,Franklin,176,strike-slip,320
84,Franklin,177,strike-slip,514
84,Franklin,178,strike-slip,898
84,Franklin,179,strike-slip,627
84,Franklin,180,strike-slip,16394
85,Garberville - Briceland,120,reverse oblique,2
85,Garberville - Briceland,123,reverse oblique,2
85,Garberville - Briceland,126,reverse oblique,2
85,Garberville - Briceland,129,reverse oblique,2
85,Garberville - Briceland,131,reverse oblique,3
85,Garberville - Briceland,132,reverse oblique,2
85,Garberville - Briceland,134,reverse oblique,3
85,Garberville - Briceland,137,reverse oblique,5
85,Garberville - Briceland,139,reverse oblique,4
85,Garberville - Briceland,140,reverse oblique,3
85,Garberville - Briceland,142,reverse oblique,6
85,Garberville - Briceland,144,reverse oblique,3
85,Garberville - Briceland,145,reverse oblique,4
85,Garberville - Briceland,146,reverse oblique,5
85,Garberville - Briceland,148,reverse oblique,14
85,Garberville - Briceland,151,reverse oblique,9
85,Garberville - Briceland,152,reverse oblique,3
85,Garberville - Briceland,154,reverse oblique,5
85,Garberville - Briceland,155,reverse oblique,6
85,Garberville - Briceland,156,reverse oblique,5
85,Garberville - Briceland,157,reverse oblique,3
85,Garberville - Briceland,159,reverse oblique,4
85,Garberville - Briceland,160,strike-slip,5
85,Garberville - Briceland,163,strike-slip,14
85,Garberville - Briceland,166,strike-slip,5
85,Garberville - Briceland,167,strike-slip,4
85,Garberville - Briceland,168,strike-slip,3
85,Garberville - Briceland,169,strike-slip,5
85,Garberville - Briceland,171,strike-slip,4
85,Garberville - Briceland,173,strike-slip,5
85,Garberville - Briceland,180,strike-slip,30
86,Garlic Springs,0,strike-slip,10
86,Garlic Springs,180,strike-slip,7
87,Gillem - Big Crack,-90,normal,77
88,Goldstone Lake,180,strike-slip,104
89,Gravel Hills - Harper Lake,180,strike-slip,2354
90,Great Valley 1,90,reverse,860
91,Great Valley 10 (Panoche),90,reverse,938
92,Great Valley 11,90,reverse,818
93,Great Valley 12,90,reverse,463
94,Great Valley 13 (Coalinga),90,reverse,196
95,Great Valley 14 (Kettleman Hills),90,reverse,52
96,Great Valley 2,90,reverse,790
97,Great Valley 3 (Mysterious Ridge),90,reverse,1187
98,Great Valley 3a (Dunnigan Hills),90,reverse,77
99,Great Valley 4a (Trout Creek),90,reverse,288
100,Great Valley 4b (Gordon Valley),90,reverse,205
101,Great Valley 5 (Pittsburg - Kirby Hills) [1],180,strike-slip,16
103,Great Valley 6 (Midland) [1],90,reverse,112
105,Great Valley 7 (Orestimba),90,reverse,1122
106,Great Valley 8 (Quinto),90,reverse,7
106,Great Valley 8 (Quinto),112,reverse oblique,3
106,Great Valley 8 (Quinto),121,reverse oblique,5
106,Great Valley 8 (Quinto),122,reverse oblique,2
106,Great Valley 8 (Quinto),132,reverse oblique,2
106,Great Valley 8 (Quinto),133,reverse oblique,2
106,Great Valley 8 (Quinto),141,reverse oblique,4
106,Great Valley 8 (Quinto),147,reverse oblique,6
106,Great Valley 8 (Quinto),151,reverse oblique,2
106,Great Valley 8 (Quinto),152,reverse oblique,4
106,Great Valley 8 (Quinto),155,reverse oblique,6
106,Great Valley 8 (Quinto),158,reverse oblique,6
106,Great Valley 8 (Quinto),160,strike-slip,6
106,Great Valley 8 (Quinto),162,strike-slip,6
106,Great Valley 8 (Quinto),164,strike-slip,6
106,Great Valley 8 (Quinto),165,strike-slip,6
106,Great Valley 8 (Quinto),166,strike-slip,4
106,Great Valley 8 (Quinto),167,strike-slip,4
106,Great Valley 8 (Quinto),168,strike-slip,2
107,Great Valley 9 (Laguna Seca),90,reverse,1702
108,Green Valley,96,reverse,2
108,Green Valley,97,reverse,3
108,Green Valley,99,reverse,4
108,Green Valley,104,reverse,5
108,Green Valley,108,reverse,6
108,Green Valley,110,reverse oblique,2
108,Green Valley,111,reverse oblique,3
108,Green Valley,112,reverse oblique,11
108,Green Valley,115,reverse oblique,2
108,Green Valley,116,reverse oblique,8
108,Green Valley,118,reverse oblique,10
108,Green Valley,120,reverse oblique,11
108,Green Valley,121,reverse oblique,13
108,Green Valley,122,reverse oblique,9
108,Green Valley,123,reverse oblique,4
108,Green Valley,124,reverse oblique,12
108,Green Valley,125,reverse oblique,13
108,Green Valley,126,reverse oblique,7
108,Green Valley,127,reverse oblique,23
108,Green Valley,128,reverse oblique,13
108,Green Valley,129,reverse oblique,12
108,Green Valley,130,reverse oblique,10
108,Green Valley,131,reverse oblique,23
108,Green Valley,132,reverse oblique,13
108,Green Valley,133,reverse oblique,21
108,Green Valley,134,reverse oblique,52
108,Green Valley,135,reverse oblique,10
108,Green Valley,136,reverse oblique,39
108,Green Valley,137,reverse oblique,28
108,Green Valley,138,reverse oblique,30
108,Green Valley,139,reverse oblique,40
108,Green Valley,140,reverse oblique,47
108,Green Valley,141,reverse oblique,60
108,Green Valley,142,reverse oblique,40
108,Green Valley,143,reverse oblique,92
108,Green Valley,144,reverse oblique,47
108,Green Valley,145,reverse oblique,71
108,Green Valley,146,reverse oblique,88
108,Green Valley,147,reverse oblique,90
108,Green Valley,148,reverse oblique,111
108,Green Valley,149,reverse oblique,115
108,Green Valley,150,reverse oblique,125
108,Green Valley,151,reverse oblique,109
108,Green Valley,152,reverse oblique,193
108,Green Valley,153,reverse oblique,110
108,Green Valley,154,reverse oblique,200
108,Green Valley,155,reverse oblique,177
108,Green Valley,156,reverse oblique,211
108,Green Valley,157,reverse oblique,192
108,Green Valley,158,reverse oblique,280
108,Green Valley,159,reverse oblique,202
108,Green Valley,160,strike-slip,286
108,Green Valley,161,strike-slip,262
108,Green Valley,162,strike-slip,329
108,Green Valley,163,strike-slip,259
108,Green Valley,164,strike-slip,350
108,Green Valley,165,strike-slip,231
108,Green Valley,166,strike-slip,294
108,Green Valley,167,strike-slip,231
108,Green Valley,168,strike-slip,371
108,Green Valley,169,strike-slip,357
108,Green Valley,170,strike-slip,420
108,Green Valley,171,strike-slip,266
108,Green Valley,172,strike-slip,413
108,Green Valley,173,strike-slip,371
108,Green Valley,174,strike-slip,294
108,Green Valley,180,strike-slip,1968
109,Greenville (north),103,reverse,2
109,Greenville (north),109,reverse,3
109,Greenville (north),110,reverse oblique,2
109,Greenville (north),114,reverse oblique,6
109,Greenville (north),115,reverse oblique,2
109,Greenville (north),117,reverse oblique,4
109,Greenville (north),118,reverse oblique,3
109,Greenville (north),119,reverse oblique,8
109,Greenville (north),120,reverse oblique,5
109,Greenville (north),121,reverse oblique,4
109,Greenville (north),122,reverse oblique,8
109,Greenville (north),123,reverse oblique,2
109,Greenville (north),124,reverse oblique,14
109,Greenville (north),125,reverse oblique,9
109,Greenville (north),126,reverse oblique,17
109,Greenville (north),127,reverse oblique,3
109,Greenville (north),128,reverse oblique,12
109,Greenville (north),129,reverse oblique,19
109,Greenville (north),130,reverse oblique,26
109,Greenville (north),131,reverse oblique,14
109,Greenville (north),132,reverse oblique,26
109,Greenville (north),133,reverse oblique,35
109,Greenville (north),134,reverse oblique,28
109,Greenville (north),135,reverse oblique,20
109,Greenville (north),136,reverse oblique,40
109,Greenville (north),137,reverse oblique,55
109,Greenville (north),138,reverse oblique,35
109,Greenville (north),139,reverse oblique,61
109,Greenville (north),140,reverse oblique,60
109,Greenville (north),141,reverse oblique,65
109,Greenville (north),142,reverse oblique,86
109,Greenville (north),143,reverse oblique,89
109,Greenville (north),144,reverse oblique,98
109,Greenville (north),145,reverse oblique,102
109,Greenville (north),146,reverse oblique,145
109,Greenville (north),147,reverse oblique,138
109,Greenville (north),148,reverse oblique,128
109,Greenville (north),149,reverse oblique,173
109,Greenville (north),150,reverse oblique,189
109,Greenville (north),151,reverse oblique,153
109,Greenville (north),152,reverse oblique,262
109,Greenville (north),153,reverse oblique,193
109,Greenville (north),154,reverse oblique,303
109,Greenville (north),155,reverse oblique,255
109,Greenville (north),156,reverse oblique,380
109,Greenville (north),157,reverse oblique,291
109,Greenville (north),158,reverse oblique,398
109,Greenville (north),159,reverse oblique,322
109,Greenville (north),160,strike-slip,426
109,Greenville (north),161,strike-slip,358
109,Greenville (north),162,strike-slip,466
109,Greenville (north),163,strike-slip,416
109,Greenville (north),164,strike-slip,534
109,Greenville (north),165,strike-slip,353
109,Greenville (north),166,strike-slip,515
109,Greenville (north),167,strike-slip,379
109,Greenville (north),168,strike-slip,435
109,Greenville (north),169,strike-slip,296
109,Greenville (north),170,strike-slip,293
109,Greenville (north),171,strike-slip,156
109,Greenville (north),172,strike-slip,325
109,Greenville (north),173,strike-slip,292
109,Greenville (north),174,strike-slip,241
109,Greenville (north),180,strike-slip,336
110,Greenville (south),130,reverse oblique,2
110,Greenville (south),133,reverse oblique,3
110,Greenville (south),136,reverse oblique,4
110,Greenville (south),137,reverse oblique,4
110,Greenville (south),138,reverse oblique,5
110,Greenville (south),139,reverse oblique,7
110,Greenville (south),140,reverse oblique,11
110,Greenville (south),141,reverse oblique,12
110,Greenville (south),142,reverse oblique,11
110,Greenville (south),143,reverse oblique,25
110,Greenville (south),144,reverse oblique,22
110,Greenville (south),145,reverse oblique,28
110,Greenville (south),146,reverse oblique,44
110,Greenville (south),147,reverse oblique,28
110,Greenville (south),148,reverse oblique,47
110,Greenville (south),149,reverse oblique,42
110,Greenville (south),150,reverse oblique,44
110,Greenville (south),151,reverse oblique,47
110,Greenville (south),152,reverse oblique,61
110,Greenville (south),153,reverse oblique,59
110,Greenville (south),154,reverse oblique,82
110,Greenville (south),155,reverse oblique,72
110,Greenville (south),156,reverse oblique,114
110,Greenville (south),157,reverse oblique,95
110,Greenville (south),158,reverse oblique,126
110,Greenville (south),159,reverse oblique,115
110,Greenville (south),160,strike-slip,152
110,Greenville (south),161,strike-slip,135
110,Greenville (south),162,strike-slip,169
110,Greenville (south),163,strike-slip,149
110,Greenville (south),164,strike-slip,180
110,Greenville (south),165,strike-slip,114
110,Greenville (south),166,strike-slip,201
110,Greenville (south),167,strike-slip,141
110,Greenville (south),168,strike-slip,196
110,Greenville (south),169,strike-slip,124
110,Greenville (south),170,strike-slip,74
110,Greenville (south),171,strike-slip,40
110,Greenville (south),172,strike-slip,87
110,Greenville (south),173,strike-slip,125
110,Greenville (south),174,strike-slip,83
110,Greenville (south),180,strike-slip,210
111,Hartley Springs,-90,normal,23
112,Hat Creek - McArthur - Mayfield,-90,normal,1520
113,Hector Mine,180,strike-slip,130
114,Helendale - Lockhart (south),103,reverse,2
114,Helendale - Lockhart (south),109,reverse,5
114,Helendale - Lockhart (south),114,reverse oblique,4
114,Helendale - Lockhart (south),117,reverse oblique,3
114,Helendale - Lockhart (south),120,reverse oblique,5
114,Helendale - Lockhart (south),124,reverse oblique,10
114,Helendale - Lockhart (south),128,reverse oblique,7
114,Helendale - Lockhart (south),130,reverse oblique,5
114,Helendale - Lockhart (south),132,reverse oblique,8
114,Helendale - Lockhart (south),136,reverse oblique,15
114,Helendale - Lockhart (south),139,reverse oblique,10
114,Helendale - Lockhart (south),140,reverse oblique,7
114,Helendale - Lockhart (south),141,reverse oblique,11
114,Helendale - Lockhart (south),144,reverse oblique,20
114,Helendale - Lockhart (south),146,reverse oblique,13
114,Helendale - Lockhart (south),147,reverse oblique,9
114,Helendale - Lockhart (south),148,reverse oblique,14
114,Helendale - Lockhart (south),150,reverse oblique,25
114,Helendale - Lockhart (south),151,reverse oblique,16
114,Helendale - Lockhart (south),152,reverse oblique,11
114,Helendale - Lockhart (south),153,reverse oblique,17
114,Helendale - Lockhart (south),154,reverse oblique,30
114,Helendale - Lockhart (south),156,reverse oblique,31
114,Helendale - Lockhart (south),157,reverse oblique,32
114,Helendale - Lockhart (south),158,reverse oblique,18
114,Helendale - Lockhart (south),159,reverse oblique,15
114,Helendale - Lockhart (south),160,strike-slip,16
114,Helendale - Lockhart (south),161,strike-slip,17
114,Helendale - Lockhart (south),162,strike-slip,18
114,Helendale - Lockhart (south),164,strike-slip,36
114,Helendale - Lockhart (south),165,strike-slip,18
114,Helendale - Lockhart (south),180,strike-slip,1632
115,Hilton Creek,-90,normal,90
116,Hollywood,30,reverse oblique,97
116,Hollywood,33,reverse oblique,12
116,Hollywood,34,reverse oblique,12
116,Hollywood,35,reverse oblique,78
116,Hollywood,36,reverse oblique,55
116,Hollywood,37,reverse oblique,73
116,Hollywood,38,reverse oblique,114
116,Hollywood,39,reverse oblique,71
116,Hollywood,40,reverse oblique,110
116,Hollywood,41,reverse oblique,114
116,Hollywood,42,reverse oblique,163
116,Hollywood,43,reverse oblique,163
116,Hollywood,44,reverse oblique,203
116,Hollywood,45,reverse oblique,193
116,Hollywood,46,reverse oblique,234
116,Hollywood,47,reverse oblique,182
116,Hollywood,48,reverse oblique,210
116,Hollywood,49,reverse oblique,171
116,Hollywood,50,reverse oblique,223
116,Hollywood,51,reverse oblique,204
116,Hollywood,52,reverse oblique,240
116,Hollywood,53,reverse oblique,182
116,Hollywood,54,reverse oblique,200
116,Hollywood,55,reverse oblique,141
116,Hollywood,56,reverse oblique,208
116,Hollywood,57,reverse oblique,149
116,Hollywood,58,reverse oblique,192
116,Hollywood,59,reverse oblique,140
116,Hollywood,60,reverse oblique,135
116,Hollywood,61,reverse oblique,118
116,Hollywood,62,reverse oblique,110
116,Hollywood,63,reverse oblique,94
116,Hollywood,64,reverse oblique,115
116,Hollywood,65,reverse oblique,46
116,Hollywood,66,reverse oblique,80
116,Hollywood,67,reverse oblique,64
116,Hollywood,68,reverse oblique,67
116,Hollywood,69,reverse oblique,47
116,Hollywood,70,reverse,57
116,Hollywood,71,reverse,36
116,Hollywood,72,reverse,49
116,Hollywood,73,reverse,51
116,Hollywood,74,reverse,66
116,Hollywood,75,reverse,64
116,Hollywood,76,reverse,65
116,Hollywood,77,reverse,43
116,Hollywood,78,reverse,49
116,Hollywood,79,reverse,33
116,Hollywood,80,reverse,34
116,Hollywood,81,reverse,21
116,Hollywood,82,reverse,23
116,Hollywood,83,reverse,17
116,Hollywood,84,reverse,29
116,Hollywood,85,reverse,24
116,Hollywood,86,reverse,19
116,Hollywood,87,reverse,18
116,Hollywood,88,reverse,15
116,Hollywood,89,reverse,10
116,Hollywood,90,reverse,21
116,Hollywood,91,reverse,14
116,Hollywood,92,reverse,17
116,Hollywood,93,reverse,11
116,Hollywood,94,reverse,9
116,Hollywood,95,reverse,8
116,Hollywood,96,reverse,16
116,Hollywood,97,reverse,5
116,Hollywood,98,reverse,7
116,Hollywood,99,reverse,16
116,Hollywood,100,reverse,10
116,Hollywood,101,reverse,8
116,Hollywood,102,reverse,22
116,Hollywood,103,reverse,15
116,Hollywood,104,reverse,9
116,Hollywood,105,reverse,8
116,Hollywood,106,reverse,8
116,Hollywood,107,reverse,5
116,Hollywood,108,reverse,12
116,Hollywood,109,reverse,3
116,Hollywood,110,reverse oblique,4
116,Hollywood,111,reverse oblique,4
116,Hollywood,113,reverse oblique,6
116,Hollywood,114,reverse oblique,3
116,Hollywood,115,reverse oblique,3
116,Hollywood,116,reverse oblique,5
116,Hollywood,117,reverse oblique,10
116,Hollywood,118,reverse oblique,6
116,Hollywood,119,reverse oblique,5
116,Hollywood,120,reverse oblique,13
116,Hollywood,121,reverse oblique,3
116,Hollywood,122,reverse oblique,5
116,Hollywood,123,reverse oblique,5
116,Hollywood,124,reverse oblique,11
116,Hollywood,125,reverse oblique,3
116,Hollywood,126,reverse oblique,6
116,Hollywood,127,reverse oblique,6
116,Hollywood,128,reverse oblique,3
116,Hollywood,129,reverse oblique,3
116,Hollywood,130,reverse oblique,9
116,Hollywood,131,reverse oblique,6
116,Hollywood,132,reverse oblique,3
116,Hollywood,133,reverse oblique,5
116,Hollywood,134,reverse oblique,6
116,Hollywood,135,reverse oblique,7
116,Hollywood,136,reverse oblique,6
116,Hollywood,137,reverse oblique,3
116,Hollywood,138,reverse oblique,13
116,Hollywood,140,reverse oblique,7
116,Hollywood,142,reverse oblique,2
116,Hollywood,143,reverse oblique,9
116,Hollywood,144,reverse oblique,4
116,Hollywood,145,reverse oblique,12
116,Hollywood,147,reverse oblique,6
116,Hollywood,148,reverse oblique,10
116,Hollywood,149,reverse oblique,2
116,Hollywood,150,reverse oblique,4
116,Hollywood,151,reverse oblique,4
116,Hollywood,152,reverse oblique,11
116,Hollywood,153,reverse oblique,5
116,Hollywood,154,reverse oblique,4
116,Hollywood,155,reverse oblique,2
117,Holser [1],50,reverse oblique,2
117,Holser [1],51,reverse oblique,2
117,Holser [1],52,reverse oblique,3
117,Holser [1],53,reverse oblique,3
117,Holser [1],54,reverse oblique,3
117,Holser [1],55,reverse oblique,1
117,Holser [1],56,reverse oblique,7
117,Holser [1],57,reverse oblique,3
117,Holser [1],58,reverse oblique,5
117,Holser [1],59,reverse oblique,5
117,Holser [1],60,reverse oblique,7
117,Holser [1],61,reverse oblique,1
117,Holser [1],62,reverse oblique,2
117,Holser [1],63,reverse oblique,7
117,Holser [1],64,reverse oblique,3
117,Holser [1],65,reverse oblique,3
117,Holser [1],66,reverse oblique,8
117,Holser [1],67,reverse oblique,10
117,Holser [1],68,reverse oblique,9
117,Holser [1],69,reverse oblique,10
117,Holser [1],70,reverse,8
117,Holser [1],71,reverse,5
117,Holser [1],72,reverse,14
117,Holser [1],73,reverse,7
117,Holser [1],74,reverse,18
117,Holser [1],75,reverse,16
117,Holser [1],76,reverse,27
117,Holser [1],77,reverse,38
117,Holser [1],78,reverse,56
117,Holser [1],79,reverse,71
117,Holser [1],80,reverse,86
117,Holser [1],81,reverse,93
117,Holser [1],82,reverse,146
117,Holser [1],83,reverse,162
117,Holser [1],84,reverse,253
117,Holser [1],85,reverse,271
117,Holser [1],86,reverse,313
117,Holser [1],87,reverse,348
117,Holser [1],88,reverse,361
117,Holser [1],89,reverse,21
117,Holser [1],90,reverse,3893
117,Holser [1],91,reverse,25
117,Holser [1],92,reverse,58
117,Holser [1],93,reverse,50
117,Holser [1],94,reverse,125
117,Holser [1],95,reverse,121
117,Holser [1],96,reverse,175
117,Holser [1],97,reverse,129
117,Holser [1],98,reverse,155
117,Holser [1],99,reverse,129
117,Holser [1],100,reverse,135
117,Holser [1],101,reverse,110
117,Holser [1],102,reverse,115
117,Holser [1],103,reverse,84
117,Holser [1],104,reverse,118
117,Holser [1],105,reverse,89
117,Holser [1],106,reverse,95
117,Holser [1],107,reverse,77
117,Holser [1],108,reverse,95
117,Holser [1],109,reverse,81
117,Holser [1],110,reverse oblique,85
117,Holser [1],111,reverse oblique,63
117,Holser [1],112,reverse oblique,80
117,Holser [1],113,reverse oblique,45
117,Holser [1],114,reverse oblique,58
117,Holser [1],115,reverse oblique,37
117,Holser [1],116,reverse oblique,39
117,Holser [1],117,reverse oblique,26
117,Holser [1],118,reverse oblique,32
117,Holser [1],119,reverse oblique,34
117,Holser [1],120,reverse oblique,14
117,Holser [1],121,reverse oblique,21
117,Holser [1],122,reverse oblique,20
117,Holser [1],123,reverse oblique,15
117,Holser [1],124,reverse oblique,11
117,Holser [1],125,reverse oblique,20
117,Holser [1],126,reverse oblique,32
117,Holser [1],127,reverse oblique,17
117,Holser [1],128,reverse oblique,18
117,Holser [1],129,reverse oblique,18
117,Holser [1],130,reverse oblique,21
117,Holser [1],131,reverse oblique,17
117,Holser [1],132,reverse oblique,13
117,Holser [1],133,reverse oblique,12
117,Holser [1],134,reverse oblique,11
117,Holser [1],135,reverse oblique,11
117,Holser [1],136,reverse oblique,6
117,Holser [1],137,reverse oblique,10
117,Holser [1],139,reverse oblique,5
117,Holser [1],140,reverse oblique,4
117,Holser [1],141,reverse oblique,4
117,Holser [1],145,reverse oblique,2
119,Homestead Valley,180,strike-slip,558
120,Honey Lake,180,strike-slip,665
121,Hosgri,88,reverse,2
121,Hosgri,89,reverse,2
121,Hosgri,90,reverse,3
121,Hosgri,91,reverse,3
121,Hosgri,92,reverse,4
121,Hosgri,93,reverse,6
121,Hosgri,94,reverse,11
121,Hosgri,95,reverse,21
121,Hosgri,96,reverse,31
121,Hosgri,97,reverse,39
121,Hosgri,98,reverse,39
121,Hosgri,99,reverse,31
121,Hosgri,100,reverse,78
121,Hosgri,101,reverse,66
121,Hosgri,102,reverse,81
121,Hosgri,103,reverse,78
121,Hosgri,104,reverse,134
121,Hosgri,105,reverse,70
121,Hosgri,106,reverse,148
121,Hosgri,107,reverse,131
121,Hosgri,108,reverse,131
121,Hosgri,109,reverse,95
121,Hosgri,110,reverse oblique,169
121,Hosgri,111,reverse oblique,139
121,Hosgri,112,reverse oblique,128
121,Hosgri,113,reverse oblique,170
121,Hosgri,114,reverse oblique,174
121,Hosgri,115,reverse oblique,184
121,Hosgri,116,reverse oblique,132
121,Hosgri,117,reverse oblique,255
121,Hosgri,118,reverse oblique,223
121,Hosgri,119,reverse oblique,180
121,Hosgri,120,reverse oblique,258
121,Hosgri,121,reverse oblique,228
121,Hosgri,122,reverse oblique,315
121,Hosgri,123,reverse oblique,226
121,Hosgri,124,reverse oblique,410
121,Hosgri,125,reverse oblique,164
121,Hosgri,126,reverse oblique,476
121,Hosgri,127,reverse oblique,291
121,Hosgri,128,reverse oblique,386
121,Hosgri,129,reverse oblique,377
121,Hosgri,130,reverse oblique,357
121,Hosgri,131,reverse oblique,405
121,Hosgri,132,reverse oblique,390
121,Hosgri,133,reverse oblique,482
121,Hosgri,134,reverse oblique,438
121,Hosgri,135,reverse oblique,389
121,Hosgri,136,reverse oblique,591
121,Hosgri,137,reverse oblique,476
121,Hosgri,138,reverse oblique,500
121,Hosgri,139,reverse oblique,482
121,Hosgri,140,reverse oblique,520
121,Hosgri,141,reverse oblique,473
121,Hosgri,142,reverse oblique,692
121,Hosgri,143,reverse oblique,521
121,Hosgri,144,reverse oblique,736
121,Hosgri,145,reverse oblique,663
121,Hosgri,146,reverse oblique,672
121,Hosgri,147,reverse oblique,691
121,Hosgri,148,reverse oblique,814
121,Hosgri,149,reverse oblique,647
121,Hosgri,150,reverse oblique,918
121,Hosgri,151,reverse oblique,733
121,Hosgri,152,reverse oblique,982
121,Hosgri,153,reverse oblique,863
121,Hosgri,154,reverse oblique,1111
121,Hosgri,155,reverse oblique,991
121,Hosgri,156,reverse oblique,1268
121,Hosgri,157,reverse oblique,1171
121,Hosgri,158,reverse oblique,1450
121,Hosgri,159,reverse oblique,1389
121,Hosgri,160,strike-slip,2047
121,Hosgri,161,strike-slip,1869
121,Hosgri,162,strike-slip,2479
121,Hosgri,163,strike-slip,2512
121,Hosgri,164,strike-slip,3465
121,Hosgri,165,strike-slip,3137
121,Hosgri,166,strike-slip,4436
121,Hosgri,167,strike-slip,4236
121,Hosgri,168,strike-slip,6258
121,Hosgri,169,strike-slip,5131
121,Hosgri,170,strike-slip,7312
121,Hosgri,171,strike-slip,6381
121,Hosgri,172,strike-slip,8586
121,Hosgri,173,strike-slip,7783
121,Hosgri,174,strike-slip,10644
121,Hosgri,175,strike-slip,9653
121,Hosgri,176,strike-slip,13245
121,Hosgri,177,strike-slip,17884
121,Hosgri,178,strike-slip,38107
121,Hosgri,179,strike-slip,8459
121,Hosgri,180,strike-slip,79826
122,Hosgri (extension),167,strike-slip,5
122,Hosgri (extension),168,strike-slip,65
122,Hosgri (extension),169,strike-slip,35
122,Hosgri (extension),170,strike-slip,70
122,Hosgri (extension),171,strike-slip,35
122,Hosgri (extension),172,strike-slip,62
122,Hosgri (extension),173,strike-slip,17
122,Hosgri (extension),174,strike-slip,29
122,Hosgri (extension),175,strike-slip,18
122,Hosgri (extension),176,strike-slip,47
122,Hosgri (extension),177,strike-slip,136
122,Hosgri (extension),178,strike-slip,1087
122,Hosgri (extension),179,strike-slip,35
122,Hosgri (extension),180,strike-slip,4396
123,Hunter Mountain - Saline Valley,-150,normal oblique,1825
123,Hunter Mountain - Saline Valley,-148,normal oblique,20
123,Hunter Mountain - Saline Valley,-146,normal oblique,11
123,Hunter Mountain - Saline Valley,-145,normal oblique,11
123,Hunter Mountain - Saline Valley,-144,normal oblique,6
123,Hunter Mountain - Saline Valley,-143,normal oblique,43
123,Hunter Mountain - Saline Valley,-142,normal oblique,45
123,Hunter Mountain - Saline Valley,-141,normal oblique,11
123,Hunter Mountain - Saline Valley,-140,normal oblique,24
123,Hunter Mountain - Saline Valley,-139,normal oblique,13
123,Hunter Mountain - Saline Valley,-138,normal oblique,12
123,Hunter Mountain - Saline Valley,-137,normal oblique,8
123,Hunter Mountain - Saline Valley,-136,normal oblique,5
123,Hunter Mountain - Saline Valley,-135,normal oblique,6
123,Hunter Mountain - Saline Valley,-134,normal oblique,5
123,Hunter Mountain - Saline Valley,-132,normal oblique,6
123,Hunter Mountain - Saline Valley,-131,normal oblique,5
123,Hunter Mountain - Saline Valley,-129,normal oblique,5
123,Hunter Mountain - Saline Valley,-126,normal oblique,5
123,Hunter Mountain - Saline Valley,-123,normal oblique,5
123,Hunter Mountain - Saline Valley,-120,normal oblique,5
124,Hunting Creek - Bartlett Springs (connector),143,reverse oblique,4
124,Hunting Creek - Bartlett Springs (connector),146,reverse oblique,3
124,Hunting Creek - Bartlett Springs (connector),148,reverse oblique,6
124,Hunting Creek - Bartlett Springs (connector),149,reverse oblique,10
124,Hunting Creek - Bartlett Springs (connector),150,reverse oblique,7
124,Hunting Creek - Bartlett Springs (connector),151,reverse oblique,15
124,Hunting Creek - Bartlett Springs (connector),152,reverse oblique,32
124,Hunting Creek - Bartlett Springs (connector),153,reverse oblique,4
124,Hunting Creek - Bartlett Springs (connector),154,reverse oblique,30
124,Hunting Creek - Bartlett Springs (connector),155,reverse oblique,38
124,Hunting Creek - Bartlett Springs (connector),156,reverse oblique,42
124,Hunting Creek - Bartlett Springs (connector),157,reverse oblique,36
124,Hunting Creek - Bartlett Springs (connector),158,reverse oblique,82
124,Hunting Creek - Bartlett Springs (connector),159,reverse oblique,56
124,Hunting Creek - Bartlett Springs (connector),160,strike-slip,102
124,Hunting Creek - Bartlett Springs (connector),161,strike-slip,109
124,Hunting Creek - Bartlett Springs (connector),162,strike-slip,158
124,Hunting Creek - Bartlett Springs (connector),163,strike-slip,141
124,Hunting Creek - Bartlett Springs (connector),164,strike-slip,211
124,Hunting Creek - Bartlett Springs (connector),165,strike-slip,161
124,Hunting Creek - Bartlett Springs (connector),166,strike-slip,260
124,Hunting Creek - Bartlett Springs (connector),167,strike-slip,216
124,Hunting Creek - Bartlett Springs (connector),168,strike-slip,370
124,Hunting Creek - Bartlett Springs (connector),169,strike-slip,408
124,Hunting Creek - Bartlett Springs (connector),170,strike-slip,487
124,Hunting Creek - Bartlett Springs (connector),171,strike-slip,266
124,Hunting Creek - Bartlett Springs (connector),172,strike-slip,436
124,Hunting Creek - Bartlett Springs (connector),173,strike-slip,478
124,Hunting Creek - Bartlett Springs (connector),174,strike-slip,301
124,Hunting Creek - Bartlett Springs (connector),180,strike-slip,4406
125,Hunting Creek - Berryessa,120,reverse oblique,2
125,Hunting Creek - Berryessa,124,reverse oblique,3
125,Hunting Creek - Berryessa,127,reverse oblique,6
125,Hunting Creek - Berryessa,131,reverse oblique,5
125,Hunting Creek - Berryessa,132,reverse oblique,4
125,Hunting Creek - Berryessa,134,reverse oblique,15
125,Hunting Creek - Berryessa,136,reverse oblique,19
125,Hunting Creek - Berryessa,137,reverse oblique,2
125,Hunting Creek - Berryessa,138,reverse oblique,11
125,Hunting Creek - Berryessa,139,reverse oblique,17
125,Hunting Creek - Berryessa,140,reverse oblique,17
125,Hunting Creek - Berryessa,141,reverse oblique,21
125,Hunting Creek - Berryessa,142,reverse oblique,18
125,Hunting Creek - Berryessa,143,reverse oblique,45
125,Hunting Creek - Berryessa,144,reverse oblique,9
125,Hunting Creek - Berryessa,145,reverse oblique,33
125,Hunting Creek - Berryessa,146,reverse oblique,36
125,Hunting Creek - Berryessa,147,reverse oblique,39
125,Hunting Creek - Berryessa,148,reverse oblique,62
125,Hunting Creek - Berryessa,149,reverse oblique,58
125,Hunting Creek - Berryessa,150,reverse oblique,67
125,Hunting Creek - Berryessa,151,reverse oblique,73
125,Hunting Creek - Berryessa,152,reverse oblique,129
125,Hunting Creek - Berryessa,153,reverse oblique,67
125,Hunting Creek - Berryessa,154,reverse oblique,140
125,Hunting Creek - Berryessa,155,reverse oblique,135
125,Hunting Creek - Berryessa,156,reverse oblique,157
125,Hunting Creek - Berryessa,157,reverse oblique,143
125,Hunting Creek - Berryessa,158,reverse oblique,214
125,Hunting Creek - Berryessa,159,reverse oblique,153
125,Hunting Creek - Berryessa,160,strike-slip,230
125,Hunting Creek - Berryessa,161,strike-slip,215
125,Hunting Creek - Berryessa,162,strike-slip,301
125,Hunting Creek - Berryessa,163,strike-slip,251
125,Hunting Creek - Berryessa,164,strike-slip,342
125,Hunting Creek - Berryessa,165,strike-slip,230
125,Hunting Creek - Berryessa,166,strike-slip,307
125,Hunting Creek - Berryessa,167,strike-slip,235
125,Hunting Creek - Berryessa,168,strike-slip,371
125,Hunting Creek - Berryessa,169,strike-slip,359
125,Hunting Creek - Berryessa,170,strike-slip,441
125,Hunting Creek - Berryessa,171,strike-slip,266
125,Hunting Creek - Berryessa,172,strike-slip,413
125,Hunting Creek - Berryessa,173,strike-slip,400
125,Hunting Creek - Berryessa,174,strike-slip,294
125,Hunting Creek - Berryessa,180,strike-slip,3613
126,Imperial,161,strike-slip,2
126,Imperial,162,strike-slip,7
126,Imperial,163,strike-slip,11
126,Imperial,164,strike-slip,34
126,Imperial,165,strike-slip,32
126,Imperial,166,strike-slip,74
126,Imperial,167,strike-slip,98
126,Imperial,168,strike-slip,132
126,Imperial,169,strike-slip,33
126,Imperial,170,strike-slip,42
126,Imperial,172,strike-slip,15
126,Imperial,173,strike-slip,66
126,Imperial,174,strike-slip,85
126,Imperial,175,strike-slip,222
126,Imperial,176,strike-slip,364
126,Imperial,177,strike-slip,261
126,Imperial,178,strike-slip,455
126,Imperial,179,strike-slip,609
126,Imperial,180,strike-slip,26696
127,Independence,-140,normal oblique,2
127,Independence,-134,normal oblique,2
127,Independence,-129,normal oblique,3
127,Independence,-126,normal oblique,2
127,Independence,-123,normal oblique,5
127,Independence,-121,normal oblique,4
127,Independence,-117,normal oblique,3
127,Independence,-116,normal oblique,14
127,Independence,-114,normal oblique,2
127,Independence,-113,normal oblique,4
127,Independence,-112,normal oblique,6
127,Independence,-111,normal oblique,7
127,Independence,-110,normal,14
127,Independence,-109,normal,9
127,Independence,-108,normal,19
127,Independence,-107,normal,18
127,Independence,-106,normal,24
127,Independence,-105,normal,28
127,Independence,-104,normal,58
127,Independence,-103,normal,38
127,Independence,-102,normal,69
127,Independence,-101,normal,56
127,Independence,-100,normal,74
127,Independence,-99,normal,75
127,Independence,-98,normal,31
127,Independence,-97,normal,25
127,Independence,-96,normal,15
127,Independence,-95,normal,15
127,Independence,-94,normal,26
127,Independence,-90,normal,598
128,Jess Valley,-90,normal,30
129,Johnson Valley (north),180,strike-slip,177
130,Joshua Tree (seismicity),180,strike-slip,305
131,Keddie Ridge,-135,normal oblique,212
131,Keddie Ridge,-123,normal oblique,5
131,Keddie Ridge,-120,normal oblique,4
131,Keddie Ridge,-118,normal oblique,5
131,Keddie Ridge,-117,normal oblique,3
131,Keddie Ridge,-116,normal oblique,4
131,Keddie Ridge,-115,normal oblique,5
131,Keddie Ridge,-112,normal oblique,14
131,Keddie Ridge,-110,normal,9
131,Keddie Ridge,-109,normal,3
131,Keddie Ridge,-108,normal,11
131,Keddie Ridge,-107,normal,3
131,Keddie Ridge,-106,normal,4
131,Keddie Ridge,-105,normal,5
131,Keddie Ridge,-103,normal,3
131,Keddie Ridge,-102,normal,2
131,Keddie Ridge,-101,normal,2
131,Keddie Ridge,-100,normal,2
132,Kern Canyon (Lake Isabella),-90,normal,253
132,Kern Canyon (Lake Isabella),-87,normal,25
132,Kern Canyon (Lake Isabella),-86,normal,20
132,Kern Canyon (Lake Isabella),-85,normal,30
132,Kern Canyon (Lake Isabella),-84,normal,56
132,Kern Canyon (Lake Isabella),-83,normal,58
132,Kern Canyon (Lake Isabella),-82,normal,43
132,Kern Canyon (Lake Isabella),-81,normal,20
132,Kern Canyon (Lake Isabella),-80,normal,31
132,Kern Canyon (Lake Isabella),-79,normal,27
132,Kern Canyon (Lake Isabella),-78,normal,10
132,Kern Canyon (Lake Isabella),-77,normal,23
132,Kern Canyon (Lake Isabella),-76,normal,10
132,Kern Canyon (Lake Isabella),-75,normal,14
132,Kern Canyon (Lake Isabella),-74,normal,7
132,Kern Canyon (Lake Isabella),-73,normal,20
132,Kern Canyon (Lake Isabella),-72,normal,5
132,Kern Canyon (Lake Isabella),-70,normal oblique,10
132,Kern Canyon (Lake Isabella),-69,normal oblique,10
132,Kern Canyon (Lake Isabella),-68,normal oblique,9
132,Kern Canyon (Lake Isabella),-66,normal oblique,9
132,Kern Canyon (Lake Isabella),-65,normal oblique,10
132,Kern Canyon (Lake Isabella),-64,normal oblique,9
132,Kern Canyon (Lake Isabella),-63,normal oblique,5
132,Kern Canyon (Lake Isabella),-60,normal oblique,10
132,Kern Canyon (Lake Isabella),-59,normal oblique,8
132,Kern Canyon (Lake Isabella),-58,normal oblique,5
132,Kern Canyon (Lake Isabella),-57,normal oblique,3
132,Kern Canyon (Lake Isabella),-54,normal oblique,13
132,Kern Canyon (Lake Isabella),-53,normal oblique,5
132,Kern Canyon (Lake Isabella),-52,normal oblique,5
132,Kern Canyon (Lake Isabella),-50,normal oblique,5
132,Kern Canyon (Lake Isabella),-46,normal oblique,14
132,Kern Canyon (Lake Isabella),-42,normal oblique,2
132,Kern Canyon (Lake Isabella),-40,normal oblique,4
132,Kern Canyon (Lake Isabella),-39,normal oblique,3
132,Kern Canyon (Lake Isabella),-38,normal oblique,3
132,Kern Canyon (Lake Isabella),-37,normal oblique,4
132,Kern Canyon (Lake Isabella),-36,normal oblique,5
132,Kern Canyon (Lake Isabella),-35,normal oblique,2
132,Kern Canyon (Lake Isabella),-32,normal oblique,3
132,Kern Canyon (Lake Isabella),-28,normal oblique,2
132,Kern Canyon (Lake Isabella),-23,normal oblique,2
132,Kern Canyon (Lake Isabella),-20,strike-slip,5
132,Kern Canyon (Lake Isabella),-19,strike-slip,4
132,Kern Canyon (Lake Isabella),-17,strike-slip,3
132,Kern Canyon (Lake Isabella),-14,strike-slip,2
132,Kern Canyon (Lake Isabella),-6,strike-slip,5
132,Kern Canyon (Lake Isabella),-2,strike-slip,4
132,Kern Canyon (Lake Isabella),2,strike-slip,3
132,Kern Canyon (Lake Isabella),6,strike-slip,5
132,Kern Canyon (Lake Isabella),8,strike-slip,2
132,Kern Canyon (Lake Isabella),10,strike-slip,4
132,Kern Canyon (Lake Isabella),16,strike-slip,3
132,Kern Canyon (Lake Isabella),19,strike-slip,4
132,Kern Canyon (Lake Isabella),22,reverse oblique,2
132,Kern Canyon (Lake Isabella),25,reverse oblique,3
132,Kern Canyon (Lake Isabella),31,reverse oblique,5
132,Kern Canyon (Lake Isabella),36,reverse oblique,2
132,Kern Canyon (Lake Isabella),40,reverse oblique,2
133,Kern Canyon (north),-90,normal,347
133,Kern Canyon (north),-87,normal,25
133,Kern Canyon (north),-86,normal,15
133,Kern Canyon (north),-85,normal,19
133,Kern Canyon (north),-84,normal,61
133,Kern Canyon (north),-83,normal,54
133,Kern Canyon (north),-82,normal,41
133,Kern Canyon (north),-81,normal,10
133,Kern Canyon (north),-80,normal,6
133,Kern Canyon (north),-79,normal,5
133,Kern Canyon (north),-78,normal,15
133,Kern Canyon (north),-76,normal,7
133,Kern Canyon (north),-75,normal,11
133,Kern Canyon (north),-74,normal,9
133,Kern Canyon (north),-73,normal,9
133,Kern Canyon (north),-72,normal,13
133,Kern Canyon (north),-71,normal,11
133,Kern Canyon (north),-70,normal oblique,11
133,Kern Canyon (north),-69,normal oblique,9
133,Kern Canyon (north),-68,normal oblique,5
133,Kern Canyon (north),-67,normal oblique,5
133,Kern Canyon (north),-66,normal oblique,4
133,Kern Canyon (north),-65,normal oblique,4
133,Kern Canyon (north),-64,normal oblique,3
133,Kern Canyon (north),-62,normal oblique,2
134,Kern Canyon (south),-90,normal,450
134,Kern Canyon (south),-87,normal,30
134,Kern Canyon (south),-86,normal,24
134,Kern Canyon (south),-85,normal,33
134,Kern Canyon (south),-84,normal,69
134,Kern Canyon (south),-83,normal,80
134,Kern Canyon (south),-82,normal,77
134,Kern Canyon (south),-81,normal,33
134,Kern Canyon (south),-80,normal,36
134,Kern Canyon (south),-79,normal,35
134,Kern Canyon (south),-78,normal,31
134,Kern Canyon (south),-77,normal,17
134,Kern Canyon (south),-76,normal,21
134,Kern Canyon (south),-75,normal,22
134,Kern Canyon (south),-74,normal,22
134,Kern Canyon (south),-73,normal,23
134,Kern Canyon (south),-72,normal,18
134,Kern Canyon (south),-71,normal,17
134,Kern Canyon (south),-70,normal oblique,22
134,Kern Canyon (south),-69,normal oblique,18
134,Kern Canyon (south),-68,normal oblique,12
134,Kern Canyon (south),-67,normal oblique,22
134,Kern Canyon (south),-66,normal oblique,8
134,Kern Canyon (south),-65,normal oblique,17
134,Kern Canyon (south),-64,normal oblique,12
134,Kern Canyon (south),-63,normal oblique,5
134,Kern Canyon (south),-62,normal oblique,6
134,Kern Canyon (south),-60,normal oblique,15
134,Kern Canyon (south),-59,normal oblique,5
134,Kern Canyon (south),-58,normal oblique,10
134,Kern Canyon (south),-56,normal oblique,10
134,Kern Canyon (south),-55,normal oblique,6
134,Kern Canyon (south),-53,normal oblique,5
134,Kern Canyon (south),-52,normal oblique,4
134,Kern Canyon (south),-50,normal oblique,14
134,Kern Canyon (south),-46,normal oblique,3
134,Kern Canyon (south),-43,normal oblique,4
134,Kern Canyon (south),-42,normal oblique,3
134,Kern Canyon (south),-38,normal oblique,4
134,Kern Canyon (south),-35,normal oblique,3
134,Kern Canyon (south),-30,normal oblique,2
134,Kern Canyon (south),-25,normal oblique,2
135,Kickapoo,180,strike-slip,120
136,King Range,90,reverse,77
136,King Range,100,reverse,7
136,King Range,102,reverse,6
136,King Range,104,reverse,5
136,King Range,105,reverse,7
136,King Range,107,reverse,10
136,King Range,109,reverse,7
136,King Range,110,reverse oblique,13
136,King Range,112,reverse oblique,9
136,King Range,114,reverse oblique,7
136,King Range,115,reverse oblique,4
136,King Range,116,reverse oblique,11
136,King Range,117,reverse oblique,6
136,King Range,118,reverse oblique,7
136,King Range,119,reverse oblique,8
136,King Range,122,reverse oblique,27
136,King Range,124,reverse oblique,4
136,King Range,125,reverse oblique,7
136,King Range,126,reverse oblique,11
136,King Range,127,reverse oblique,14
136,King Range,128,reverse oblique,4
136,King Range,129,reverse oblique,9
136,King Range,130,reverse oblique,4
136,King Range,131,reverse oblique,13
136,King Range,133,reverse oblique,10
136,King Range,134,reverse oblique,5
136,King Range,135,reverse oblique,7
136,King Range,136,reverse oblique,15
136,King Range,137,reverse oblique,4
136,King Range,138,reverse oblique,13
136,King Range,139,reverse oblique,7
136,King Range,140,reverse oblique,12
136,King Range,141,reverse oblique,21
136,King Range,142,reverse oblique,8
136,King Range,143,reverse oblique,8
136,King Range,144,reverse oblique,20
136,King Range,145,reverse oblique,11
136,King Range,146,reverse oblique,26
136,King Range,147,reverse oblique,13
136,King Range,148,reverse oblique,25
136,King Range,149,reverse oblique,15
136,King Range,150,reverse oblique,29
136,King Range,151,reverse oblique,16
136,King Range,152,reverse oblique,36
136,King Range,153,reverse oblique,31
136,King Range,154,reverse oblique,34
136,King Range,155,reverse oblique,29
136,King Range,156,reverse oblique,49
136,King Range,157,reverse oblique,34
136,King Range,158,reverse oblique,45
136,King Range,159,reverse oblique,40
136,King Range,160,strike-slip,59
136,King Range,161,strike-slip,51
136,King Range,162,strike-slip,62
136,King Range,163,strike-slip,72
136,King Range,164,strike-slip,84
136,King Range,165,strike-slip,84
136,King Range,166,strike-slip,114
136,King Range,167,strike-slip,97
136,King Range,168,strike-slip,130
136,King Range,169,strike-slip,126
136,King Range,170,strike-slip,179
136,King Range,171,strike-slip,199
136,King Range,172,strike-slip,382
136,King Range,173,strike-slip,506
136,King Range,174,strike-slip,1086
136,King Range,175,strike-slip,877
136,King Range,176,strike-slip,222
136,King Range,177,strike-slip,139
136,King Range,178,strike-slip,103
137,La Panza,135,reverse oblique,156
137,La Panza,151,reverse oblique,2
137,La Panza,156,reverse oblique,2
137,La Panza,159,reverse oblique,2
137,La Panza,162,strike-slip,4
137,La Panza,163,strike-slip,2
137,La Panza,164,strike-slip,4
137,La Panza,165,strike-slip,2
137,La Panza,166,strike-slip,2
137,La Panza,167,strike-slip,2
137,La Panza,168,strike-slip,4
137,La Panza,169,strike-slip,2
137,La Panza,170,strike-slip,4
137,La Panza,171,strike-slip,10
137,La Panza,172,strike-slip,44
137,La Panza,173,strike-slip,18
137,La Panza,174,strike-slip,26
137,La Panza,175,strike-slip,14
137,La Panza,176,strike-slip,26
137,La Panza,177,strike-slip,28
137,La Panza,178,strike-slip,52
138,Laguna Salada,-128,normal oblique,10
138,Laguna Salada,-125,normal oblique,9
138,Laguna Salada,-122,normal oblique,8
138,Laguna Salada,-119,normal oblique,7
138,Laguna Salada,-117,normal oblique,10
138,Laguna Salada,-115,normal oblique,15
138,Laguna Salada,-112,normal oblique,8
138,Laguna Salada,-111,normal oblique,5
138,Laguna Salada,-110,normal,7
138,Laguna Salada,-107,normal,10
138,Laguna Salada,-104,normal,5
138,Laguna Salada,-103,normal,3
138,Laguna Salada,-102,normal,4
138,Laguna Salada,-99,normal,5
138,Laguna Salada,-96,normal,2
138,Laguna Salada,180,strike-slip,665
139,Lake Isabella (seismicity),-85,normal,2
139,Lake Isabella (seismicity),-84,normal,18
139,Lake Isabella (seismicity),-83,normal,20
139,Lake Isabella (seismicity),-82,normal,20
139,Lake Isabella (seismicity),-81,normal,10
139,Lake Isabella (seismicity),-80,normal,10
139,Lake Isabella (seismicity),-79,normal,10
139,Lake Isabella (seismicity),-78,normal,14
139,Lake Isabella (seismicity),-77,normal,4
139,Lake Isabella (seismicity),-76,normal,7
139,Lake Isabella (seismicity),-75,normal,11
139,Lake Isabella (seismicity),-74,normal,13
139,Lake Isabella (seismicity),-73,normal,9
139,Lake Isabella (seismicity),-72,normal,12
139,Lake Isabella (seismicity),-71,normal,11
139,Lake Isabella (seismicity),-70,normal oblique,14
139,Lake Isabella (seismicity),-69,normal oblique,11
139,Lake Isabella (seismicity),-68,normal oblique,5
139,Lake Isabella (seismicity),-67,normal oblique,14
139,Lake Isabella (seismicity),-66,normal oblique,10
139,Lake Isabella (seismicity),-65,normal oblique,5
139,Lake Isabella (seismicity),-64,normal oblique,7
139,Lake Isabella (seismicity),-63,normal oblique,3
139,Lake Isabella (seismicity),-62,normal oblique,5
139,Lake Isabella (seismicity),-60,normal oblique,18
139,Lake Isabella (seismicity),-58,normal oblique,3
139,Lake Isabella (seismicity),-57,normal oblique,2
139,Lake Isabella (seismicity),-56,normal oblique,9
139,Lake Isabella (seismicity),-55,normal oblique,5
139,Lake Isabella (seismicity),-54,normal oblique,8
139,Lake Isabella (seismicity),-52,normal oblique,9
139,Lake Isabella (seismicity),-50,normal oblique,14
139,Lake Isabella (seismicity),-46,normal oblique,19
139,Lake Isabella (seismicity),-43,normal oblique,5
139,Lake Isabella (seismicity),-42,normal oblique,4
139,Lake Isabella (seismicity),-40,normal oblique,5
139,Lake Isabella (seismicity),-39,normal oblique,2
139,Lake Isabella (seismicity),-38,normal oblique,12
139,Lake Isabella (seismicity),-35,normal oblique,8
139,Lake Isabella (seismicity),-32,normal oblique,5
139,Lake Isabella (seismicity),-30,normal oblique,4
139,Lake Isabella (seismicity),-28,normal oblique,7
139,Lake Isabella (seismicity),-25,normal oblique,5
139,Lake Isabella (seismicity),-23,normal oblique,5
139,Lake Isabella (seismicity),-22,normal oblique,4
139,Lake Isabella (seismicity),-18,strike-slip,5
139,Lake Isabella (seismicity),-15,strike-slip,6
139,Lake Isabella (seismicity),-13,strike-slip,7
139,Lake Isabella (seismicity),-11,strike-slip,8
139,Lake Isabella (seismicity),0,strike-slip,112
140,Las Positas,45,reverse oblique,2
141,Last Chance,-90,normal,16
141,Last Chance,-74,normal,4
141,Last Chance,-69,normal oblique,3
141,Last Chance,-66,normal oblique,4
141,Last Chance,-60,normal oblique,9
141,Last Chance,-52,normal oblique,3
141,Last Chance,-49,normal oblique,2
142,Lenwood - Lockhart - Old Woman Springs,156,reverse oblique,2
142,Lenwood - Lockhart - Old Woman Springs,157,reverse oblique,3
142,Lenwood - Lockhart - Old Woman Springs,158,reverse oblique,4
142,Lenwood - Lockhart - Old Woman Springs,164,strike-slip,5
142,Lenwood - Lockhart - Old Woman Springs,165,strike-slip,4
142,Lenwood - Lockhart - Old Woman Springs,180,strike-slip,2430
143,Likely,180,strike-slip,1520
144,Lions Head,65,reverse oblique,2
144,Lions Head,68,reverse oblique,2
144,Lions Head,69,reverse oblique,3
144,Lions Head,71,reverse,2
144,Lions Head,72,reverse,3
144,Lions Head,74,reverse,2
144,Lions Head,75,reverse,7
144,Lions Head,80,reverse,2
144,Lions Head,81,reverse,7
144,Lions Head,82,reverse,5
144,Lions Head,83,reverse,4
144,Lions Head,84,reverse,9
144,Lions Head,85,reverse,5
144,Lions Head,86,reverse,4
144,Lions Head,87,reverse,9
144,Lions Head,90,reverse,489
144,Lions Head,95,reverse,4
144,Lions Head,97,reverse,8
144,Lions Head,98,reverse,4
144,Lions Head,99,reverse,8
144,Lions Head,100,reverse,15
144,Lions Head,101,reverse,11
144,Lions Head,102,reverse,18
144,Lions Head,103,reverse,17
144,Lions Head,104,reverse,30
144,Lions Head,106,reverse,28
144,Lions Head,107,reverse,18
144,Lions Head,108,reverse,8
144,Lions Head,109,reverse,25
144,Lions Head,110,reverse oblique,25
144,Lions Head,111,reverse oblique,11
144,Lions Head,112,reverse oblique,28
144,Lions Head,113,reverse oblique,15
144,Lions Head,114,reverse oblique,14
144,Lions Head,115,reverse oblique,19
144,Lions Head,116,reverse oblique,4
144,Lions Head,117,reverse oblique,43
144,Lions Head,119,reverse oblique,29
144,Lions Head,120,reverse oblique,19
144,Lions Head,121,reverse oblique,11
144,Lions Head,122,reverse oblique,32
144,Lions Head,123,reverse oblique,32
144,Lions Head,124,reverse oblique,28
144,Lions Head,125,reverse oblique,8
144,Lions Head,126,reverse oblique,32
144,Lions Head,127,reverse oblique,21
144,Lions Head,128,reverse oblique,42
144,Lions Head,129,reverse oblique,18
144,Lions Head,130,reverse oblique,43
144,Lions Head,131,reverse oblique,31
144,Lions Head,132,reverse oblique,32
144,Lions Head,133,reverse oblique,51
144,Lions Head,134,reverse oblique,8
144,Lions Head,136,reverse oblique,120
144,Lions Head,138,reverse oblique,51
144,Lions Head,139,reverse oblique,30
144,Lions Head,140,reverse oblique,46
144,Lions Head,141,reverse oblique,35
144,Lions Head,142,reverse oblique,53
144,Lions Head,143,reverse oblique,51
144,Lions Head,144,reverse oblique,50
144,Lions Head,145,reverse oblique,54
144,Lions Head,146,reverse oblique,55
144,Lions Head,147,reverse oblique,51
144,Lions Head,148,reverse oblique,58
144,Lions Head,149,reverse oblique,60
144,Lions Head,150,reverse oblique,75
144,Lions Head,151,reverse oblique,58
144,Lions Head,152,reverse oblique,82
144,Lions Head,153,reverse oblique,68
144,Lions Head,154,reverse oblique,110
144,Lions Head,155,reverse oblique,75
144,Lions Head,156,reverse oblique,95
144,Lions Head,157,reverse oblique,98
144,Lions Head,158,reverse oblique,118
144,Lions Head,159,reverse oblique,118
144,Lions Head,160,strike-slip,156
144,Lions Head,161,strike-slip,148
144,Lions Head,162,strike-slip,167
144,Lions Head,163,strike-slip,165
144,Lions Head,164,strike-slip,240
144,Lions Head,165,strike-slip,211
144,Lions Head,166,strike-slip,286
144,Lions Head,167,strike-slip,248
144,Lions Head,168,strike-slip,377
144,Lions Head,169,strike-slip,300
144,Lions Head,170,strike-slip,419
144,Lions Head,171,strike-slip,360
144,Lions Head,172,strike-slip,487
144,Lions Head,173,strike-slip,597
144,Lions Head,174,strike-slip,661
144,Lions Head,175,strike-slip,437
144,Lions Head,176,strike-slip,468
144,Lions Head,177,strike-slip,377
144,Lions Head,178,strike-slip,291
144,Lions Head,179,strike-slip,52
145,Little Lake,-156,normal oblique,7
145,Little Lake,-155,normal oblique,13
145,Little Lake,-154,normal oblique,18
145,Little Lake,-153,normal oblique,22
145,Little Lake,-152,normal oblique,25
145,Little Lake,-151,normal oblique,7
145,Little Lake,-150,normal oblique,27
145,Little Lake,-149,normal oblique,27
145,Little Lake,-148,normal oblique,15
145,Little Lake,-147,normal oblique,18
145,Little Lake,-146,normal oblique,27
145,Little Lake,-144,normal oblique,27
145,Little Lake,-143,normal oblique,5
145,Little Lake,-142,normal oblique,27
145,Little Lake,-141,normal oblique,7
145,Little Lake,-140,normal oblique,27
145,Little Lake,-138,normal oblique,20
145,Little Lake,-137,normal oblique,17
145,Little Lake,-136,normal oblique,2
145,Little Lake,-135,normal oblique,25
145,Little Lake,-133,normal oblique,12
145,Little Lake,-132,normal oblique,25
145,Little Lake,-131,normal oblique,5
145,Little Lake,-130,normal oblique,5
145,Little Lake,-129,normal oblique,22
145,Little Lake,-128,normal oblique,9
145,Little Lake,-126,normal oblique,20
145,Little Lake,-125,normal oblique,4
145,Little Lake,-124,normal oblique,5
145,Little Lake,-123,normal oblique,5
145,Little Lake,-122,normal oblique,16
145,Little Lake,-121,normal oblique,5
145,Little Lake,-119,normal oblique,5
145,Little Lake,-118,normal oblique,26
145,Little Lake,-115,normal oblique,9
145,Little Lake,-114,normal oblique,17
145,Little Lake,-112,normal oblique,11
145,Little Lake,-111,normal oblique,5
145,Little Lake,-110,normal,16
145,Little Lake,-109,normal,2
145,Little Lake,-108,normal,12
145,Little Lake,-107,normal,15
145,Little Lake,-106,normal,13
145,Little Lake,-105,normal,16
145,Little Lake,-104,normal,20
145,Little Lake,-103,normal,21
145,Little Lake,-102,normal,24
145,Little Lake,-101,normal,14
145,Little Lake,-100,normal,21
145,Little Lake,-99,normal,19
145,Little Lake,-98,normal,13
145,Little Lake,-97,normal,10
145,Little Lake,-96,normal,8
145,Little Lake,-95,normal,7
145,Little Lake,-94,normal,8
145,Little Lake,180,strike-slip,77
146,Little Salmon (offshore),90,reverse,34
147,Little Salmon (onshore),90,reverse,32
148,Los Alamos,38,reverse oblique,2
148,Los Alamos,40,reverse oblique,2
148,Los Alamos,43,reverse oblique,2
148,Los Alamos,44,reverse oblique,3
148,Los Alamos,45,reverse oblique,2
148,Los Alamos,46,reverse oblique,3
148,Los Alamos,48,reverse oblique,8
148,Los Alamos,50,reverse oblique,3
148,Los Alamos,51,reverse oblique,9
148,Los Alamos,52,reverse oblique,5
148,Los Alamos,53,reverse oblique,9
148,Los Alamos,54,reverse oblique,11
148,Los Alamos,55,reverse oblique,9
148,Los Alamos,56,reverse oblique,14
148,Los Alamos,57,reverse oblique,12
148,Los Alamos,58,reverse oblique,15
148,Los Alamos,59,reverse oblique,11
148,Los Alamos,60,reverse oblique,11
148,Los Alamos,61,reverse oblique,12
148,Los Alamos,62,reverse oblique,14
148,Los Alamos,63,reverse oblique,6
148,Los Alamos,64,reverse oblique,11
148,Los Alamos,65,reverse oblique,9
148,Los Alamos,66,reverse oblique,6
148,Los Alamos,67,reverse oblique,6
148,Los Alamos,68,reverse oblique,12
148,Los Alamos,69,reverse oblique,9
148,Los Alamos,70,reverse,6
148,Los Alamos,71,reverse,9
148,Los Alamos,72,reverse,15
148,Los Alamos,73,reverse,5
148,Los Alamos,74,reverse,14
148,Los Alamos,75,reverse,18
148,Los Alamos,76,reverse,13
148,Los Alamos,77,reverse,28
148,Los Alamos,78,reverse,23
148,Los Alamos,79,reverse,24
148,Los Alamos,80,reverse,30
148,Los Alamos,81,reverse,43
148,Los Alamos,82,reverse,49
148,Los Alamos,83,reverse,47
148,Los Alamos,84,reverse,74
148,Los Alamos,85,reverse,95
148,Los Alamos,86,reverse,119
148,Los Alamos,87,reverse,182
148,Los Alamos,88,reverse,116
148,Los Alamos,89,reverse,8
148,Los Alamos,90,reverse,1173
148,Los Alamos,91,reverse,26
148,Los Alamos,92,reverse,50
148,Los Alamos,93,reverse,46
148,Los Alamos,94,reverse,58
148,Los Alamos,95,reverse,54
148,Los Alamos,96,reverse,57
148,Los Alamos,97,reverse,52
148,Los Alamos,98,reverse,48
148,Los Alamos,99,reverse,28
148,Los Alamos,100,reverse,34
148,Los Alamos,101,reverse,16
148,Los Alamos,102,reverse,26
148,Los Alamos,103,reverse,10
148,Los Alamos,104,reverse,18
148,Los Alamos,105,reverse,3
148,Los Alamos,106,reverse,10
148,Los Alamos,107,reverse,21
148,Los Alamos,108,reverse,6
148,Los Alamos,109,reverse,9
148,Los Alamos,110,reverse oblique,16
148,Los Alamos,111,reverse oblique,12
148,Los Alamos,112,reverse oblique,3
148,Los Alamos,113,reverse oblique,21
148,Los Alamos,114,reverse oblique,10
148,Los Alamos,115,reverse oblique,9
148,Los Alamos,116,reverse oblique,12
148,Los Alamos,117,reverse oblique,16
148,Los Alamos,118,reverse oblique,9
148,Los Alamos,119,reverse oblique,12
148,Los Alamos,120,reverse oblique,9
148,Los Alamos,121,reverse oblique,19
148,Los Alamos,122,reverse oblique,15
148,Los Alamos,123,reverse oblique,15
148,Los Alamos,124,reverse oblique,22
148,Los Alamos,125,reverse oblique,12
148,Los Alamos,126,reverse oblique,23
148,Los Alamos,127,reverse oblique,14
148,Los Alamos,128,reverse oblique,21
148,Los Alamos,129,reverse oblique,16
148,Los Alamos,130,reverse oblique,9
148,Los Alamos,131,reverse oblique,12
148,Los Alamos,132,reverse oblique,16
148,Los Alamos,133,reverse oblique,9
148,Los Alamos,134,reverse oblique,19
148,Los Alamos,135,reverse oblique,3
148,Los Alamos,136,reverse oblique,19
148,Los Alamos,137,reverse oblique,9
148,Los Alamos,138,reverse oblique,13
148,Los Alamos,139,reverse oblique,6
148,Los Alamos,140,reverse oblique,4
148,Los Alamos,141,reverse oblique,6
148,Los Alamos,142,reverse oblique,10
148,Los Alamos,143,reverse oblique,10
148,Los Alamos,144,reverse oblique,6
148,Los Alamos,145,reverse oblique,10
148,Los Alamos,146,reverse oblique,10
148,Los Alamos,147,reverse oblique,11
148,Los Alamos,148,reverse oblique,8
148,Los Alamos,149,reverse oblique,6
148,Los Alamos,150,reverse oblique,5
148,Los Alamos,151,reverse oblique,5
148,Los Alamos,152,reverse oblique,7
148,Los Alamos,153,reverse oblique,8
148,Los Alamos,154,reverse oblique,3
148,Los Alamos,155,reverse oblique,8
148,Los Alamos,156,reverse oblique,10
148,Los Alamos,157,reverse oblique,8
148,Los Alamos,158,reverse oblique,10
148,Los Alamos,159,reverse oblique,4
148,Los Alamos,160,strike-slip,4
148,Los Alamos,161,strike-slip,4
148,Los Alamos,162,strike-slip,4
148,Los Alamos,163,strike-slip,2
149,Los Alamos (extension),23,reverse oblique,2
149,Los Alamos (extension),25,reverse oblique,2
149,Los Alamos (extension),26,reverse oblique,4
149,Los Alamos (extension),27,reverse oblique,6
149,Los Alamos (extension),28,reverse oblique,4
149,Los Alamos (extension),29,reverse oblique,10
149,Los Alamos (extension),30,reverse oblique,8
149,Los Alamos (extension),31,reverse oblique,10
149,Los Alamos (extension),32,reverse oblique,10
149,Los Alamos (extension),33,reverse oblique,8
149,Los Alamos (extension),34,reverse oblique,10
149,Los Alamos (extension),35,reverse oblique,8
149,Los Alamos (extension),36,reverse oblique,8
149,Los Alamos (extension),37,reverse oblique,6
149,Los Alamos (extension),38,reverse oblique,8
149,Los Alamos (extension),39,reverse oblique,10
149,Los Alamos (extension),40,reverse oblique,8
149,Los Alamos (extension),41,reverse oblique,6
149,Los Alamos (extension),42,reverse oblique,4
149,Los Alamos (extension),43,reverse oblique,4
149,Los Alamos (extension),44,reverse oblique,18
149,Los Alamos (extension),45,reverse oblique,4
149,Los Alamos (extension),46,reverse oblique,2
149,Los Alamos (extension),47,reverse oblique,10
149,Los Alamos (extension),48,reverse oblique,12
149,Los Alamos (extension),49,reverse oblique,2
149,Los Alamos (extension),50,reverse oblique,2
149,Los Alamos (extension),51,reverse oblique,8
149,Los Alamos (extension),52,reverse oblique,4
149,Los Alamos (extension),53,reverse oblique,8
149,Los Alamos (extension),54,reverse oblique,12
149,Los Alamos (extension),55,reverse oblique,10
149,Los Alamos (extension),56,reverse oblique,18
149,Los Alamos (extension),57,reverse oblique,16
149,Los Alamos (extension),58,reverse oblique,18
149,Los Alamos (extension),59,reverse oblique,16
149,Los Alamos (extension),60,reverse oblique,14
149,Los Alamos (extension),61,reverse oblique,12
149,Los Alamos (extension),62,reverse oblique,16
149,Los Alamos (extension),63,reverse oblique,10
149,Los Alamos (extension),64,reverse oblique,14
149,Los Alamos (extension),65,reverse oblique,8
149,Los Alamos (extension),66,reverse oblique,12
149,Los Alamos (extension),67,reverse oblique,14
149,Los Alamos (extension),68,reverse oblique,18
149,Los Alamos (extension),69,reverse oblique,14
149,Los Alamos (extension),70,reverse,26
149,Los Alamos (extension),71,reverse,38
149,Los Alamos (extension),72,reverse,46
149,Los Alamos (extension),73,reverse,32
149,Los Alamos (extension),74,reverse,50
149,Los Alamos (extension),75,reverse,40
149,Los Alamos (extension),76,reverse,58
149,Los Alamos (extension),77,reverse,74
149,Los Alamos (extension),78,reverse,100
149,Los Alamos (extension),79,reverse,98
149,Los Alamos (extension),80,reverse,166
149,Los Alamos (extension),81,reverse,166
149,Los Alamos (extension),82,reverse,290
149,Los Alamos (extension),83,reverse,244
149,Los Alamos (extension),84,reverse,316
149,Los Alamos (extension),85,reverse,272
149,Los Alamos (extension),86,reverse,324
149,Los Alamos (extension),87,reverse,312
149,Los Alamos (extension),88,reverse,268
149,Los Alamos (extension),89,reverse,36
149,Los Alamos (extension),90,reverse,1024
149,Los Alamos (extension),91,reverse,38
149,Los Alamos (extension),92,reverse,66
149,Los Alamos (extension),93,reverse,54
149,Los Alamos (extension),94,reverse,72
149,Los Alamos (extension),95,reverse,64
149,Los Alamos (extension),96,reverse,70
149,Los Alamos (extension),97,reverse,56
149,Los Alamos (extension),98,reverse,56
149,Los Alamos (extension),99,reverse,36
149,Los Alamos (extension),100,reverse,36
149,Los Alamos (extension),101,reverse,24
149,Los Alamos (extension),102,reverse,26
149,Los Alamos (extension),103,reverse,12
149,Los Alamos (extension),104,reverse,12
149,Los Alamos (extension),105,reverse,6
149,Los Alamos (extension),106,reverse,4
149,Los Alamos (extension),107,reverse,10
149,Los Alamos (extension),108,reverse,4
149,Los Alamos (extension),109,reverse,6
149,Los Alamos (extension),110,reverse oblique,4
149,Los Alamos (extension),111,reverse oblique,8
149,Los Alamos (extension),112,reverse oblique,2
149,Los Alamos (extension),113,reverse oblique,10
149,Los Alamos (extension),114,reverse oblique,4
149,Los Alamos (extension),115,reverse oblique,6
149,Los Alamos (extension),116,reverse oblique,4
149,Los Alamos (extension),117,reverse oblique,8
149,Los Alamos (extension),118,reverse oblique,6
149,Los Alamos (extension),119,reverse oblique,4
149,Los Alamos (extension),120,reverse oblique,6
149,Los Alamos (extension),121,reverse oblique,8
149,Los Alamos (extension),122,reverse oblique,8
149,Los Alamos (extension),123,reverse oblique,10
149,Los Alamos (extension),124,reverse oblique,8
149,Los Alamos (extension),125,reverse oblique,8
149,Los Alamos (extension),126,reverse oblique,10
149,Los Alamos (extension),127,reverse oblique,8
149,Los Alamos (extension),128,reverse oblique,10
149,Los Alamos (extension),129,reverse oblique,8
149,Los Alamos (extension),130,reverse oblique,6
149,Los Alamos (extension),131,reverse oblique,4
149,Los Alamos (extension),132,reverse oblique,6
149,Los Alamos (extension),133,reverse oblique,4
149,Los Alamos (extension),134,reverse oblique,6
149,Los Alamos (extension),135,reverse oblique,2
149,Los Alamos (extension),136,reverse oblique,6
149,Los Alamos (extension),137,reverse oblique,6
149,Los Alamos (extension),138,reverse oblique,4
149,Los Alamos (extension),139,reverse oblique,2
149,Los Alamos (extension),141,reverse oblique,2
149,Los Alamos (extension),142,reverse oblique,2
149,Los Alamos (extension),143,reverse oblique,2
149,Los Alamos (extension),144,reverse oblique,4
149,Los Alamos (extension),145,reverse oblique,2
149,Los Alamos (extension),146,reverse oblique,2
149,Los Alamos (extension),147,reverse oblique,4
149,Los Alamos (extension),148,reverse oblique,2
149,Los Alamos (extension),149,reverse oblique,2
150,Los Medanos - Roe Island,90,reverse,2
150,Los Medanos - Roe Island,96,reverse,2
150,Los Medanos - Roe Island,97,reverse,2
150,Los Medanos - Roe Island,99,reverse,2
150,Los Medanos - Roe Island,104,reverse,2
150,Los Medanos - Roe Island,108,reverse,2
150,Los Medanos - Roe Island,111,reverse oblique,4
150,Los Medanos - Roe Island,112,reverse oblique,2
150,Los Medanos - Roe Island,115,reverse oblique,2
150,Los Medanos - Roe Island,116,reverse oblique,2
150,Los Medanos - Roe Island,118,reverse oblique,2
150,Los Medanos - Roe Island,120,reverse oblique,4
150,Los Medanos - Roe Island,122,reverse oblique,2
150,Los Medanos - Roe Island,124,reverse oblique,6
150,Los Medanos - Roe Island,125,reverse oblique,2
150,Los Medanos - Roe Island,126,reverse oblique,2
150,Los Medanos - Roe Island,127,reverse oblique,2
150,Los Medanos - Roe Island,128,reverse oblique,2
150,Los Medanos - Roe Island,129,reverse oblique,2
150,Los Medanos - Roe Island,130,reverse oblique,2
150,Los Medanos - Roe Island,131,reverse oblique,2
150,Los Medanos - Roe Island,132,reverse oblique,2
150,Los Medanos - Roe Island,133,reverse oblique,2
150,Los Medanos - Roe Island,134,reverse oblique,8
150,Los Medanos - Roe Island,135,reverse oblique,4
150,Los Medanos - Roe Island,136,reverse oblique,4
150,Los Medanos - Roe Island,137,reverse oblique,4
150,Los Medanos - Roe Island,138,reverse oblique,2
150,Los Medanos - Roe Island,139,reverse oblique,10
150,Los Medanos - Roe Island,140,reverse oblique,2
150,Los Medanos - Roe Island,141,reverse oblique,14
150,Los Medanos - Roe Island,142,reverse oblique,4
150,Los Medanos - Roe Island,143,reverse oblique,8
150,Los Medanos - Roe Island,144,reverse oblique,8
150,Los Medanos - Roe Island,145,reverse oblique,10
150,Los Medanos - Roe Island,146,reverse oblique,8
150,Los Medanos - Roe Island,147,reverse oblique,14
150,Los Medanos - Roe Island,148,reverse oblique,12
150,Los Medanos - Roe Island,149,reverse oblique,10
150,Los Medanos - Roe Island,150,reverse oblique,16
150,Los Medanos - Roe Island,151,reverse oblique,12
150,Los Medanos - Roe Island,152,reverse oblique,22
150,Los Medanos - Roe Island,153,reverse oblique,20
150,Los Medanos - Roe Island,154,reverse oblique,24
150,Los Medanos - Roe Island,155,reverse oblique,26
150,Los Medanos - Roe Island,156,reverse oblique,26
150,Los Medanos - Roe Island,157,reverse oblique,28
150,Los Medanos - Roe Island,158,reverse oblique,36
150,Los Medanos - Roe Island,159,reverse oblique,26
150,Los Medanos - Roe Island,160,strike-slip,32
150,Los Medanos - Roe Island,161,strike-slip,30
150,Los Medanos - Roe Island,162,strike-slip,44
150,Los Medanos - Roe Island,163,strike-slip,28
150,Los Medanos - Roe Island,164,strike-slip,36
150,Los Medanos - Roe Island,165,strike-slip,30
150,Los Medanos - Roe Island,166,strike-slip,42
150,Los Medanos - Roe Island,167,strike-slip,34
150,Los Medanos - Roe Island,168,strike-slip,64
150,Los Medanos - Roe Island,169,strike-slip,68
150,Los Medanos - Roe Island,170,strike-slip,64
150,Los Medanos - Roe Island,171,strike-slip,4
150,Los Medanos - Roe Island,172,strike-slip,2
151,Los Osos,90,reverse,558
151,Los Osos,93,reverse,23
151,Los Osos,94,reverse,40
151,Los Osos,95,reverse,32
151,Los Osos,96,reverse,72
151,Los Osos,97,reverse,82
151,Los Osos,98,reverse,84
151,Los Osos,99,reverse,45
151,Los Osos,100,reverse,68
151,Los Osos,101,reverse,59
151,Los Osos,102,reverse,53
151,Los Osos,103,reverse,58
151,Los Osos,104,reverse,63
151,Los Osos,105,reverse,61
151,Los Osos,106,reverse,76
151,Los Osos,107,reverse,39
151,Los Osos,108,reverse,67
151,Los Osos,109,reverse,45
151,Los Osos,110,reverse oblique,83
151,Los Osos,111,reverse oblique,49
151,Los Osos,112,reverse oblique,48
151,Los Osos,113,reverse oblique,42
151,Los Osos,114,reverse oblique,66
151,Los Osos,115,reverse oblique,56
151,Los Osos,116,reverse oblique,53
151,Los Osos,117,reverse oblique,34
151,Los Osos,118,reverse oblique,92
151,Los Osos,119,reverse oblique,32
151,Los Osos,120,reverse oblique,77
151,Los Osos,121,reverse oblique,34
151,Los Osos,122,reverse oblique,73
151,Los Osos,123,reverse oblique,36
151,Los Osos,124,reverse oblique,89
151,Los Osos,125,reverse oblique,16
151,Los Osos,126,reverse oblique,102
151,Los Osos,127,reverse oblique,27
151,Los Osos,128,reverse oblique,79
151,Los Osos,129,reverse oblique,65
151,Los Osos,130,reverse oblique,46
151,Los Osos,131,reverse oblique,90
151,Los Osos,132,reverse oblique,51
151,Los Osos,133,reverse oblique,87
151,Los Osos,134,reverse oblique,49
151,Los Osos,135,reverse oblique,110
151,Los Osos,136,reverse oblique,35
151,Los Osos,137,reverse oblique,120
151,Los Osos,138,reverse oblique,49
151,Los Osos,139,reverse oblique,84
151,Los Osos,140,reverse oblique,83
151,Los Osos,141,reverse oblique,60
151,Los Osos,142,reverse oblique,101
151,Los Osos,143,reverse oblique,70
151,Los Osos,144,reverse oblique,102
151,Los Osos,145,reverse oblique,86
151,Los Osos,146,reverse oblique,73
151,Los Osos,147,reverse oblique,76
151,Los Osos,148,reverse oblique,116
151,Los Osos,149,reverse oblique,74
151,Los Osos,150,reverse oblique,107
151,Los Osos,151,reverse oblique,84
151,Los Osos,152,reverse oblique,101
151,Los Osos,153,reverse oblique,79
151,Los Osos,154,reverse oblique,106
151,Los Osos,155,reverse oblique,77
151,Los Osos,156,reverse oblique,99
151,Los Osos,157,reverse oblique,78
151,Los Osos,158,reverse oblique,73
151,Los Osos,159,reverse oblique,62
151,Los Osos,160,strike-slip,109
151,Los Osos,161,strike-slip,84
151,Los Osos,162,strike-slip,95
151,Los Osos,163,strike-slip,115
151,Los Osos,164,strike-slip,115
151,Los Osos,165,strike-slip,86
151,Los Osos,166,strike-slip,120
151,Los Osos,167,strike-slip,100
151,Los Osos,168,strike-slip,146
151,Los Osos,169,strike-slip,119
151,Los Osos,170,strike-slip,179
151,Los Osos,171,strike-slip,151
151,Los Osos,172,strike-slip,174
151,Los Osos,173,strike-slip,118
151,Los Osos,174,strike-slip,148
151,Los Osos,175,strike-slip,132
151,Los Osos,176,strike-slip,84
151,Los Osos,177,strike-slip,54
151,Los Osos,178,strike-slip,48
152,Lost Hills,90,reverse,30
153,Ludlow,180,strike-slip,982
154,"Lytle Creek (San Jacinto, connector)",0,strike-slip,102
154,"Lytle Creek (San Jacinto, connector)",64,reverse oblique,2
154,"Lytle Creek (San Jacinto, connector)",65,reverse oblique,4
154,"Lytle Creek (San Jacinto, connector)",66,reverse oblique,4
154,"Lytle Creek (San Jacinto, connector)",67,reverse oblique,7
154,"Lytle Creek (San Jacinto, connector)",68,reverse oblique,8
154,"Lytle Creek (San Jacinto, connector)",69,reverse oblique,10
154,"Lytle Creek (San Jacinto, connector)",70,reverse,10
154,"Lytle Creek (San Jacinto, connector)",71,reverse,5
154,"Lytle Creek (San Jacinto, connector)",72,reverse,7
154,"Lytle Creek (San Jacinto, connector)",73,reverse,8
154,"Lytle Creek (San Jacinto, connector)",74,reverse,11
154,"Lytle Creek (San Jacinto, connector)",75,reverse,12
154,"Lytle Creek (San Jacinto, connector)",76,reverse,6
154,"Lytle Creek (San Jacinto, connector)",77,reverse,12
154,"Lytle Creek (San Jacinto, connector)",78,reverse,3
154,"Lytle Creek (San Jacinto, connector)",79,reverse,3
154,"Lytle Creek (San Jacinto, connector)",80,reverse,6
154,"Lytle Creek (San Jacinto, connector)",81,reverse,9
154,"Lytle Creek (San Jacinto, connector)",82,reverse,9
154,"Lytle Creek (San Jacinto, connector)",83,reverse,9
154,"Lytle Creek (San Jacinto, connector)",84,reverse,15
154,"Lytle Creek (San Jacinto, connector)",85,reverse,13
154,"Lytle Creek (San Jacinto, connector)",86,reverse,8
154,"Lytle Creek (San Jacinto, connector)",87,reverse,12
154,"Lytle Creek (San Jacinto, connector)",88,reverse,12
154,"Lytle Creek (San Jacinto, connector)",89,reverse,19
154,"Lytle Creek (San Jacinto, connector)",90,reverse,15
154,"Lytle Creek (San Jacinto, connector)",91,reverse,12
154,"Lytle Creek (San Jacinto, connector)",92,reverse,21
154,"Lytle Creek (San Jacinto, connector)",93,reverse,25
154,"Lytle Creek (San Jacinto, connector)",94,reverse,40
154,"Lytle Creek (San Jacinto, connector)",95,reverse,58
154,"Lytle Creek (San Jacinto, connector)",96,reverse,33
154,"Lytle Creek (San Jacinto, connector)",97,reverse,27
154,"Lytle Creek (San Jacinto, connector)",98,reverse,29
154,"Lytle Creek (San Jacinto, connector)",99,reverse,44
154,"Lytle Creek (San Jacinto, connector)",100,reverse,26
154,"Lytle Creek (San Jacinto, connector)",101,reverse,20
154,"Lytle Creek (San Jacinto, connector)",102,reverse,41
154,"Lytle Creek (San Jacinto, connector)",103,reverse,42
154,"Lytle Creek (San Jacinto, connector)",104,reverse,32
154,"Lytle Creek (San Jacinto, connector)",105,reverse,24
154,"Lytle Creek (San Jacinto, connector)",106,reverse,42
154,"Lytle Creek (San Jacinto, connector)",107,reverse,26
154,"Lytle Creek (San Jacinto, connector)",108,reverse,51
154,"Lytle Creek (San Jacinto, connector)",109,reverse,39
154,"Lytle Creek (San Jacinto, connector)",110,reverse oblique,24
154,"Lytle Creek (San Jacinto, connector)",111,reverse oblique,21
154,"Lytle Creek (San Jacinto, connector)",112,reverse oblique,33
154,"Lytle Creek (San Jacinto, connector)",113,reverse oblique,24
154,"Lytle Creek (San Jacinto, connector)",114,reverse oblique,54
154,"Lytle Creek (San Jacinto, connector)",115,reverse oblique,30
154,"Lytle Creek (San Jacinto, connector)",116,reverse oblique,45
154,"Lytle Creek (San Jacinto, connector)",117,reverse oblique,27
154,"Lytle Creek (San Jacinto, connector)",118,reverse oblique,36
154,"Lytle Creek (San Jacinto, connector)",119,reverse oblique,54
154,"Lytle Creek (San Jacinto, connector)",120,reverse oblique,33
154,"Lytle Creek (San Jacinto, connector)",121,reverse oblique,45
154,"Lytle Creek (San Jacinto, connector)",122,reverse oblique,47
154,"Lytle Creek (San Jacinto, connector)",123,reverse oblique,42
154,"Lytle Creek (San Jacinto, connector)",124,reverse oblique,69
154,"Lytle Creek (San Jacinto, connector)",125,reverse oblique,39
154,"Lytle Creek (San Jacinto, connector)",126,reverse oblique,75
154,"Lytle Creek (San Jacinto, connector)",127,reverse oblique,66
154,"Lytle Creek (San Jacinto, connector)",128,reverse oblique,78
154,"Lytle Creek (San Jacinto, connector)",129,reverse oblique,48
154,"Lytle Creek (San Jacinto, connector)",130,reverse oblique,78
154,"Lytle Creek (San Jacinto, connector)",131,reverse oblique,63
154,"Lytle Creek (San Jacinto, connector)",132,reverse oblique,69
154,"Lytle Creek (San Jacinto, connector)",133,reverse oblique,68
154,"Lytle Creek (San Jacinto, connector)",134,reverse oblique,63
154,"Lytle Creek (San Jacinto, connector)",135,reverse oblique,66
154,"Lytle Creek (San Jacinto, connector)",136,reverse oblique,54
154,"Lytle Creek (San Jacinto, connector)",137,reverse oblique,48
154,"Lytle Creek (San Jacinto, connector)",138,reverse oblique,48
154,"Lytle Creek (San Jacinto, connector)",139,reverse oblique,60
154,"Lytle Creek (San Jacinto, connector)",140,reverse oblique,54
154,"Lytle Creek (San Jacinto, connector)",141,reverse oblique,60
154,"Lytle Creek (San Jacinto, connector)",142,reverse oblique,50
154,"Lytle Creek (San Jacinto, connector)",143,reverse oblique,42
154,"Lytle Creek (San Jacinto, connector)",144,reverse oblique,57
154,"Lytle Creek (San Jacinto, connector)",145,reverse oblique,54
154,"Lytle Creek (San Jacinto, connector)",146,reverse oblique,45
154,"Lytle Creek (San Jacinto, connector)",147,reverse oblique,42
154,"Lytle Creek (San Jacinto, connector)",148,reverse oblique,56
154,"Lytle Creek (San Jacinto, connector)",149,reverse oblique,42
154,"Lytle Creek (San Jacinto, connector)",150,reverse oblique,51
154,"Lytle Creek (San Jacinto, connector)",151,reverse oblique,42
154,"Lytle Creek (San Jacinto, connector)",152,reverse oblique,71
154,"Lytle Creek (San Jacinto, connector)",153,reverse oblique,48
154,"Lytle Creek (San Jacinto, connector)",154,reverse oblique,39
154,"Lytle Creek (San Jacinto, connector)",155,reverse oblique,39
154,"Lytle Creek (San Jacinto, connector)",156,reverse oblique,44
154,"Lytle Creek (San Jacinto, connector)",157,reverse oblique,36
154,"Lytle Creek (San Jacinto, connector)",158,reverse oblique,36
154,"Lytle Creek (San Jacinto, connector)",159,reverse oblique,41
154,"Lytle Creek (San Jacinto, connector)",160,strike-slip,36
154,"Lytle Creek (San Jacinto, connector)",161,strike-slip,32
154,"Lytle Creek (San Jacinto, connector)",162,strike-slip,39
154,"Lytle Creek (San Jacinto, connector)",163,strike-slip,35
154,"Lytle Creek (San Jacinto, connector)",164,strike-slip,39
154,"Lytle Creek (San Jacinto, connector)",165,strike-slip,30
154,"Lytle Creek (San Jacinto, connector)",166,strike-slip,39
154,"Lytle Creek (San Jacinto, connector)",167,strike-slip,33
154,"Lytle Creek (San Jacinto, connector)",168,strike-slip,48
154,"Lytle Creek (San Jacinto, connector)",169,strike-slip,44
154,"Lytle Creek (San Jacinto, connector)",170,strike-slip,54
154,"Lytle Creek (San Jacinto, connector)",171,strike-slip,69
154,"Lytle Creek (San Jacinto, connector)",172,strike-slip,148
154,"Lytle Creek (San Jacinto, connector)",173,strike-slip,201
154,"Lytle Creek (San Jacinto, connector)",174,strike-slip,451
154,"Lytle Creek (San Jacinto, connector)",175,strike-slip,319
154,"Lytle Creek (San Jacinto, connector)",176,strike-slip,337
154,"Lytle Creek (San Jacinto, connector)",177,strike-slip,573
154,"Lytle Creek (San Jacinto, connector)",178,strike-slip,730
154,"Lytle Creek (San Jacinto, connector)",179,strike-slip,4818
154,"Lytle Creek (San Jacinto, connector)",180,strike-slip,20318
155,Maacama,178,strike-slip,182
155,Maacama,179,strike-slip,1809
155,Maacama,180,strike-slip,27265
157,Mad River [1],90,reverse,35
157,Mad River [1],99,reverse,4
157,Mad River [1],100,reverse,5
157,Mad River [1],101,reverse,2
157,Mad River [1],102,reverse,4
157,Mad River [1],103,reverse,8
157,Mad River [1],105,reverse,2
157,Mad River [1],106,reverse,8
157,Mad River [1],107,reverse,2
157,Mad River [1],108,reverse,6
157,Mad River [1],109,reverse,6
157,Mad River [1],110,reverse oblique,3
157,Mad River [1],111,reverse oblique,4
157,Mad River [1],112,reverse oblique,2
157,Mad River [1],114,reverse oblique,13
157,Mad River [1],115,reverse oblique,11
157,Mad River [1],118,reverse oblique,4
157,Mad River [1],119,reverse oblique,11
157,Mad River [1],120,reverse oblique,4
157,Mad River [1],121,reverse oblique,7
157,Mad River [1],122,reverse oblique,2
157,Mad River [1],123,reverse oblique,5
157,Mad River [1],124,reverse oblique,8
157,Mad River [1],125,reverse oblique,8
157,Mad River [1],126,reverse oblique,6
157,Mad River [1],127,reverse oblique,4
157,Mad River [1],128,reverse oblique,8
157,Mad River [1],129,reverse oblique,4
157,Mad River [1],130,reverse oblique,7
157,Mad River [1],131,reverse oblique,4
157,Mad River [1],132,reverse oblique,11
157,Mad River [1],133,reverse oblique,11
157,Mad River [1],134,reverse oblique,4
157,Mad River [1],135,reverse oblique,7
157,Mad River [1],136,reverse oblique,13
157,Mad River [1],137,reverse oblique,2
157,Mad River [1],138,reverse oblique,13
157,Mad River [1],139,reverse oblique,6
157,Mad River [1],140,reverse oblique,9
157,Mad River [1],141,reverse oblique,8
157,Mad River [1],142,reverse oblique,7
157,Mad River [1],143,reverse oblique,14
157,Mad River [1],144,reverse oblique,4
157,Mad River [1],145,reverse oblique,7
157,Mad River [1],146,reverse oblique,14
157,Mad River [1],147,reverse oblique,8
157,Mad River [1],148,reverse oblique,14
157,Mad River [1],149,reverse oblique,2
157,Mad River [1],150,reverse oblique,7
157,Mad River [1],151,reverse oblique,14
157,Mad River [1],152,reverse oblique,5
157,Mad River [1],153,reverse oblique,18
157,Mad River [1],154,reverse oblique,18
157,Mad River [1],155,reverse oblique,12
157,Mad River [1],156,reverse oblique,14
157,Mad River [1],157,reverse oblique,9
157,Mad River [1],158,reverse oblique,31
157,Mad River [1],159,reverse oblique,18
157,Mad River [1],160,strike-slip,21
157,Mad River [1],161,strike-slip,16
157,Mad River [1],162,strike-slip,28
157,Mad River [1],163,strike-slip,18
157,Mad River [1],164,strike-slip,20
157,Mad River [1],165,strike-slip,21
157,Mad River [1],166,strike-slip,32
157,Mad River [1],167,strike-slip,12
157,Mad River [1],168,strike-slip,19
157,Mad River [1],169,strike-slip,21
157,Mad River [1],170,strike-slip,13
157,Mad River [1],171,strike-slip,6
157,Mad River [1],172,strike-slip,10
157,Mad River [1],173,strike-slip,12
158,Malibu Coast (extension) [1],30,reverse oblique,684
158,Malibu Coast (extension) [1],33,reverse oblique,39
158,Malibu Coast (extension) [1],34,reverse oblique,5
158,Malibu Coast (extension) [1],35,reverse oblique,105
158,Malibu Coast (extension) [1],36,reverse oblique,146
158,Malibu Coast (extension) [1],37,reverse oblique,281
158,Malibu Coast (extension) [1],38,reverse oblique,348
158,Malibu Coast (extension) [1],39,reverse oblique,174
158,Malibu Coast (extension) [1],40,reverse oblique,185
158,Malibu Coast (extension) [1],41,reverse oblique,175
158,Malibu Coast (extension) [1],42,reverse oblique,242
158,Malibu Coast (extension) [1],43,reverse oblique,247
158,Malibu Coast (extension) [1],44,reverse oblique,247
158,Malibu Coast (extension) [1],45,reverse oblique,234
158,Malibu Coast (extension) [1],46,reverse oblique,257
158,Malibu Coast (extension) [1],47,reverse oblique,212
158,Malibu Coast (extension) [1],48,reverse oblique,249
158,Malibu Coast (extension) [1],49,reverse oblique,242
158,Malibu Coast (extension) [1],50,reverse oblique,357
158,Malibu Coast (extension) [1],51,reverse oblique,381
158,Malibu Coast (extension) [1],52,reverse oblique,560
158,Malibu Coast (extension) [1],53,reverse oblique,406
158,Malibu Coast (extension) [1],54,reverse oblique,513
158,Malibu Coast (extension) [1],55,reverse oblique,453
158,Malibu Coast (extension) [1],56,reverse oblique,603
158,Malibu Coast (extension) [1],57,reverse oblique,440
158,Malibu Coast (extension) [1],58,reverse oblique,524
158,Malibu Coast (extension) [1],59,reverse oblique,374
158,Malibu Coast (extension) [1],60,reverse oblique,467
158,Malibu Coast (extension) [1],61,reverse oblique,338
158,Malibu Coast (extension) [1],62,reverse oblique,388
158,Malibu Coast (extension) [1],63,reverse oblique,322
158,Malibu Coast (extension) [1],64,reverse oblique,363
158,Malibu Coast (extension) [1],65,reverse oblique,301
158,Malibu Coast (extension) [1],66,reverse oblique,347
158,Malibu Coast (extension) [1],67,reverse oblique,289
158,Malibu Coast (extension) [1],68,reverse oblique,339
158,Malibu Coast (extension) [1],69,reverse oblique,174
158,Malibu Coast (extension) [1],70,reverse,304
158,Malibu Coast (extension) [1],71,reverse,186
158,Malibu Coast (extension) [1],72,reverse,287
158,Malibu Coast (extension) [1],73,reverse,269
158,Malibu Coast (extension) [1],74,reverse,331
158,Malibu Coast (extension) [1],75,reverse,248
158,Malibu Coast (extension) [1],76,reverse,270
158,Malibu Coast (extension) [1],77,reverse,168
158,Malibu Coast (extension) [1],78,reverse,203
158,Malibu Coast (extension) [1],79,reverse,120
158,Malibu Coast (extension) [1],80,reverse,226
158,Malibu Coast (extension) [1],81,reverse,134
158,Malibu Coast (extension) [1],82,reverse,168
158,Malibu Coast (extension) [1],83,reverse,120
158,Malibu Coast (extension) [1],84,reverse,121
158,Malibu Coast (extension) [1],85,reverse,98
158,Malibu Coast (extension) [1],86,reverse,79
158,Malibu Coast (extension) [1],87,reverse,48
158,Malibu Coast (extension) [1],88,reverse,53
158,Malibu Coast (extension) [1],89,reverse,30
158,Malibu Coast (extension) [1],90,reverse,22
158,Malibu Coast (extension) [1],91,reverse,25
158,Malibu Coast (extension) [1],92,reverse,28
158,Malibu Coast (extension) [1],93,reverse,25
158,Malibu Coast (extension) [1],94,reverse,7
158,Malibu Coast (extension) [1],95,reverse,15
158,Malibu Coast (extension) [1],96,reverse,37
158,Malibu Coast (extension) [1],97,reverse,25
158,Malibu Coast (extension) [1],98,reverse,13
158,Malibu Coast (extension) [1],99,reverse,25
158,Malibu Coast (extension) [1],100,reverse,21
158,Malibu Coast (extension) [1],101,reverse,13
158,Malibu Coast (extension) [1],102,reverse,20
158,Malibu Coast (extension) [1],103,reverse,26
158,Malibu Coast (extension) [1],104,reverse,23
158,Malibu Coast (extension) [1],105,reverse,9
158,Malibu Coast (extension) [1],106,reverse,37
158,Malibu Coast (extension) [1],107,reverse,6
158,Malibu Coast (extension) [1],108,reverse,14
158,Malibu Coast (extension) [1],109,reverse,23
158,Malibu Coast (extension) [1],110,reverse oblique,21
158,Malibu Coast (extension) [1],111,reverse oblique,23
158,Malibu Coast (extension) [1],112,reverse oblique,26
158,Malibu Coast (extension) [1],113,reverse oblique,17
158,Malibu Coast (extension) [1],114,reverse oblique,18
158,Malibu Coast (extension) [1],115,reverse oblique,32
158,Malibu Coast (extension) [1],116,reverse oblique,27
158,Malibu Coast (extension) [1],117,reverse oblique,17
158,Malibu Coast (extension) [1],118,reverse oblique,21
158,Malibu Coast (extension) [1],119,reverse oblique,19
158,Malibu Coast (extension) [1],120,reverse oblique,14
158,Malibu Coast (extension) [1],121,reverse oblique,20
158,Malibu Coast (extension) [1],122,reverse oblique,11
158,Malibu Coast (extension) [1],123,reverse oblique,13
158,Malibu Coast (extension) [1],124,reverse oblique,13
158,Malibu Coast (extension) [1],125,reverse oblique,14
158,Malibu Coast (extension) [1],126,reverse oblique,23
158,Malibu Coast (extension) [1],127,reverse oblique,18
158,Malibu Coast (extension) [1],128,reverse oblique,15
158,Malibu Coast (extension) [1],129,reverse oblique,12
158,Malibu Coast (extension) [1],130,reverse oblique,11
158,Malibu Coast (extension) [1],131,reverse oblique,6
158,Malibu Coast (extension) [1],132,reverse oblique,2
158,Malibu Coast (extension) [1],134,reverse oblique,12
158,Malibu Coast (extension) [1],135,reverse oblique,8
158,Malibu Coast (extension) [1],136,reverse oblique,7
158,Malibu Coast (extension) [1],137,reverse oblique,6
158,Malibu Coast (extension) [1],138,reverse oblique,14
158,Malibu Coast (extension) [1],139,reverse oblique,12
158,Malibu Coast (extension) [1],140,reverse oblique,13
158,Malibu Coast (extension) [1],141,reverse oblique,8
158,Malibu Coast (extension) [1],142,reverse oblique,26
158,Malibu Coast (extension) [1],143,reverse oblique,13
158,Malibu Coast (extension) [1],144,reverse oblique,8
158,Malibu Coast (extension) [1],145,reverse oblique,16
158,Malibu Coast (extension) [1],146,reverse oblique,14
158,Malibu Coast (extension) [1],147,reverse oblique,22
158,Malibu Coast (extension) [1],148,reverse oblique,19
158,Malibu Coast (extension) [1],149,reverse oblique,18
158,Malibu Coast (extension) [1],150,reverse oblique,26
158,Malibu Coast (extension) [1],151,reverse oblique,18
158,Malibu Coast (extension) [1],152,reverse oblique,26
158,Malibu Coast (extension) [1],153,reverse oblique,26
158,Malibu Coast (extension) [1],154,reverse oblique,32
158,Malibu Coast (extension) [1],155,reverse oblique,46
158,Malibu Coast (extension) [1],156,reverse oblique,57
158,Malibu Coast (extension) [1],157,reverse oblique,32
158,Malibu Coast (extension) [1],158,reverse oblique,14
158,Malibu Coast (extension) [1],159,reverse oblique,2
160,Malibu Coast [1],30,reverse oblique,1044
160,Malibu Coast [1],33,reverse oblique,60
160,Malibu Coast [1],34,reverse oblique,54
160,Malibu Coast [1],35,reverse oblique,298
160,Malibu Coast [1],36,reverse oblique,484
160,Malibu Coast [1],37,reverse oblique,609
160,Malibu Coast [1],38,reverse oblique,748
160,Malibu Coast [1],39,reverse oblique,423
160,Malibu Coast [1],40,reverse oblique,530
160,Malibu Coast [1],41,reverse oblique,511
160,Malibu Coast [1],42,reverse oblique,819
160,Malibu Coast [1],43,reverse oblique,806
160,Malibu Coast [1],44,reverse oblique,959
160,Malibu Coast [1],45,reverse oblique,817
160,Malibu Coast [1],46,reverse oblique,983
160,Malibu Coast [1],47,reverse oblique,854
160,Malibu Coast [1],48,reverse oblique,954
160,Malibu Coast [1],49,reverse oblique,803
160,Malibu Coast [1],50,reverse oblique,1070
160,Malibu Coast [1],51,reverse oblique,989
160,Malibu Coast [1],52,reverse oblique,1304
160,Malibu Coast [1],53,reverse oblique,1010
160,Malibu Coast [1],54,reverse oblique,1130
160,Malibu Coast [1],55,reverse oblique,842
160,Malibu Coast [1],56,reverse oblique,1172
160,Malibu Coast [1],57,reverse oblique,862
160,Malibu Coast [1],58,reverse oblique,939
160,Malibu Coast [1],59,reverse oblique,768
160,Malibu Coast [1],60,reverse oblique,878
160,Malibu Coast [1],61,reverse oblique,679
160,Malibu Coast [1],62,reverse oblique,819
160,Malibu Coast [1],63,reverse oblique,621
160,Malibu Coast [1],64,reverse oblique,757
160,Malibu Coast [1],65,reverse oblique,571
160,Malibu Coast [1],66,reverse oblique,666
160,Malibu Coast [1],67,reverse oblique,510
160,Malibu Coast [1],68,reverse oblique,603
160,Malibu Coast [1],69,reverse oblique,422
160,Malibu Coast [1],70,reverse,524
160,Malibu Coast [1],71,reverse,344
160,Malibu Coast [1],72,reverse,463
160,Malibu Coast [1],73,reverse,390
160,Malibu Coast [1],74,reverse,475
160,Malibu Coast [1],75,reverse,396
160,Malibu Coast [1],76,reverse,414
160,Malibu Coast [1],77,reverse,276
160,Malibu Coast [1],78,reverse,315
160,Malibu Coast [1],79,reverse,231
160,Malibu Coast [1],80,reverse,293
160,Malibu Coast [1],81,reverse,140
160,Malibu Coast [1],82,reverse,194
160,Malibu Coast [1],83,reverse,129
160,Malibu Coast [1],84,reverse,183
160,Malibu Coast [1],85,reverse,96
160,Malibu Coast [1],86,reverse,120
160,Malibu Coast [1],87,reverse,84
160,Malibu Coast [1],88,reverse,106
160,Malibu Coast [1],89,reverse,89
160,Malibu Coast [1],90,reverse,82
160,Malibu Coast [1],91,reverse,79
160,Malibu Coast [1],92,reverse,95
160,Malibu Coast [1],93,reverse,76
160,Malibu Coast [1],94,reverse,68
160,Malibu Coast [1],95,reverse,54
160,Malibu Coast [1],96,reverse,107
160,Malibu Coast [1],97,reverse,84
160,Malibu Coast [1],98,reverse,45
160,Malibu Coast [1],99,reverse,84
160,Malibu Coast [1],100,reverse,69
160,Malibu Coast [1],101,reverse,57
160,Malibu Coast [1],102,reverse,83
160,Malibu Coast [1],103,reverse,82
160,Malibu Coast [1],104,reverse,63
160,Malibu Coast [1],105,reverse,54
160,Malibu Coast [1],106,reverse,91
160,Malibu Coast [1],107,reverse,15
160,Malibu Coast [1],108,reverse,56
160,Malibu Coast [1],109,reverse,68
160,Malibu Coast [1],110,reverse oblique,65
160,Malibu Coast [1],111,reverse oblique,48
160,Malibu Coast [1],112,reverse oblique,67
160,Malibu Coast [1],113,reverse oblique,74
160,Malibu Coast [1],114,reverse oblique,58
160,Malibu Coast [1],115,reverse oblique,76
160,Malibu Coast [1],116,reverse oblique,83
160,Malibu Coast [1],117,reverse oblique,62
160,Malibu Coast [1],118,reverse oblique,79
160,Malibu Coast [1],119,reverse oblique,60
160,Malibu Coast [1],120,reverse oblique,80
160,Malibu Coast [1],121,reverse oblique,72
160,Malibu Coast [1],122,reverse oblique,58
160,Malibu Coast [1],123,reverse oblique,54
160,Malibu Coast [1],124,reverse oblique,84
160,Malibu Coast [1],125,reverse oblique,49
160,Malibu Coast [1],126,reverse oblique,100
160,Malibu Coast [1],127,reverse oblique,60
160,Malibu Coast [1],128,reverse oblique,57
160,Malibu Coast [1],129,reverse oblique,58
160,Malibu Coast [1],130,reverse oblique,66
160,Malibu Coast [1],131,reverse oblique,52
160,Malibu Coast [1],132,reverse oblique,56
160,Malibu Coast [1],133,reverse oblique,36
160,Malibu Coast [1],134,reverse oblique,61
160,Malibu Coast [1],135,reverse oblique,44
160,Malibu Coast [1],136,reverse oblique,68
160,Malibu Coast [1],137,reverse oblique,54
160,Malibu Coast [1],138,reverse oblique,60
160,Malibu Coast [1],139,reverse oblique,44
160,Malibu Coast [1],140,reverse oblique,64
160,Malibu Coast [1],141,reverse oblique,46
160,Malibu Coast [1],142,reverse oblique,51
160,Malibu Coast [1],143,reverse oblique,61
160,Malibu Coast [1],144,reverse oblique,40
160,Malibu Coast [1],145,reverse oblique,49
160,Malibu Coast [1],146,reverse oblique,58
160,Malibu Coast [1],147,reverse oblique,74
160,Malibu Coast [1],148,reverse oblique,60
160,Malibu Coast [1],149,reverse oblique,60
160,Malibu Coast [1],150,reverse oblique,81
160,Malibu Coast [1],151,reverse oblique,66
160,Malibu Coast [1],152,reverse oblique,81
160,Malibu Coast [1],153,reverse oblique,71
160,Malibu Coast [1],154,reverse oblique,84
160,Malibu Coast [1],155,reverse oblique,119
160,Malibu Coast [1],156,reverse oblique,146
160,Malibu Coast [1],157,reverse oblique,113
160,Malibu Coast [1],158,reverse oblique,116
160,Malibu Coast [1],159,reverse oblique,78
160,Malibu Coast [1],160,strike-slip,80
160,Malibu Coast [1],161,strike-slip,40
160,Malibu Coast [1],162,strike-slip,28
160,Malibu Coast [1],163,strike-slip,2
162,Manix - Afton Hills,0,strike-slip,261
162,Manix - Afton Hills,180,strike-slip,7
163,McKinleyville [1],90,reverse,56
163,McKinleyville [1],99,reverse,10
163,McKinleyville [1],100,reverse,5
163,McKinleyville [1],101,reverse,8
163,McKinleyville [1],103,reverse,18
163,McKinleyville [1],104,reverse,4
163,McKinleyville [1],106,reverse,13
163,McKinleyville [1],107,reverse,6
163,McKinleyville [1],108,reverse,7
163,McKinleyville [1],109,reverse,8
163,McKinleyville [1],110,reverse oblique,9
163,McKinleyville [1],111,reverse oblique,14
163,McKinleyville [1],112,reverse oblique,4
163,McKinleyville [1],114,reverse oblique,2
163,McKinleyville [1],115,reverse oblique,24
163,McKinleyville [1],116,reverse oblique,14
163,McKinleyville [1],118,reverse oblique,2
163,McKinleyville [1],119,reverse oblique,16
163,McKinleyville [1],120,reverse oblique,13
163,McKinleyville [1],121,reverse oblique,6
163,McKinleyville [1],122,reverse oblique,8
163,McKinleyville [1],123,reverse oblique,11
163,McKinleyville [1],124,reverse oblique,11
163,McKinleyville [1],125,reverse oblique,12
163,McKinleyville [1],126,reverse oblique,8
163,McKinleyville [1],127,reverse oblique,8
163,McKinleyville [1],128,reverse oblique,13
163,McKinleyville [1],129,reverse oblique,11
163,McKinleyville [1],130,reverse oblique,14
163,McKinleyville [1],131,reverse oblique,13
163,McKinleyville [1],132,reverse oblique,6
163,McKinleyville [1],133,reverse oblique,20
163,McKinleyville [1],134,reverse oblique,16
163,McKinleyville [1],135,reverse oblique,6
163,McKinleyville [1],136,reverse oblique,18
163,McKinleyville [1],137,reverse oblique,7
163,McKinleyville [1],138,reverse oblique,20
163,McKinleyville [1],139,reverse oblique,11
163,McKinleyville [1],140,reverse oblique,12
163,McKinleyville [1],141,reverse oblique,12
163,McKinleyville [1],142,reverse oblique,26
163,McKinleyville [1],143,reverse oblique,9
163,McKinleyville [1],144,reverse oblique,18
163,McKinleyville [1],145,reverse oblique,2
163,McKinleyville [1],146,reverse oblique,26
163,McKinleyville [1],147,reverse oblique,2
163,McKinleyville [1],148,reverse oblique,26
163,McKinleyville [1],149,reverse oblique,2
163,McKinleyville [1],150,reverse oblique,17
163,McKinleyville [1],151,reverse oblique,12
163,McKinleyville [1],152,reverse oblique,13
163,McKinleyville [1],153,reverse oblique,18
163,McKinleyville [1],154,reverse oblique,13
163,McKinleyville [1],155,reverse oblique,34
163,McKinleyville [1],156,reverse oblique,18
163,McKinleyville [1],157,reverse oblique,16
163,McKinleyville [1],158,reverse oblique,22
163,McKinleyville [1],159,reverse oblique,24
163,McKinleyville [1],160,strike-slip,39
163,McKinleyville [1],161,strike-slip,15
163,McKinleyville [1],162,strike-slip,30
163,McKinleyville [1],163,strike-slip,30
163,McKinleyville [1],164,strike-slip,28
163,McKinleyville [1],165,strike-slip,16
163,McKinleyville [1],166,strike-slip,26
163,McKinleyville [1],167,strike-slip,12
163,McKinleyville [1],168,strike-slip,10
163,McKinleyville [1],169,strike-slip,19
163,McKinleyville [1],170,strike-slip,21
163,McKinleyville [1],171,strike-slip,4
163,McKinleyville [1],172,strike-slip,8
163,McKinleyville [1],173,strike-slip,12
163,McKinleyville [1],174,strike-slip,2
164,McLean Lake,0,strike-slip,264
165,Mendocino,100,reverse,2
165,Mendocino,102,reverse,2
165,Mendocino,104,reverse,2
165,Mendocino,105,reverse,3
165,Mendocino,107,reverse,5
165,Mendocino,109,reverse,4
165,Mendocino,110,reverse oblique,3
165,Mendocino,112,reverse oblique,6
165,Mendocino,114,reverse oblique,5
165,Mendocino,115,reverse oblique,3
165,Mendocino,116,reverse oblique,4
165,Mendocino,117,reverse oblique,5
165,Mendocino,118,reverse oblique,6
165,Mendocino,122,reverse oblique,27
165,Mendocino,124,reverse oblique,2
165,Mendocino,125,reverse oblique,8
165,Mendocino,126,reverse oblique,13
165,Mendocino,128,reverse oblique,5
165,Mendocino,129,reverse oblique,12
165,Mendocino,130,reverse oblique,3
165,Mendocino,131,reverse oblique,11
165,Mendocino,133,reverse oblique,9
165,Mendocino,134,reverse oblique,8
165,Mendocino,135,reverse oblique,4
165,Mendocino,136,reverse oblique,13
165,Mendocino,137,reverse oblique,7
165,Mendocino,138,reverse oblique,9
165,Mendocino,139,reverse oblique,7
165,Mendocino,140,reverse oblique,11
165,Mendocino,141,reverse oblique,30
165,Mendocino,142,reverse oblique,6
165,Mendocino,143,reverse oblique,10
165,Mendocino,144,reverse oblique,30
165,Mendocino,145,reverse oblique,16
165,Mendocino,146,reverse oblique,29
165,Mendocino,147,reverse oblique,23
165,Mendocino,148,reverse oblique,40
165,Mendocino,149,reverse oblique,25
165,Mendocino,150,reverse oblique,42
165,Mendocino,151,reverse oblique,25
165,Mendocino,152,reverse oblique,67
165,Mendocino,153,reverse oblique,57
165,Mendocino,154,reverse oblique,69
165,Mendocino,155,reverse oblique,54
165,Mendocino,156,reverse oblique,99
165,Mendocino,157,reverse oblique,76
165,Mendocino,158,reverse oblique,101
165,Mendocino,159,reverse oblique,103
165,Mendocino,160,strike-slip,153
165,Mendocino,161,strike-slip,114
165,Mendocino,162,strike-slip,180
165,Mendocino,163,strike-slip,202
165,Mendocino,164,strike-slip,260
165,Mendocino,165,strike-slip,274
165,Mendocino,166,strike-slip,400
165,Mendocino,167,strike-slip,367
165,Mendocino,168,strike-slip,524
165,Mendocino,169,strike-slip,488
165,Mendocino,170,strike-slip,729
165,Mendocino,171,strike-slip,614
165,Mendocino,172,strike-slip,1597
165,Mendocino,173,strike-slip,2448
165,Mendocino,174,strike-slip,5421
165,Mendocino,175,strike-slip,5706
165,Mendocino,176,strike-slip,13231
165,Mendocino,177,strike-slip,12406
165,Mendocino,178,strike-slip,23330
165,Mendocino,179,strike-slip,63286
165,Mendocino,180,strike-slip,179393
166,"Mill Creek (San Andreas, north branch)",0,strike-slip,200
166,"Mill Creek (San Andreas, north branch)",102,reverse,2
166,"Mill Creek (San Andreas, north branch)",104,reverse,2
166,"Mill Creek (San Andreas, north branch)",105,reverse,2
166,"Mill Creek (San Andreas, north branch)",106,reverse,7
166,"Mill Creek (San Andreas, north branch)",107,reverse,3
166,"Mill Creek (San Andreas, north branch)",108,reverse,3
166,"Mill Creek (San Andreas, north branch)",109,reverse,7
166,"Mill Creek (San Andreas, north branch)",110,reverse oblique,7
166,"Mill Creek (San Andreas, north branch)",111,reverse oblique,4
166,"Mill Creek (San Andreas, north branch)",112,reverse oblique,6
166,"Mill Creek (San Andreas, north branch)",113,reverse oblique,11
166,"Mill Creek (San Andreas, north branch)",114,reverse oblique,7
166,"Mill Creek (San Andreas, north branch)",116,reverse oblique,13
166,"Mill Creek (San Andreas, north branch)",117,reverse oblique,11
166,"Mill Creek (San Andreas, north branch)",118,reverse oblique,19
166,"Mill Creek (San Andreas, north branch)",119,reverse oblique,11
166,"Mill Creek (San Andreas, north branch)",120,reverse oblique,4
166,"Mill Creek (San Andreas, north branch)",121,reverse oblique,7
166,"Mill Creek (San Andreas, north branch)",122,reverse oblique,20
166,"Mill Creek (San Andreas, north branch)",123,reverse oblique,12
166,"Mill Creek (San Andreas, north branch)",124,reverse oblique,8
166,"Mill Creek (San Andreas, north branch)",125,reverse oblique,7
166,"Mill Creek (San Andreas, north branch)",126,reverse oblique,15
166,"Mill Creek (San Andreas, north branch)",127,reverse oblique,13
166,"Mill Creek (San Andreas, north branch)",128,reverse oblique,19
166,"Mill Creek (San Andreas, north branch)",129,reverse oblique,15
166,"Mill Creek (San Andreas, north branch)",130,reverse oblique,24
166,"Mill Creek (San Andreas, north branch)",131,reverse oblique,12
166,"Mill Creek (San Andreas, north branch)",132,reverse oblique,33
166,"Mill Creek (San Andreas, north branch)",133,reverse oblique,8
166,"Mill Creek (San Andreas, north branch)",134,reverse oblique,18
166,"Mill Creek (San Andreas, north branch)",135,reverse oblique,37
166,"Mill Creek (San Andreas, north branch)",136,reverse oblique,9
166,"Mill Creek (San Andreas, north branch)",137,reverse oblique,12
166,"Mill Creek (San Andreas, north branch)",138,reverse oblique,36
166,"Mill Creek (San Andreas, north branch)",139,reverse oblique,33
166,"Mill Creek (San Andreas, north branch)",140,reverse oblique,31
166,"Mill Creek (San Andreas, north branch)",141,reverse oblique,43
166,"Mill Creek (San Andreas, north branch)",142,reverse oblique,22
166,"Mill Creek (San Andreas, north branch)",143,reverse oblique,51
166,"Mill Creek (San Andreas, north branch)",144,reverse oblique,58
166,"Mill Creek (San Andreas, north branch)",145,reverse oblique,63
166,"Mill Creek (San Andreas, north branch)",146,reverse oblique,67
166,"Mill Creek (San Andreas, north branch)",147,reverse oblique,79
166,"Mill Creek (San Andreas, north branch)",148,reverse oblique,79
166,"Mill Creek (San Andreas, north branch)",149,reverse oblique,107
166,"Mill Creek (San Andreas, north branch)",150,reverse oblique,87
166,"Mill Creek (San Andreas, north branch)",151,reverse oblique,65
166,"Mill Creek (San Andreas, north branch)",152,reverse oblique,93
166,"Mill Creek (San Andreas, north branch)",153,reverse oblique,90
166,"Mill Creek (San Andreas, north branch)",154,reverse oblique,225
166,"Mill Creek (San Andreas, north branch)",155,reverse oblique,85
166,"Mill Creek (San Andreas, north branch)",156,reverse oblique,234
166,"Mill Creek (San Andreas, north branch)",157,reverse oblique,90
166,"Mill Creek (San Andreas, north branch)",158,reverse oblique,238
166,"Mill Creek (San Andreas, north branch)",159,reverse oblique,109
166,"Mill Creek (San Andreas, north branch)",160,strike-slip,171
166,"Mill Creek (San Andreas, north branch)",161,strike-slip,198
166,"Mill Creek (San Andreas, north branch)",162,strike-slip,150
166,"Mill Creek (San Andreas, north branch)",163,strike-slip,147
166,"Mill Creek (San Andreas, north branch)",164,strike-slip,222
166,"Mill Creek (San Andreas, north branch)",165,strike-slip,270
166,"Mill Creek (San Andreas, north branch)",166,strike-slip,338
166,"Mill Creek (San Andreas, north branch)",167,strike-slip,358
166,"Mill Creek (San Andreas, north branch)",168,strike-slip,439
166,"Mill Creek (San Andreas, north branch)",169,strike-slip,312
166,"Mill Creek (San Andreas, north branch)",170,strike-slip,506
166,"Mill Creek (San Andreas, north branch)",171,strike-slip,550
166,"Mill Creek (San Andreas, north branch)",172,strike-slip,1132
166,"Mill Creek (San Andreas, north branch)",173,strike-slip,2157
166,"Mill Creek (San Andreas, north branch)",174,strike-slip,3594
166,"Mill Creek (San Andreas, north branch)",175,strike-slip,2293
166,"Mill Creek (San Andreas, north branch)",176,strike-slip,1861
166,"Mill Creek (San Andreas, north branch)",177,strike-slip,2793
166,"Mill Creek (San Andreas, north branch)",178,strike-slip,3427
166,"Mill Creek (San Andreas, north branch)",179,strike-slip,19511
166,"Mill Creek (San Andreas, north branch)",180,strike-slip,99865
167,Mission (connected),161,strike-slip,2
167,Mission (connected),162,strike-slip,3
167,Mission (connected),163,strike-slip,6
167,Mission (connected),164,strike-slip,14
167,Mission (connected),165,strike-slip,18
167,Mission (connected),166,strike-slip,30
167,Mission (connected),167,strike-slip,43
167,Mission (connected),168,strike-slip,49
167,Mission (connected),169,strike-slip,217
167,Mission (connected),170,strike-slip,132
167,Mission (connected),171,strike-slip,75
167,Mission (connected),172,strike-slip,341
167,Mission (connected),173,strike-slip,65
167,Mission (connected),174,strike-slip,657
167,Mission (connected),175,strike-slip,411
167,Mission (connected),176,strike-slip,172
167,Mission (connected),177,strike-slip,211
167,Mission (connected),178,strike-slip,263
167,Mission (connected),179,strike-slip,199
167,Mission (connected),180,strike-slip,32240
168,Mission Creek,0,strike-slip,22
168,Mission Creek,115,reverse oblique,2
168,Mission Creek,122,reverse oblique,2
168,Mission Creek,124,reverse oblique,2
168,Mission Creek,125,reverse oblique,3
168,Mission Creek,127,reverse oblique,3
168,Mission Creek,128,reverse oblique,2
168,Mission Creek,130,reverse oblique,4
168,Mission Creek,131,reverse oblique,5
168,Mission Creek,134,reverse oblique,9
168,Mission Creek,137,reverse oblique,9
168,Mission Creek,140,reverse oblique,7
168,Mission Creek,141,reverse oblique,2
168,Mission Creek,143,reverse oblique,2
168,Mission Creek,144,reverse oblique,7
168,Mission Creek,146,reverse oblique,2
168,Mission Creek,147,reverse oblique,7
168,Mission Creek,148,reverse oblique,2
168,Mission Creek,149,reverse oblique,3
168,Mission Creek,150,reverse oblique,4
168,Mission Creek,151,reverse oblique,7
168,Mission Creek,154,reverse oblique,4
168,Mission Creek,156,reverse oblique,2
168,Mission Creek,158,reverse oblique,3
168,Mission Creek,160,strike-slip,4
168,Mission Creek,162,strike-slip,2
168,Mission Creek,164,strike-slip,3
168,Mission Creek,165,strike-slip,6
168,Mission Creek,166,strike-slip,7
168,Mission Creek,167,strike-slip,18
168,Mission Creek,168,strike-slip,9
168,Mission Creek,169,strike-slip,13
168,Mission Creek,170,strike-slip,27
168,Mission Creek,171,strike-slip,24
168,Mission Creek,172,strike-slip,56
168,Mission Creek,173,strike-slip,100
168,Mission Creek,174,strike-slip,208
168,Mission Creek,175,strike-slip,56
168,Mission Creek,176,strike-slip,36
168,Mission Creek,177,strike-slip,63
168,Mission Creek,178,strike-slip,63
168,Mission Creek,179,strike-slip,428
168,Mission Creek,180,strike-slip,1963
169,Mission Hills,70,reverse,2
169,Mission Hills,72,reverse,2
169,Mission Hills,73,reverse,4
169,Mission Hills,74,reverse,4
169,Mission Hills,75,reverse,8
169,Mission Hills,76,reverse,6
169,Mission Hills,77,reverse,12
169,Mission Hills,78,reverse,4
169,Mission Hills,79,reverse,10
169,Mission Hills,80,reverse,12
169,Mission Hills,81,reverse,6
169,Mission Hills,82,reverse,16
169,Mission Hills,83,reverse,10
169,Mission Hills,84,reverse,12
169,Mission Hills,85,reverse,24
169,Mission Hills,86,reverse,18
169,Mission Hills,87,reverse,26
169,Mission Hills,88,reverse,4
169,Mission Hills,90,reverse,332
169,Mission Hills,94,reverse,4
169,Mission Hills,96,reverse,2
169,Mission Hills,97,reverse,6
169,Mission Hills,100,reverse,4
169,Mission Hills,101,reverse,2
169,Mission Hills,102,reverse,2
169,Mission Hills,104,reverse,2
169,Mission Hills,106,reverse,2
169,Mission Hills,107,reverse,2
169,Mission Hills,108,reverse,2
169,Mission Hills,109,reverse,2
169,Mission Hills,111,reverse oblique,4
169,Mission Hills,112,reverse oblique,2
169,Mission Hills,114,reverse oblique,2
169,Mission Hills,116,reverse oblique,2
169,Mission Hills,119,reverse oblique,4
169,Mission Hills,121,reverse oblique,4
169,Mission Hills,123,reverse oblique,2
169,Mission Hills,126,reverse oblique,2
169,Mission Hills,128,reverse oblique,4
169,Mission Hills,130,reverse oblique,2
169,Mission Hills,131,reverse oblique,2
169,Mission Hills,132,reverse oblique,2
169,Mission Hills,133,reverse oblique,2
169,Mission Hills,134,reverse oblique,2
169,Mission Hills,135,reverse oblique,2
169,Mission Hills,136,reverse oblique,2
169,Mission Hills,138,reverse oblique,2
169,Mission Hills,139,reverse oblique,4
169,Mission Hills,140,reverse oblique,2
169,Mission Hills,141,reverse oblique,6
169,Mission Hills,142,reverse oblique,6
169,Mission Hills,143,reverse oblique,4
169,Mission Hills,144,reverse oblique,2
169,Mission Hills,145,reverse oblique,2
169,Mission Hills,146,reverse oblique,2
170,Mission Ridge - Arroyo Parida - Santa Ana,47,reverse oblique,2
170,Mission Ridge - Arroyo Parida - Santa Ana,50,reverse oblique,3
170,Mission Ridge - Arroyo Parida - Santa Ana,52,reverse oblique,4
170,Mission Ridge - Arroyo Parida - Santa Ana,54,reverse oblique,5
170,Mission Ridge - Arroyo Parida - Santa Ana,56,reverse oblique,6
170,Mission Ridge - Arroyo Parida - Santa Ana,58,reverse oblique,11
170,Mission Ridge - Arroyo Parida - Santa Ana,59,reverse oblique,3
170,Mission Ridge - Arroyo Parida - Santa Ana,60,reverse oblique,12
170,Mission Ridge - Arroyo Parida - Santa Ana,61,reverse oblique,19
170,Mission Ridge - Arroyo Parida - Santa Ana,62,reverse oblique,36
170,Mission Ridge - Arroyo Parida - Santa Ana,63,reverse oblique,45
170,Mission Ridge - Arroyo Parida - Santa Ana,64,reverse oblique,34
170,Mission Ridge - Arroyo Parida - Santa Ana,65,reverse oblique,84
170,Mission Ridge - Arroyo Parida - Santa Ana,66,reverse oblique,101
170,Mission Ridge - Arroyo Parida - Santa Ana,67,reverse oblique,62
170,Mission Ridge - Arroyo Parida - Santa Ana,68,reverse oblique,141
170,Mission Ridge - Arroyo Parida - Santa Ana,69,reverse oblique,119
170,Mission Ridge - Arroyo Parida - Santa Ana,70,reverse,154
170,Mission Ridge - Arroyo Parida - Santa Ana,71,reverse,128
170,Mission Ridge - Arroyo Parida - Santa Ana,72,reverse,159
170,Mission Ridge - Arroyo Parida - Santa Ana,73,reverse,191
170,Mission Ridge - Arroyo Parida - Santa Ana,74,reverse,323
170,Mission Ridge - Arroyo Parida - Santa Ana,75,reverse,304
170,Mission Ridge - Arroyo Parida - Santa Ana,76,reverse,605
170,Mission Ridge - Arroyo Parida - Santa Ana,77,reverse,729
170,Mission Ridge - Arroyo Parida - Santa Ana,78,reverse,1199
170,Mission Ridge - Arroyo Parida - Santa Ana,79,reverse,1068
170,Mission Ridge - Arroyo Parida - Santa Ana,80,reverse,1521
170,Mission Ridge - Arroyo Parida - Santa Ana,81,reverse,1668
170,Mission Ridge - Arroyo Parida - Santa Ana,82,reverse,1921
170,Mission Ridge - Arroyo Parida - Santa Ana,83,reverse,1233
170,Mission Ridge - Arroyo Parida - Santa Ana,84,reverse,1608
170,Mission Ridge - Arroyo Parida - Santa Ana,85,reverse,1383
170,Mission Ridge - Arroyo Parida - Santa Ana,86,reverse,1565
170,Mission Ridge - Arroyo Parida - Santa Ana,87,reverse,1144
170,Mission Ridge - Arroyo Parida - Santa Ana,88,reverse,1631
170,Mission Ridge - Arroyo Parida - Santa Ana,89,reverse,95
170,Mission Ridge - Arroyo Parida - Santa Ana,90,reverse,38567
170,Mission Ridge - Arroyo Parida - Santa Ana,93,reverse,78
170,Mission Ridge - Arroyo Parida - Santa Ana,94,reverse,357
170,Mission Ridge - Arroyo Parida - Santa Ana,95,reverse,483
170,Mission Ridge - Arroyo Parida - Santa Ana,96,reverse,498
170,Mission Ridge - Arroyo Parida - Santa Ana,97,reverse,326
170,Mission Ridge - Arroyo Parida - Santa Ana,98,reverse,514
170,Mission Ridge - Arroyo Parida - Santa Ana,99,reverse,449
170,Mission Ridge - Arroyo Parida - Santa Ana,100,reverse,267
170,Mission Ridge - Arroyo Parida - Santa Ana,101,reverse,275
170,Mission Ridge - Arroyo Parida - Santa Ana,102,reverse,229
170,Mission Ridge - Arroyo Parida - Santa Ana,103,reverse,260
170,Mission Ridge - Arroyo Parida - Santa Ana,104,reverse,283
170,Mission Ridge - Arroyo Parida - Santa Ana,105,reverse,162
170,Mission Ridge - Arroyo Parida - Santa Ana,106,reverse,289
170,Mission Ridge - Arroyo Parida - Santa Ana,107,reverse,177
170,Mission Ridge - Arroyo Parida - Santa Ana,108,reverse,245
170,Mission Ridge - Arroyo Parida - Santa Ana,109,reverse,202
170,Mission Ridge - Arroyo Parida - Santa Ana,110,reverse oblique,182
170,Mission Ridge - Arroyo Parida - Santa Ana,111,reverse oblique,168
170,Mission Ridge - Arroyo Parida - Santa Ana,112,reverse oblique,151
170,Mission Ridge - Arroyo Parida - Santa Ana,113,reverse oblique,99
170,Mission Ridge - Arroyo Parida - Santa Ana,114,reverse oblique,96
170,Mission Ridge - Arroyo Parida - Santa Ana,115,reverse oblique,38
170,Mission Ridge - Arroyo Parida - Santa Ana,116,reverse oblique,42
170,Mission Ridge - Arroyo Parida - Santa Ana,117,reverse oblique,22
170,Mission Ridge - Arroyo Parida - Santa Ana,118,reverse oblique,16
170,Mission Ridge - Arroyo Parida - Santa Ana,119,reverse oblique,18
170,Mission Ridge - Arroyo Parida - Santa Ana,122,reverse oblique,18
170,Mission Ridge - Arroyo Parida - Santa Ana,124,reverse oblique,5
170,Mission Ridge - Arroyo Parida - Santa Ana,125,reverse oblique,2
171,Mohawk Valley,180,strike-slip,156
172,Mono Lake,-90,normal,7
173,Monte Vista - Shannon,90,reverse,112
173,Monte Vista - Shannon,96,reverse,7
173,Monte Vista - Shannon,97,reverse,6
173,Monte Vista - Shannon,98,reverse,10
173,Monte Vista - Shannon,99,reverse,7
173,Monte Vista - Shannon,100,reverse,18
173,Monte Vista - Shannon,102,reverse,23
173,Monte Vista - Shannon,104,reverse,17
173,Monte Vista - Shannon,105,reverse,11
173,Monte Vista - Shannon,106,reverse,10
173,Monte Vista - Shannon,107,reverse,27
173,Monte Vista - Shannon,108,reverse,11
173,Monte Vista - Shannon,109,reverse,4
173,Monte Vista - Shannon,110,reverse oblique,46
173,Monte Vista - Shannon,111,reverse oblique,17
173,Monte Vista - Shannon,112,reverse oblique,4
173,Monte Vista - Shannon,113,reverse oblique,16
173,Monte Vista - Shannon,114,reverse oblique,28
173,Monte Vista - Shannon,115,reverse oblique,21
173,Monte Vista - Shannon,116,reverse oblique,23
173,Monte Vista - Shannon,117,reverse oblique,22
173,Monte Vista - Shannon,118,reverse oblique,20
173,Monte Vista - Shannon,119,reverse oblique,48
173,Monte Vista - Shannon,120,reverse oblique,27
173,Monte Vista - Shannon,121,reverse oblique,41
173,Monte Vista - Shannon,122,reverse oblique,14
173,Monte Vista - Shannon,123,reverse oblique,50
173,Monte Vista - Shannon,124,reverse oblique,45
173,Monte Vista - Shannon,125,reverse oblique,43
173,Monte Vista - Shannon,126,reverse oblique,101
173,Monte Vista - Shannon,127,reverse oblique,29
173,Monte Vista - Shannon,128,reverse oblique,52
173,Monte Vista - Shannon,129,reverse oblique,74
173,Monte Vista - Shannon,130,reverse oblique,90
173,Monte Vista - Shannon,131,reverse oblique,62
173,Monte Vista - Shannon,132,reverse oblique,68
173,Monte Vista - Shannon,133,reverse oblique,80
173,Monte Vista - Shannon,134,reverse oblique,102
173,Monte Vista - Shannon,135,reverse oblique,57
173,Monte Vista - Shannon,136,reverse oblique,62
173,Monte Vista - Shannon,137,reverse oblique,74
173,Monte Vista - Shannon,138,reverse oblique,85
173,Monte Vista - Shannon,139,reverse oblique,50
173,Monte Vista - Shannon,140,reverse oblique,70
173,Monte Vista - Shannon,141,reverse oblique,55
173,Monte Vista - Shannon,142,reverse oblique,50
173,Monte Vista - Shannon,143,reverse oblique,63
173,Monte Vista - Shannon,144,reverse oblique,49
173,Monte Vista - Shannon,145,reverse oblique,48
173,Monte Vista - Shannon,146,reverse oblique,79
173,Monte Vista - Shannon,147,reverse oblique,64
173,Monte Vista - Shannon,148,reverse oblique,76
173,Monte Vista - Shannon,149,reverse oblique,72
173,Monte Vista - Shannon,150,reverse oblique,111
173,Monte Vista - Shannon,151,reverse oblique,112
173,Monte Vista - Shannon,152,reverse oblique,119
173,Monte Vista - Shannon,153,reverse oblique,117
173,Monte Vista - Shannon,154,reverse oblique,126
173,Monte Vista - Shannon,155,reverse oblique,106
173,Monte Vista - Shannon,156,reverse oblique,171
173,Monte Vista - Shannon,157,reverse oblique,160
173,Monte Vista - Shannon,158,reverse oblique,171
173,Monte Vista - Shannon,159,reverse oblique,204
173,Monte Vista - Shannon,160,strike-slip,202
173,Monte Vista - Shannon,161,strike-slip,209
173,Monte Vista - Shannon,162,strike-slip,249
173,Monte Vista - Shannon,163,strike-slip,263
173,Monte Vista - Shannon,164,strike-slip,321
173,Monte Vista - Shannon,165,strike-slip,282
173,Monte Vista - Shannon,166,strike-slip,519
173,Monte Vista - Shannon,167,strike-slip,524
173,Monte Vista - Shannon,168,strike-slip,692
173,Monte Vista - Shannon,169,strike-slip,518
173,Monte Vista - Shannon,170,strike-slip,738
173,Monte Vista - Shannon,171,strike-slip,707
173,Monte Vista - Shannon,172,strike-slip,1060
173,Monte Vista - Shannon,173,strike-slip,1199
173,Monte Vista - Shannon,174,strike-slip,2035
173,Monte Vista - Shannon,175,strike-slip,2563
173,Monte Vista - Shannon,176,strike-slip,2140
173,Monte Vista - Shannon,177,strike-slip,1237
173,Monte Vista - Shannon,178,strike-slip,815
173,Monte Vista - Shannon,179,strike-slip,132
174,Monterey Bay - Tularcitos,150,reverse oblique,622
174,Monterey Bay - Tularcitos,153,reverse oblique,5
174,Monterey Bay - Tularcitos,154,reverse oblique,5
174,Monterey Bay - Tularcitos,155,reverse oblique,22
174,Monterey Bay - Tularcitos,156,reverse oblique,17
174,Monterey Bay - Tularcitos,157,reverse oblique,33
174,Monterey Bay - Tularcitos,158,reverse oblique,31
174,Monterey Bay - Tularcitos,159,reverse oblique,49
174,Monterey Bay - Tularcitos,160,strike-slip,49
174,Monterey Bay - Tularcitos,161,strike-slip,44
174,Monterey Bay - Tularcitos,162,strike-slip,64
174,Monterey Bay - Tularcitos,163,strike-slip,52
174,Monterey Bay - Tularcitos,164,strike-slip,94
174,Monterey Bay - Tularcitos,165,strike-slip,71
174,Monterey Bay - Tularcitos,166,strike-slip,120
174,Monterey Bay - Tularcitos,167,strike-slip,137
174,Monterey Bay - Tularcitos,168,strike-slip,153
174,Monterey Bay - Tularcitos,169,strike-slip,153
174,Monterey Bay - Tularcitos,170,strike-slip,126
174,Monterey Bay - Tularcitos,171,strike-slip,122
174,Monterey Bay - Tularcitos,172,strike-slip,180
174,Monterey Bay - Tularcitos,173,strike-slip,141
174,Monterey Bay - Tularcitos,174,strike-slip,237
174,Monterey Bay - Tularcitos,175,strike-slip,230
174,Monterey Bay - Tularcitos,176,strike-slip,328
174,Monterey Bay - Tularcitos,177,strike-slip,221
174,Monterey Bay - Tularcitos,178,strike-slip,168
174,Monterey Bay - Tularcitos,179,strike-slip,22
175,Morales (east),90,reverse,7
175,Morales (east),131,reverse oblique,3
175,Morales (east),142,reverse oblique,5
175,Morales (east),150,reverse oblique,3
175,Morales (east),153,reverse oblique,2
175,Morales (east),155,reverse oblique,3
175,Morales (east),159,reverse oblique,2
175,Morales (east),160,strike-slip,9
175,Morales (east),161,strike-slip,12
175,Morales (east),162,strike-slip,22
175,Morales (east),163,strike-slip,25
175,Morales (east),164,strike-slip,20
175,Morales (east),165,strike-slip,17
175,Morales (east),166,strike-slip,21
175,Morales (east),167,strike-slip,23
175,Morales (east),168,strike-slip,27
175,Morales (east),169,strike-slip,45
175,Morales (east),170,strike-slip,105
175,Morales (east),171,strike-slip,72
175,Morales (east),172,strike-slip,120
175,Morales (east),173,strike-slip,183
175,Morales (east),174,strike-slip,231
175,Morales (east),175,strike-slip,186
175,Morales (east),176,strike-slip,326
175,Morales (east),177,strike-slip,394
175,Morales (east),178,strike-slip,226
175,Morales (east),179,strike-slip,22
176,Morales (west),90,reverse,16
176,Morales (west),110,reverse oblique,4
176,Morales (west),116,reverse oblique,3
176,Morales (west),118,reverse oblique,8
176,Morales (west),126,reverse oblique,12
176,Morales (west),131,reverse oblique,4
176,Morales (west),132,reverse oblique,4
176,Morales (west),134,reverse oblique,3
176,Morales (west),136,reverse oblique,4
176,Morales (west),137,reverse oblique,8
176,Morales (west),139,reverse oblique,3
176,Morales (west),140,reverse oblique,7
176,Morales (west),141,reverse oblique,4
176,Morales (west),144,reverse oblique,7
176,Morales (west),145,reverse oblique,9
176,Morales (west),147,reverse oblique,4
176,Morales (west),148,reverse oblique,7
176,Morales (west),149,reverse oblique,7
176,Morales (west),150,reverse oblique,2
176,Morales (west),151,reverse oblique,9
176,Morales (west),152,reverse oblique,7
176,Morales (west),153,reverse oblique,4
176,Morales (west),154,reverse oblique,13
176,Morales (west),155,reverse oblique,17
176,Morales (west),156,reverse oblique,22
176,Morales (west),157,reverse oblique,46
176,Morales (west),158,reverse oblique,58
176,Morales (west),159,reverse oblique,87
176,Morales (west),160,strike-slip,96
176,Morales (west),161,strike-slip,76
176,Morales (west),162,strike-slip,54
176,Morales (west),163,strike-slip,68
176,Morales (west),164,strike-slip,125
176,Morales (west),165,strike-slip,104
176,Morales (west),166,strike-slip,185
176,Morales (west),167,strike-slip,126
176,Morales (west),168,strike-slip,206
176,Morales (west),169,strike-slip,312
176,Morales (west),170,strike-slip,303
176,Morales (west),171,strike-slip,270
176,Morales (west),172,strike-slip,431
176,Morales (west),173,strike-slip,364
176,Morales (west),174,strike-slip,591
176,Morales (west),175,strike-slip,497
176,Morales (west),176,strike-slip,681
176,Morales (west),177,strike-slip,504
176,Morales (west),178,strike-slip,259
176,Morales (west),179,strike-slip,10
177,Mount Diablo (north) [1],90,reverse,4
177,Mount Diablo (north) [1],102,reverse,2
177,Mount Diablo (north) [1],103,reverse,4
177,Mount Diablo (north) [1],106,reverse,4
177,Mount Diablo (north) [1],109,reverse,4
177,Mount Diablo (north) [1],110,reverse oblique,6
177,Mount Diablo (north) [1],111,reverse oblique,2
177,Mount Diablo (north) [1],112,reverse oblique,2
177,Mount Diablo (north) [1],113,reverse oblique,2
177,Mount Diablo (north) [1],114,reverse oblique,4
177,Mount Diablo (north) [1],115,reverse oblique,6
177,Mount Diablo (north) [1],116,reverse oblique,6
177,Mount Diablo (north) [1],117,reverse oblique,4
177,Mount Diablo (north) [1],118,reverse oblique,4
177,Mount Diablo (north) [1],119,reverse oblique,4
177,Mount Diablo (north) [1],120,reverse oblique,8
177,Mount Diablo (north) [1],121,reverse oblique,8
177,Mount Diablo (north) [1],122,reverse oblique,6
177,Mount Diablo (north) [1],123,reverse oblique,6
177,Mount Diablo (north) [1],124,reverse oblique,8
177,Mount Diablo (north) [1],125,reverse oblique,10
177,Mount Diablo (north) [1],126,reverse oblique,12
177,Mount Diablo (north) [1],127,reverse oblique,12
177,Mount Diablo (north) [1],128,reverse oblique,12
177,Mount Diablo (north) [1],129,reverse oblique,12
177,Mount Diablo (north) [1],130,reverse oblique,14
177,Mount Diablo (north) [1],131,reverse oblique,14
177,Mount Diablo (north) [1],132,reverse oblique,16
177,Mount Diablo (north) [1],133,reverse oblique,20
177,Mount Diablo (north) [1],134,reverse oblique,22
177,Mount Diablo (north) [1],135,reverse oblique,8
177,Mount Diablo (north) [1],136,reverse oblique,28
177,Mount Diablo (north) [1],137,reverse oblique,22
177,Mount Diablo (north) [1],138,reverse oblique,22
177,Mount Diablo (north) [1],139,reverse oblique,26
177,Mount Diablo (north) [1],140,reverse oblique,36
177,Mount Diablo (north) [1],141,reverse oblique,28
177,Mount Diablo (north) [1],142,reverse oblique,36
177,Mount Diablo (north) [1],143,reverse oblique,48
177,Mount Diablo (north) [1],144,reverse oblique,38
177,Mount Diablo (north) [1],145,reverse oblique,46
177,Mount Diablo (north) [1],146,reverse oblique,58
177,Mount Diablo (north) [1],147,reverse oblique,58
177,Mount Diablo (north) [1],148,reverse oblique,50
177,Mount Diablo (north) [1],149,reverse oblique,72
177,Mount Diablo (north) [1],150,reverse oblique,72
177,Mount Diablo (north) [1],151,reverse oblique,60
177,Mount Diablo (north) [1],152,reverse oblique,102
177,Mount Diablo (north) [1],153,reverse oblique,64
177,Mount Diablo (north) [1],154,reverse oblique,108
177,Mount Diablo (north) [1],155,reverse oblique,84
177,Mount Diablo (north) [1],156,reverse oblique,116
177,Mount Diablo (north) [1],157,reverse oblique,84
177,Mount Diablo (north) [1],158,reverse oblique,124
177,Mount Diablo (north) [1],159,reverse oblique,88
177,Mount Diablo (north) [1],160,strike-slip,130
177,Mount Diablo (north) [1],161,strike-slip,108
177,Mount Diablo (north) [1],162,strike-slip,130
177,Mount Diablo (north) [1],163,strike-slip,128
177,Mount Diablo (north) [1],164,strike-slip,162
177,Mount Diablo (north) [1],165,strike-slip,106
177,Mount Diablo (north) [1],166,strike-slip,136
177,Mount Diablo (north) [1],167,strike-slip,102
177,Mount Diablo (north) [1],168,strike-slip,106
177,Mount Diablo (north) [1],169,strike-slip,60
177,Mount Diablo (north) [1],170,strike-slip,58
177,Mount Diablo (north) [1],171,strike-slip,72
177,Mount Diablo (north) [1],172,strike-slip,116
177,Mount Diablo (north) [1],173,strike-slip,106
177,Mount Diablo (north) [1],174,strike-slip,84
178,Mount Diablo (south) [1],90,reverse,4
178,Mount Diablo (south) [1],102,reverse,2
178,Mount Diablo (south) [1],103,reverse,4
178,Mount Diablo (south) [1],106,reverse,4
178,Mount Diablo (south) [1],109,reverse,2
178,Mount Diablo (south) [1],110,reverse oblique,2
178,Mount Diablo (south) [1],111,reverse oblique,4
178,Mount Diablo (south) [1],112,reverse oblique,2
178,Mount Diablo (south) [1],113,reverse oblique,2
178,Mount Diablo (south) [1],114,reverse oblique,4
178,Mount Diablo (south) [1],115,reverse oblique,2
178,Mount Diablo (south) [1],116,reverse oblique,6
178,Mount Diablo (south) [1],117,reverse oblique,4
178,Mount Diablo (south) [1],118,reverse oblique,2
178,Mount Diablo (south) [1],119,reverse oblique,4
178,Mount Diablo (south) [1],120,reverse oblique,6
178,Mount Diablo (south) [1],121,reverse oblique,8
178,Mount Diablo (south) [1],122,reverse oblique,6
178,Mount Diablo (south) [1],123,reverse oblique,4
178,Mount Diablo (south) [1],124,reverse oblique,6
178,Mount Diablo (south) [1],125,reverse oblique,8
178,Mount Diablo (south) [1],126,reverse oblique,8
178,Mount Diablo (south) [1],127,reverse oblique,8
178,Mount Diablo (south) [1],128,reverse oblique,12
178,Mount Diablo (south) [1],129,reverse oblique,8
178,Mount Diablo (south) [1],130,reverse oblique,14
178,Mount Diablo (south) [1],131,reverse oblique,10
178,Mount Diablo (south) [1],132,reverse oblique,12
178,Mount Diablo (south) [1],133,reverse oblique,18
178,Mount Diablo (south) [1],134,reverse oblique,16
178,Mount Diablo (south) [1],135,reverse oblique,4
178,Mount Diablo (south) [1],136,reverse oblique,22
178,Mount Diablo (south) [1],137,reverse oblique,18
178,Mount Diablo (south) [1],138,reverse oblique,12
178,Mount Diablo (south) [1],139,reverse oblique,20
178,Mount Diablo (south) [1],140,reverse oblique,30
178,Mount Diablo (south) [1],141,reverse oblique,18
178,Mount Diablo (south) [1],142,reverse oblique,28
178,Mount Diablo (south) [1],143,reverse oblique,32
178,Mount Diablo (south) [1],144,reverse oblique,30
178,Mount Diablo (south) [1],145,reverse oblique,34
178,Mount Diablo (south) [1],146,reverse oblique,42
178,Mount Diablo (south) [1],147,reverse oblique,34
178,Mount Diablo (south) [1],148,reverse oblique,40
178,Mount Diablo (south) [1],149,reverse oblique,46
178,Mount Diablo (south) [1],150,reverse oblique,48
178,Mount Diablo (south) [1],151,reverse oblique,48
178,Mount Diablo (south) [1],152,reverse oblique,60
178,Mount Diablo (south) [1],153,reverse oblique,42
178,Mount Diablo (south) [1],154,reverse oblique,64
178,Mount Diablo (south) [1],155,reverse oblique,46
178,Mount Diablo (south) [1],156,reverse oblique,66
178,Mount Diablo (south) [1],157,reverse oblique,40
178,Mount Diablo (south) [1],158,reverse oblique,46
178,Mount Diablo (south) [1],159,reverse oblique,28
178,Mount Diablo (south) [1],160,strike-slip,36
178,Mount Diablo (south) [1],161,strike-slip,22
178,Mount Diablo (south) [1],162,strike-slip,24
178,Mount Diablo (south) [1],163,strike-slip,22
178,Mount Diablo (south) [1],164,strike-slip,26
178,Mount Diablo (south) [1],165,strike-slip,12
178,Mount Diablo (south) [1],166,strike-slip,10
178,Mount Diablo (south) [1],167,strike-slip,6
178,Mount Diablo (south) [1],168,strike-slip,4
178,Mount Diablo (south) [1],169,strike-slip,4
178,Mount Diablo (south) [1],170,strike-slip,2
180,Nelson Lake,0,strike-slip,174
181,Newport - Inglewood (offshore),96,reverse,2
181,Newport - Inglewood (offshore),97,reverse,2
181,Newport - Inglewood (offshore),98,reverse,6
181,Newport - Inglewood (offshore),99,reverse,2
181,Newport - Inglewood (offshore),100,reverse,13
181,Newport - Inglewood (offshore),101,reverse,3
181,Newport - Inglewood (offshore),102,reverse,9
181,Newport - Inglewood (offshore),103,reverse,12
181,Newport - Inglewood (offshore),104,reverse,10
181,Newport - Inglewood (offshore),105,reverse,13
181,Newport - Inglewood (offshore),106,reverse,29
181,Newport - Inglewood (offshore),107,reverse,11
181,Newport - Inglewood (offshore),108,reverse,23
181,Newport - Inglewood (offshore),109,reverse,14
181,Newport - Inglewood (offshore),110,reverse oblique,24
181,Newport - Inglewood (offshore),111,reverse oblique,12
181,Newport - Inglewood (offshore),112,reverse oblique,18
181,Newport - Inglewood (offshore),113,reverse oblique,25
181,Newport - Inglewood (offshore),114,reverse oblique,19
181,Newport - Inglewood (offshore),115,reverse oblique,22
181,Newport - Inglewood (offshore),116,reverse oblique,24
181,Newport - Inglewood (offshore),117,reverse oblique,18
181,Newport - Inglewood (offshore),118,reverse oblique,26
181,Newport - Inglewood (offshore),119,reverse oblique,40
181,Newport - Inglewood (offshore),120,reverse oblique,28
181,Newport - Inglewood (offshore),121,reverse oblique,14
181,Newport - Inglewood (offshore),122,reverse oblique,48
181,Newport - Inglewood (offshore),123,reverse oblique,17
181,Newport - Inglewood (offshore),124,reverse oblique,21
181,Newport - Inglewood (offshore),125,reverse oblique,23
181,Newport - Inglewood (offshore),126,reverse oblique,38
181,Newport - Inglewood (offshore),127,reverse oblique,28
181,Newport - Inglewood (offshore),128,reverse oblique,62
181,Newport - Inglewood (offshore),129,reverse oblique,25
181,Newport - Inglewood (offshore),130,reverse oblique,77
181,Newport - Inglewood (offshore),131,reverse oblique,30
181,Newport - Inglewood (offshore),132,reverse oblique,39
181,Newport - Inglewood (offshore),133,reverse oblique,28
181,Newport - Inglewood (offshore),134,reverse oblique,59
181,Newport - Inglewood (offshore),135,reverse oblique,35
181,Newport - Inglewood (offshore),136,reverse oblique,67
181,Newport - Inglewood (offshore),137,reverse oblique,39
181,Newport - Inglewood (offshore),138,reverse oblique,98
181,Newport - Inglewood (offshore),139,reverse oblique,87
181,Newport - Inglewood (offshore),140,reverse oblique,86
181,Newport - Inglewood (offshore),141,reverse oblique,121
181,Newport - Inglewood (offshore),142,reverse oblique,118
181,Newport - Inglewood (offshore),143,reverse oblique,108
181,Newport - Inglewood (offshore),144,reverse oblique,142
181,Newport - Inglewood (offshore),145,reverse oblique,103
181,Newport - Inglewood (offshore),146,reverse oblique,162
181,Newport - Inglewood (offshore),147,reverse oblique,154
181,Newport - Inglewood (offshore),148,reverse oblique,142
181,Newport - Inglewood (offshore),149,reverse oblique,109
181,Newport - Inglewood (offshore),150,reverse oblique,96
181,Newport - Inglewood (offshore),151,reverse oblique,52
181,Newport - Inglewood (offshore),152,reverse oblique,45
181,Newport - Inglewood (offshore),153,reverse oblique,80
181,Newport - Inglewood (offshore),154,reverse oblique,99
181,Newport - Inglewood (offshore),155,reverse oblique,54
181,Newport - Inglewood (offshore),156,reverse oblique,117
181,Newport - Inglewood (offshore),157,reverse oblique,90
181,Newport - Inglewood (offshore),158,reverse oblique,64
181,Newport - Inglewood (offshore),159,reverse oblique,55
181,Newport - Inglewood (offshore),160,strike-slip,71
181,Newport - Inglewood (offshore),161,strike-slip,78
181,Newport - Inglewood (offshore),162,strike-slip,97
181,Newport - Inglewood (offshore),163,strike-slip,94
181,Newport - Inglewood (offshore),164,strike-slip,145
181,Newport - Inglewood (offshore),165,strike-slip,151
181,Newport - Inglewood (offshore),166,strike-slip,259
181,Newport - Inglewood (offshore),167,strike-slip,197
181,Newport - Inglewood (offshore),168,strike-slip,368
181,Newport - Inglewood (offshore),169,strike-slip,329
181,Newport - Inglewood (offshore),170,strike-slip,589
181,Newport - Inglewood (offshore),171,strike-slip,594
181,Newport - Inglewood (offshore),172,strike-slip,985
181,Newport - Inglewood (offshore),173,strike-slip,950
181,Newport - Inglewood (offshore),174,strike-slip,1022
181,Newport - Inglewood (offshore),175,strike-slip,308
181,Newport - Inglewood (offshore),176,strike-slip,70
181,Newport - Inglewood (offshore),177,strike-slip,42
181,Newport - Inglewood (offshore),180,strike-slip,5482
182,Newport - Inglewood [1],70,reverse,4
182,Newport - Inglewood [1],71,reverse,2
182,Newport - Inglewood [1],72,reverse,6
182,Newport - Inglewood [1],73,reverse,6
182,Newport - Inglewood [1],75,reverse,4
182,Newport - Inglewood [1],76,reverse,7
182,Newport - Inglewood [1],77,reverse,2
182,Newport - Inglewood [1],78,reverse,7
182,Newport - Inglewood [1],79,reverse,5
182,Newport - Inglewood [1],80,reverse,8
182,Newport - Inglewood [1],81,reverse,5
182,Newport - Inglewood [1],83,reverse,3
182,Newport - Inglewood [1],84,reverse,6
182,Newport - Inglewood [1],85,reverse,4
182,Newport - Inglewood [1],86,reverse,4
182,Newport - Inglewood [1],87,reverse,4
182,Newport - Inglewood [1],88,reverse,4
182,Newport - Inglewood [1],89,reverse,5
182,Newport - Inglewood [1],90,reverse,5
182,Newport - Inglewood [1],91,reverse,5
182,Newport - Inglewood [1],92,reverse,5
182,Newport - Inglewood [1],94,reverse,13
182,Newport - Inglewood [1],95,reverse,10
182,Newport - Inglewood [1],96,reverse,22
182,Newport - Inglewood [1],97,reverse,2
182,Newport - Inglewood [1],98,reverse,9
182,Newport - Inglewood [1],99,reverse,25
182,Newport - Inglewood [1],100,reverse,21
182,Newport - Inglewood [1],101,reverse,14
182,Newport - Inglewood [1],102,reverse,22
182,Newport - Inglewood [1],103,reverse,20
182,Newport - Inglewood [1],104,reverse,41
182,Newport - Inglewood [1],105,reverse,39
182,Newport - Inglewood [1],106,reverse,59
182,Newport - Inglewood [1],107,reverse,48
182,Newport - Inglewood [1],108,reverse,44
182,Newport - Inglewood [1],109,reverse,53
182,Newport - Inglewood [1],110,reverse oblique,50
182,Newport - Inglewood [1],111,reverse oblique,34
182,Newport - Inglewood [1],112,reverse oblique,62
182,Newport - Inglewood [1],113,reverse oblique,35
182,Newport - Inglewood [1],114,reverse oblique,18
182,Newport - Inglewood [1],115,reverse oblique,35
182,Newport - Inglewood [1],116,reverse oblique,26
182,Newport - Inglewood [1],117,reverse oblique,29
182,Newport - Inglewood [1],118,reverse oblique,13
182,Newport - Inglewood [1],119,reverse oblique,42
182,Newport - Inglewood [1],120,reverse oblique,6
182,Newport - Inglewood [1],121,reverse oblique,24
182,Newport - Inglewood [1],122,reverse oblique,25
182,Newport - Inglewood [1],123,reverse oblique,22
182,Newport - Inglewood [1],124,reverse oblique,12
182,Newport - Inglewood [1],125,reverse oblique,28
182,Newport - Inglewood [1],126,reverse oblique,15
182,Newport - Inglewood [1],127,reverse oblique,13
182,Newport - Inglewood [1],128,reverse oblique,39
182,Newport - Inglewood [1],129,reverse oblique,31
182,Newport - Inglewood [1],130,reverse oblique,45
182,Newport - Inglewood [1],131,reverse oblique,15
182,Newport - Inglewood [1],132,reverse oblique,42
182,Newport - Inglewood [1],133,reverse oblique,15
182,Newport - Inglewood [1],134,reverse oblique,32
182,Newport - Inglewood [1],135,reverse oblique,23
182,Newport - Inglewood [1],136,reverse oblique,39
182,Newport - Inglewood [1],137,reverse oblique,18
182,Newport - Inglewood [1],138,reverse oblique,58
182,Newport - Inglewood [1],139,reverse oblique,47
182,Newport - Inglewood [1],140,reverse oblique,60
182,Newport - Inglewood [1],141,reverse oblique,47
182,Newport - Inglewood [1],142,reverse oblique,62
182,Newport - Inglewood [1],143,reverse oblique,70
182,Newport - Inglewood [1],144,reverse oblique,71
182,Newport - Inglewood [1],145,reverse oblique,54
182,Newport - Inglewood [1],146,reverse oblique,81
182,Newport - Inglewood [1],147,reverse oblique,72
182,Newport - Inglewood [1],148,reverse oblique,77
182,Newport - Inglewood [1],149,reverse oblique,47
182,Newport - Inglewood [1],150,reverse oblique,42
182,Newport - Inglewood [1],151,reverse oblique,29
182,Newport - Inglewood [1],152,reverse oblique,18
182,Newport - Inglewood [1],153,reverse oblique,33
182,Newport - Inglewood [1],154,reverse oblique,51
182,Newport - Inglewood [1],155,reverse oblique,19
182,Newport - Inglewood [1],156,reverse oblique,45
182,Newport - Inglewood [1],157,reverse oblique,37
182,Newport - Inglewood [1],158,reverse oblique,14
182,Newport - Inglewood [1],159,reverse oblique,10
182,Newport - Inglewood [1],160,strike-slip,8
182,Newport - Inglewood [1],161,strike-slip,4
182,Newport - Inglewood [1],162,strike-slip,9
182,Newport - Inglewood [1],163,strike-slip,5
182,Newport - Inglewood [1],164,strike-slip,6
182,Newport - Inglewood [1],166,strike-slip,7
182,Newport - Inglewood [1],167,strike-slip,8
182,Newport - Inglewood [1],168,strike-slip,13
182,Newport - Inglewood [1],169,strike-slip,4
182,Newport - Inglewood [1],170,strike-slip,30
182,Newport - Inglewood [1],171,strike-slip,52
182,Newport - Inglewood [1],172,strike-slip,149
182,Newport - Inglewood [1],173,strike-slip,282
182,Newport - Inglewood [1],174,strike-slip,394
182,Newport - Inglewood [1],175,strike-slip,137
182,Newport - Inglewood [1],176,strike-slip,27
182,Newport - Inglewood [1],177,strike-slip,24
182,Newport - Inglewood [1],180,strike-slip,1564
185,North Frontal (east),78,reverse,2
185,North Frontal (east),79,reverse,5
185,North Frontal (east),80,reverse,3
185,North Frontal (east),81,reverse,2
185,North Frontal (east),82,reverse,5
185,North Frontal (east),83,reverse,3
185,North Frontal (east),90,reverse,22
185,North Frontal (east),103,reverse,3
185,North Frontal (east),109,reverse,5
185,North Frontal (east),114,reverse oblique,3
185,North Frontal (east),117,reverse oblique,2
185,North Frontal (east),120,reverse oblique,3
185,North Frontal (east),124,reverse oblique,5
185,North Frontal (east),128,reverse oblique,3
185,North Frontal (east),130,reverse oblique,2
185,North Frontal (east),132,reverse oblique,3
185,North Frontal (east),136,reverse oblique,5
185,North Frontal (east),139,reverse oblique,3
185,North Frontal (east),140,reverse oblique,2
185,North Frontal (east),141,reverse oblique,3
185,North Frontal (east),144,reverse oblique,5
185,North Frontal (east),146,reverse oblique,3
185,North Frontal (east),147,reverse oblique,2
185,North Frontal (east),148,reverse oblique,3
185,North Frontal (east),150,reverse oblique,5
185,North Frontal (east),151,reverse oblique,3
185,North Frontal (east),152,reverse oblique,2
185,North Frontal (east),153,reverse oblique,3
185,North Frontal (east),154,reverse oblique,5
185,North Frontal (east),156,reverse oblique,5
185,North Frontal (east),157,reverse oblique,5
185,North Frontal (east),158,reverse oblique,3
185,North Frontal (east),159,reverse oblique,2
185,North Frontal (east),160,strike-slip,2
185,North Frontal (east),161,strike-slip,2
185,North Frontal (east),162,strike-slip,2
185,North Frontal (east),164,strike-slip,4
185,North Frontal (east),165,strike-slip,2
186,North Frontal (west),57,reverse oblique,3
186,North Frontal (west),64,reverse oblique,11
186,North Frontal (west),65,reverse oblique,3
186,North Frontal (west),67,reverse oblique,2
186,North Frontal (west),68,reverse oblique,8
186,North Frontal (west),70,reverse,8
186,North Frontal (west),71,reverse,3
186,North Frontal (west),72,reverse,7
186,North Frontal (west),73,reverse,9
186,North Frontal (west),74,reverse,15
186,North Frontal (west),76,reverse,16
186,North Frontal (west),77,reverse,7
186,North Frontal (west),78,reverse,17
186,North Frontal (west),79,reverse,32
186,North Frontal (west),80,reverse,24
186,North Frontal (west),81,reverse,22
186,North Frontal (west),82,reverse,24
186,North Frontal (west),83,reverse,17
186,North Frontal (west),84,reverse,20
186,North Frontal (west),90,reverse,48
187,North Salt Lake,33,reverse oblique,12
187,North Salt Lake,34,reverse oblique,12
187,North Salt Lake,35,reverse oblique,8
187,North Salt Lake,36,reverse oblique,4
187,North Salt Lake,41,reverse oblique,6
187,North Salt Lake,42,reverse oblique,12
187,North Salt Lake,43,reverse oblique,8
187,North Salt Lake,44,reverse oblique,10
187,North Salt Lake,45,reverse oblique,12
187,North Salt Lake,46,reverse oblique,6
187,North Salt Lake,47,reverse oblique,14
187,North Salt Lake,48,reverse oblique,12
187,North Salt Lake,49,reverse oblique,6
187,North Salt Lake,50,reverse oblique,10
187,North Salt Lake,51,reverse oblique,4
187,North Salt Lake,52,reverse oblique,4
187,North Salt Lake,53,reverse oblique,4
187,North Salt Lake,54,reverse oblique,4
187,North Salt Lake,55,reverse oblique,4
187,North Salt Lake,56,reverse oblique,6
187,North Salt Lake,60,reverse oblique,2
187,North Salt Lake,64,reverse oblique,2
187,North Salt Lake,66,reverse oblique,2
187,North Salt Lake,69,reverse oblique,2
187,North Salt Lake,90,reverse,4
188,North Tahoe,-90,normal,20
189,Northridge,46,reverse oblique,2
189,Northridge,47,reverse oblique,2
189,Northridge,49,reverse oblique,2
189,Northridge,52,reverse oblique,6
189,Northridge,53,reverse oblique,5
189,Northridge,54,reverse oblique,2
189,Northridge,55,reverse oblique,5
189,Northridge,56,reverse oblique,10
189,Northridge,57,reverse oblique,2
189,Northridge,58,reverse oblique,12
189,Northridge,59,reverse oblique,9
189,Northridge,60,reverse oblique,13
189,Northridge,61,reverse oblique,7
189,Northridge,62,reverse oblique,14
189,Northridge,63,reverse oblique,18
189,Northridge,64,reverse oblique,13
189,Northridge,65,reverse oblique,7
189,Northridge,66,reverse oblique,10
189,Northridge,67,reverse oblique,30
189,Northridge,68,reverse oblique,36
189,Northridge,69,reverse oblique,22
189,Northridge,70,reverse,60
189,Northridge,71,reverse,40
189,Northridge,72,reverse,55
189,Northridge,73,reverse,53
189,Northridge,74,reverse,77
189,Northridge,75,reverse,57
189,Northridge,76,reverse,107
189,Northridge,77,reverse,100
189,Northridge,78,reverse,152
189,Northridge,79,reverse,159
189,Northridge,80,reverse,279
189,Northridge,81,reverse,234
189,Northridge,82,reverse,351
189,Northridge,83,reverse,335
189,Northridge,84,reverse,441
189,Northridge,85,reverse,416
189,Northridge,86,reverse,447
189,Northridge,87,reverse,656
189,Northridge,88,reverse,554
189,Northridge,89,reverse,15
189,Northridge,90,reverse,4802
189,Northridge,91,reverse,2
189,Northridge,92,reverse,6
189,Northridge,93,reverse,23
189,Northridge,94,reverse,28
189,Northridge,95,reverse,19
189,Northridge,96,reverse,44
189,Northridge,97,reverse,25
189,Northridge,98,reverse,27
189,Northridge,99,reverse,15
189,Northridge,100,reverse,37
189,Northridge,101,reverse,26
189,Northridge,102,reverse,12
189,Northridge,103,reverse,15
189,Northridge,104,reverse,9
189,Northridge,105,reverse,18
189,Northridge,106,reverse,15
189,Northridge,107,reverse,6
189,Northridge,108,reverse,17
189,Northridge,109,reverse,6
189,Northridge,110,reverse oblique,9
189,Northridge,111,reverse oblique,10
189,Northridge,112,reverse oblique,10
189,Northridge,113,reverse oblique,4
189,Northridge,114,reverse oblique,10
189,Northridge,115,reverse oblique,6
189,Northridge,116,reverse oblique,10
189,Northridge,117,reverse oblique,2
189,Northridge,118,reverse oblique,8
189,Northridge,119,reverse oblique,4
189,Northridge,120,reverse oblique,4
189,Northridge,121,reverse oblique,6
189,Northridge,122,reverse oblique,2
189,Northridge,123,reverse oblique,2
189,Northridge,124,reverse oblique,4
189,Northridge,126,reverse oblique,4
189,Northridge,127,reverse oblique,4
189,Northridge,128,reverse oblique,6
189,Northridge,129,reverse oblique,2
189,Northridge,130,reverse oblique,2
189,Northridge,131,reverse oblique,4
189,Northridge,132,reverse oblique,2
189,Northridge,133,reverse oblique,4
189,Northridge,134,reverse oblique,4
189,Northridge,135,reverse oblique,4
189,Northridge,136,reverse oblique,2
189,Northridge,137,reverse oblique,2
190,Northridge Hills,63,reverse oblique,2
190,Northridge Hills,64,reverse oblique,2
190,Northridge Hills,66,reverse oblique,4
190,Northridge Hills,68,reverse oblique,4
190,Northridge Hills,69,reverse oblique,6
190,Northridge Hills,70,reverse,14
190,Northridge Hills,71,reverse,8
190,Northridge Hills,72,reverse,22
190,Northridge Hills,73,reverse,20
190,Northridge Hills,74,reverse,36
190,Northridge Hills,75,reverse,34
190,Northridge Hills,76,reverse,50
190,Northridge Hills,77,reverse,62
190,Northridge Hills,78,reverse,98
190,Northridge Hills,79,reverse,92
190,Northridge Hills,80,reverse,152
190,Northridge Hills,81,reverse,176
190,Northridge Hills,82,reverse,248
190,Northridge Hills,83,reverse,158
190,Northridge Hills,84,reverse,280
190,Northridge Hills,85,reverse,302
190,Northridge Hills,86,reverse,462
190,Northridge Hills,87,reverse,386
190,Northridge Hills,88,reverse,402
190,Northridge Hills,89,reverse,42
190,Northridge Hills,90,reverse,4720
190,Northridge Hills,91,reverse,42
190,Northridge Hills,92,reverse,50
190,Northridge Hills,93,reverse,68
190,Northridge Hills,94,reverse,164
190,Northridge Hills,95,reverse,154
190,Northridge Hills,96,reverse,160
190,Northridge Hills,97,reverse,126
190,Northridge Hills,98,reverse,140
190,Northridge Hills,99,reverse,140
190,Northridge Hills,100,reverse,120
190,Northridge Hills,101,reverse,100
190,Northridge Hills,102,reverse,116
190,Northridge Hills,103,reverse,84
190,Northridge Hills,104,reverse,82
190,Northridge Hills,105,reverse,64
190,Northridge Hills,106,reverse,82
190,Northridge Hills,107,reverse,58
190,Northridge Hills,108,reverse,76
190,Northridge Hills,109,reverse,72
190,Northridge Hills,110,reverse oblique,64
190,Northridge Hills,111,reverse oblique,40
190,Northridge Hills,112,reverse oblique,54
190,Northridge Hills,113,reverse oblique,48
190,Northridge Hills,114,reverse oblique,58
190,Northridge Hills,115,reverse oblique,34
190,Northridge Hills,116,reverse oblique,44
190,Northridge Hills,117,reverse oblique,28
190,Northridge Hills,118,reverse oblique,42
190,Northridge Hills,119,reverse oblique,40
190,Northridge Hills,120,reverse oblique,30
190,Northridge Hills,121,reverse oblique,28
190,Northridge Hills,122,reverse oblique,38
190,Northridge Hills,123,reverse oblique,30
190,Northridge Hills,124,reverse oblique,36
190,Northridge Hills,125,reverse oblique,38
190,Northridge Hills,126,reverse oblique,48
190,Northridge Hills,127,reverse oblique,44
190,Northridge Hills,128,reverse oblique,62
190,Northridge Hills,129,reverse oblique,34
190,Northridge Hills,130,reverse oblique,56
190,Northridge Hills,131,reverse oblique,42
190,Northridge Hills,132,reverse oblique,44
190,Northridge Hills,133,reverse oblique,48
190,Northridge Hills,134,reverse oblique,40
190,Northridge Hills,135,reverse oblique,34
190,Northridge Hills,136,reverse oblique,30
190,Northridge Hills,137,reverse oblique,32
190,Northridge Hills,138,reverse oblique,18
190,Northridge Hills,139,reverse oblique,28
190,Northridge Hills,140,reverse oblique,26
190,Northridge Hills,141,reverse oblique,22
190,Northridge Hills,142,reverse oblique,18
190,Northridge Hills,143,reverse oblique,4
190,Northridge Hills,144,reverse oblique,8
190,Northridge Hills,145,reverse oblique,2
193,Oak Ridge (onshore),55,reverse oblique,2
193,Oak Ridge (onshore),56,reverse oblique,2
193,Oak Ridge (onshore),57,reverse oblique,2
193,Oak Ridge (onshore),58,reverse oblique,6
193,Oak Ridge (onshore),59,reverse oblique,10
193,Oak Ridge (onshore),61,reverse oblique,8
193,Oak Ridge (onshore),62,reverse oblique,11
193,Oak Ridge (onshore),63,reverse oblique,8
193,Oak Ridge (onshore),64,reverse oblique,4
193,Oak Ridge (onshore),65,reverse oblique,6
193,Oak Ridge (onshore),66,reverse oblique,13
193,Oak Ridge (onshore),67,reverse oblique,19
193,Oak Ridge (onshore),68,reverse oblique,25
193,Oak Ridge (onshore),69,reverse oblique,29
193,Oak Ridge (onshore),70,reverse,52
193,Oak Ridge (onshore),71,reverse,27
193,Oak Ridge (onshore),72,reverse,51
193,Oak Ridge (onshore),73,reverse,39
193,Oak Ridge (onshore),74,reverse,83
193,Oak Ridge (onshore),75,reverse,63
193,Oak Ridge (onshore),76,reverse,104
193,Oak Ridge (onshore),77,reverse,127
193,Oak Ridge (onshore),78,reverse,213
193,Oak Ridge (onshore),79,reverse,223
193,Oak Ridge (onshore),80,reverse,413
193,Oak Ridge (onshore),81,reverse,376
193,Oak Ridge (onshore),82,reverse,510
193,Oak Ridge (onshore),83,reverse,425
193,Oak Ridge (onshore),84,reverse,638
193,Oak Ridge (onshore),85,reverse,554
193,Oak Ridge (onshore),86,reverse,768
193,Oak Ridge (onshore),87,reverse,1204
193,Oak Ridge (onshore),88,reverse,946
193,Oak Ridge (onshore),89,reverse,21
193,Oak Ridge (onshore),90,reverse,5032
193,Oak Ridge (onshore),91,reverse,18
193,Oak Ridge (onshore),92,reverse,82
193,Oak Ridge (onshore),93,reverse,48
193,Oak Ridge (onshore),94,reverse,96
193,Oak Ridge (onshore),95,reverse,99
193,Oak Ridge (onshore),96,reverse,142
193,Oak Ridge (onshore),97,reverse,94
193,Oak Ridge (onshore),98,reverse,106
193,Oak Ridge (onshore),99,reverse,98
193,Oak Ridge (onshore),100,reverse,113
193,Oak Ridge (onshore),101,reverse,77
193,Oak Ridge (onshore),102,reverse,81
193,Oak Ridge (onshore),103,reverse,57
193,Oak Ridge (onshore),104,reverse,73
193,Oak Ridge (onshore),105,reverse,59
193,Oak Ridge (onshore),106,reverse,53
193,Oak Ridge (onshore),107,reverse,49
193,Oak Ridge (onshore),108,reverse,61
193,Oak Ridge (onshore),109,reverse,53
193,Oak Ridge (onshore),110,reverse oblique,56
193,Oak Ridge (onshore),111,reverse oblique,49
193,Oak Ridge (onshore),112,reverse oblique,37
193,Oak Ridge (onshore),113,reverse oblique,23
193,Oak Ridge (onshore),114,reverse oblique,29
193,Oak Ridge (onshore),115,reverse oblique,11
193,Oak Ridge (onshore),116,reverse oblique,20
193,Oak Ridge (onshore),117,reverse oblique,9
193,Oak Ridge (onshore),118,reverse oblique,16
193,Oak Ridge (onshore),119,reverse oblique,10
193,Oak Ridge (onshore),120,reverse oblique,9
193,Oak Ridge (onshore),121,reverse oblique,7
193,Oak Ridge (onshore),122,reverse oblique,10
193,Oak Ridge (onshore),124,reverse oblique,6
193,Oak Ridge (onshore),125,reverse oblique,13
193,Oak Ridge (onshore),126,reverse oblique,18
193,Oak Ridge (onshore),127,reverse oblique,7
193,Oak Ridge (onshore),128,reverse oblique,13
193,Oak Ridge (onshore),129,reverse oblique,12
193,Oak Ridge (onshore),130,reverse oblique,8
193,Oak Ridge (onshore),132,reverse oblique,4
193,Oak Ridge (onshore),133,reverse oblique,2
194,Oceanic - West Huasna,93,reverse,4
194,Oceanic - West Huasna,94,reverse,12
194,Oceanic - West Huasna,95,reverse,7
194,Oceanic - West Huasna,96,reverse,33
194,Oceanic - West Huasna,97,reverse,49
194,Oceanic - West Huasna,98,reverse,59
194,Oceanic - West Huasna,99,reverse,33
194,Oceanic - West Huasna,100,reverse,44
194,Oceanic - West Huasna,101,reverse,32
194,Oceanic - West Huasna,102,reverse,41
194,Oceanic - West Huasna,103,reverse,22
194,Oceanic - West Huasna,104,reverse,38
194,Oceanic - West Huasna,105,reverse,29
194,Oceanic - West Huasna,106,reverse,39
194,Oceanic - West Huasna,107,reverse,26
194,Oceanic - West Huasna,108,reverse,32
194,Oceanic - West Huasna,109,reverse,51
194,Oceanic - West Huasna,110,reverse oblique,55
194,Oceanic - West Huasna,111,reverse oblique,15
194,Oceanic - West Huasna,112,reverse oblique,53
194,Oceanic - West Huasna,113,reverse oblique,46
194,Oceanic - West Huasna,114,reverse oblique,62
194,Oceanic - West Huasna,115,reverse oblique,63
194,Oceanic - West Huasna,116,reverse oblique,80
194,Oceanic - West Huasna,117,reverse oblique,44
194,Oceanic - West Huasna,118,reverse oblique,158
194,Oceanic - West Huasna,119,reverse oblique,44
194,Oceanic - West Huasna,120,reverse oblique,195
194,Oceanic - West Huasna,121,reverse oblique,156
194,Oceanic - West Huasna,122,reverse oblique,186
194,Oceanic - West Huasna,123,reverse oblique,95
194,Oceanic - West Huasna,124,reverse oblique,235
194,Oceanic - West Huasna,125,reverse oblique,103
194,Oceanic - West Huasna,126,reverse oblique,200
194,Oceanic - West Huasna,127,reverse oblique,229
194,Oceanic - West Huasna,128,reverse oblique,209
194,Oceanic - West Huasna,129,reverse oblique,175
194,Oceanic - West Huasna,130,reverse oblique,77
194,Oceanic - West Huasna,131,reverse oblique,52
194,Oceanic - West Huasna,132,reverse oblique,96
194,Oceanic - West Huasna,133,reverse oblique,97
194,Oceanic - West Huasna,134,reverse oblique,85
194,Oceanic - West Huasna,135,reverse oblique,5071
194,Oceanic - West Huasna,136,reverse oblique,48
194,Oceanic - West Huasna,137,reverse oblique,93
194,Oceanic - West Huasna,138,reverse oblique,89
194,Oceanic - West Huasna,139,reverse oblique,79
194,Oceanic - West Huasna,140,reverse oblique,171
194,Oceanic - West Huasna,141,reverse oblique,167
194,Oceanic - West Huasna,142,reverse oblique,235
194,Oceanic - West Huasna,143,reverse oblique,275
194,Oceanic - West Huasna,144,reverse oblique,210
194,Oceanic - West Huasna,145,reverse oblique,269
194,Oceanic - West Huasna,146,reverse oblique,311
194,Oceanic - West Huasna,147,reverse oblique,279
194,Oceanic - West Huasna,148,reverse oblique,305
194,Oceanic - West Huasna,149,reverse oblique,350
194,Oceanic - West Huasna,150,reverse oblique,450
194,Oceanic - West Huasna,151,reverse oblique,329
194,Oceanic - West Huasna,152,reverse oblique,490
194,Oceanic - West Huasna,153,reverse oblique,380
194,Oceanic - West Huasna,154,reverse oblique,428
194,Oceanic - West Huasna,155,reverse oblique,525
194,Oceanic - West Huasna,156,reverse oblique,589
194,Oceanic - West Huasna,157,reverse oblique,478
194,Oceanic - West Huasna,158,reverse oblique,642
194,Oceanic - West Huasna,159,reverse oblique,432
194,Oceanic - West Huasna,160,strike-slip,751
194,Oceanic - West Huasna,161,strike-slip,581
194,Oceanic - West Huasna,162,strike-slip,886
194,Oceanic - West Huasna,163,strike-slip,815
194,Oceanic - West Huasna,164,strike-slip,1391
194,Oceanic - West Huasna,165,strike-slip,1225
194,Oceanic - West Huasna,166,strike-slip,1569
194,Oceanic - West Huasna,167,strike-slip,1579
194,Oceanic - West Huasna,168,strike-slip,2248
194,Oceanic - West Huasna,169,strike-slip,2003
194,Oceanic - West Huasna,170,strike-slip,2714
194,Oceanic - West Huasna,171,strike-slip,2282
194,Oceanic - West Huasna,172,strike-slip,3653
194,Oceanic - West Huasna,173,strike-slip,3373
194,Oceanic - West Huasna,174,strike-slip,4613
194,Oceanic - West Huasna,175,strike-slip,3666
194,Oceanic - West Huasna,176,strike-slip,3572
194,Oceanic - West Huasna,177,strike-slip,2324
194,Oceanic - West Huasna,178,strike-slip,1926
194,Oceanic - West Huasna,179,strike-slip,921
194,Oceanic - West Huasna,180,strike-slip,68
195,Oceanside [1],90,reverse,297
195,Oceanside [1],92,reverse,21
195,Oceanside [1],93,reverse,32
195,Oceanside [1],94,reverse,49
195,Oceanside [1],95,reverse,29
195,Oceanside [1],96,reverse,91
195,Oceanside [1],97,reverse,40
195,Oceanside [1],98,reverse,43
195,Oceanside [1],99,reverse,62
195,Oceanside [1],100,reverse,78
195,Oceanside [1],101,reverse,53
195,Oceanside [1],102,reverse,80
195,Oceanside [1],103,reverse,36
195,Oceanside [1],104,reverse,71
195,Oceanside [1],105,reverse,71
195,Oceanside [1],106,reverse,84
195,Oceanside [1],107,reverse,56
195,Oceanside [1],108,reverse,55
195,Oceanside [1],109,reverse,63
195,Oceanside [1],110,reverse oblique,56
195,Oceanside [1],111,reverse oblique,48
195,Oceanside [1],112,reverse oblique,52
195,Oceanside [1],113,reverse oblique,52
195,Oceanside [1],114,reverse oblique,35
195,Oceanside [1],115,reverse oblique,32
195,Oceanside [1],116,reverse oblique,39
195,Oceanside [1],117,reverse oblique,32
195,Oceanside [1],118,reverse oblique,37
195,Oceanside [1],119,reverse oblique,42
195,Oceanside [1],120,reverse oblique,26
195,Oceanside [1],121,reverse oblique,35
195,Oceanside [1],122,reverse oblique,30
195,Oceanside [1],123,reverse oblique,20
195,Oceanside [1],124,reverse oblique,32
195,Oceanside [1],125,reverse oblique,29
195,Oceanside [1],126,reverse oblique,31
195,Oceanside [1],127,reverse oblique,23
195,Oceanside [1],128,reverse oblique,41
195,Oceanside [1],129,reverse oblique,24
195,Oceanside [1],130,reverse oblique,31
195,Oceanside [1],131,reverse oblique,23
195,Oceanside [1],132,reverse oblique,28
195,Oceanside [1],133,reverse oblique,12
195,Oceanside [1],134,reverse oblique,23
195,Oceanside [1],135,reverse oblique,16
195,Oceanside [1],136,reverse oblique,24
195,Oceanside [1],137,reverse oblique,15
195,Oceanside [1],138,reverse oblique,13
195,Oceanside [1],139,reverse oblique,13
195,Oceanside [1],140,reverse oblique,7
195,Oceanside [1],141,reverse oblique,21
195,Oceanside [1],142,reverse oblique,12
195,Oceanside [1],143,reverse oblique,10
195,Oceanside [1],144,reverse oblique,13
195,Oceanside [1],145,reverse oblique,4
195,Oceanside [1],146,reverse oblique,13
195,Oceanside [1],147,reverse oblique,13
195,Oceanside [1],148,reverse oblique,13
195,Oceanside [1],149,reverse oblique,12
195,Oceanside [1],150,reverse oblique,14
195,Oceanside [1],151,reverse oblique,5
195,Oceanside [1],152,reverse oblique,8
195,Oceanside [1],153,reverse oblique,11
195,Oceanside [1],154,reverse oblique,11
195,Oceanside [1],155,reverse oblique,3
195,Oceanside [1],156,reverse oblique,8
195,Oceanside [1],157,reverse oblique,9
195,Oceanside [1],159,reverse oblique,5
195,Oceanside [1],160,strike-slip,3
195,Oceanside [1],161,strike-slip,2
195,Oceanside [1],162,strike-slip,3
195,Oceanside [1],163,strike-slip,2
195,Oceanside [1],164,strike-slip,2
195,Oceanside [1],166,strike-slip,2
195,Oceanside [1],167,strike-slip,2
195,Oceanside [1],168,strike-slip,2
197,Ortigalita (north),112,reverse oblique,2
197,Ortigalita (north),121,reverse oblique,5
197,Ortigalita (north),132,reverse oblique,3
197,Ortigalita (north),141,reverse oblique,2
197,Ortigalita (north),147,reverse oblique,5
197,Ortigalita (north),151,reverse oblique,3
197,Ortigalita (north),152,reverse oblique,2
197,Ortigalita (north),155,reverse oblique,5
197,Ortigalita (north),158,reverse oblique,5
197,Ortigalita (north),160,strike-slip,5
197,Ortigalita (north),162,strike-slip,5
197,Ortigalita (north),164,strike-slip,5
197,Ortigalita (north),165,strike-slip,5
197,Ortigalita (north),166,strike-slip,5
197,Ortigalita (north),167,strike-slip,5
197,Ortigalita (north),168,strike-slip,3
197,Ortigalita (north),180,strike-slip,332
198,Ortigalita (south),122,reverse oblique,2
198,Ortigalita (south),133,reverse oblique,3
198,Ortigalita (south),141,reverse oblique,6
198,Ortigalita (south),147,reverse oblique,10
198,Ortigalita (south),151,reverse oblique,3
198,Ortigalita (south),152,reverse oblique,10
198,Ortigalita (south),155,reverse oblique,16
198,Ortigalita (south),158,reverse oblique,19
198,Ortigalita (south),160,strike-slip,22
198,Ortigalita (south),162,strike-slip,25
198,Ortigalita (south),164,strike-slip,28
198,Ortigalita (south),165,strike-slip,31
198,Ortigalita (south),166,strike-slip,21
198,Ortigalita (south),167,strike-slip,23
198,Ortigalita (south),168,strike-slip,12
198,Ortigalita (south),180,strike-slip,737
199,Owens Valley,-173,strike-slip,98
199,Owens Valley,-172,strike-slip,257
199,Owens Valley,-171,strike-slip,310
199,Owens Valley,-170,strike-slip,297
199,Owens Valley,-169,strike-slip,194
199,Owens Valley,-168,strike-slip,231
199,Owens Valley,-167,strike-slip,134
199,Owens Valley,-166,strike-slip,117
199,Owens Valley,-165,strike-slip,89
199,Owens Valley,-164,strike-slip,83
199,Owens Valley,-163,strike-slip,25
199,Owens Valley,-162,strike-slip,53
199,Owens Valley,-161,strike-slip,53
199,Owens Valley,-160,normal oblique,19
199,Owens Valley,-159,normal oblique,54
199,Owens Valley,-158,normal oblique,81
199,Owens Valley,-157,normal oblique,95
199,Owens Valley,-156,normal oblique,137
199,Owens Valley,-155,normal oblique,124
199,Owens Valley,-154,normal oblique,165
199,Owens Valley,-153,normal oblique,166
199,Owens Valley,-152,normal oblique,159
199,Owens Valley,-151,normal oblique,162
199,Owens Valley,-150,normal oblique,210
199,Owens Valley,-149,normal oblique,169
199,Owens Valley,-148,normal oblique,180
199,Owens Valley,-147,normal oblique,111
199,Owens Valley,-146,normal oblique,177
199,Owens Valley,-145,normal oblique,57
199,Owens Valley,-144,normal oblique,172
199,Owens Valley,-143,normal oblique,89
199,Owens Valley,-142,normal oblique,125
199,Owens Valley,-141,normal oblique,68
199,Owens Valley,-140,normal oblique,161
199,Owens Valley,-139,normal oblique,19
199,Owens Valley,-138,normal oblique,188
199,Owens Valley,-137,normal oblique,58
199,Owens Valley,-136,normal oblique,75
199,Owens Valley,-135,normal oblique,132
199,Owens Valley,-134,normal oblique,88
199,Owens Valley,-133,normal oblique,66
199,Owens Valley,-132,normal oblique,134
199,Owens Valley,-131,normal oblique,76
199,Owens Valley,-130,normal oblique,109
199,Owens Valley,-129,normal oblique,111
199,Owens Valley,-128,normal oblique,58
199,Owens Valley,-127,normal oblique,91
199,Owens Valley,-126,normal oblique,106
199,Owens Valley,-125,normal oblique,94
199,Owens Valley,-124,normal oblique,78
199,Owens Valley,-123,normal oblique,115
199,Owens Valley,-122,normal oblique,97
199,Owens Valley,-121,normal oblique,90
199,Owens Valley,-120,normal oblique,21
199,Owens Valley,-119,normal oblique,128
199,Owens Valley,-118,normal oblique,29
199,Owens Valley,-117,normal oblique,41
199,Owens Valley,-116,normal oblique,69
199,Owens Valley,-115,normal oblique,31
199,Owens Valley,-114,normal oblique,49
199,Owens Valley,-113,normal oblique,24
199,Owens Valley,-112,normal oblique,45
199,Owens Valley,-111,normal oblique,25
199,Owens Valley,-110,normal,54
199,Owens Valley,-109,normal,41
199,Owens Valley,-108,normal,28
199,Owens Valley,-107,normal,46
199,Owens Valley,-106,normal,39
199,Owens Valley,-105,normal,31
199,Owens Valley,-104,normal,65
199,Owens Valley,-103,normal,37
199,Owens Valley,-102,normal,57
199,Owens Valley,-101,normal,52
199,Owens Valley,-100,normal,45
199,Owens Valley,-99,normal,46
199,Owens Valley,-98,normal,13
199,Owens Valley,-97,normal,10
199,Owens Valley,-96,normal,7
199,Owens Valley,-95,normal,4
199,Owens Valley,-94,normal,2
199,Owens Valley,180,strike-slip,952
200,Owens Valley (Keough Hot Springs),-173,strike-slip,18
200,Owens Valley (Keough Hot Springs),-172,strike-slip,49
200,Owens Valley (Keough Hot Springs),-171,strike-slip,64
200,Owens Valley (Keough Hot Springs),-170,strike-slip,71
200,Owens Valley (Keough Hot Springs),-169,strike-slip,50
200,Owens Valley (Keough Hot Springs),-168,strike-slip,61
200,Owens Valley (Keough Hot Springs),-167,strike-slip,41
200,Owens Valley (Keough Hot Springs),-166,strike-slip,43
200,Owens Valley (Keough Hot Springs),-165,strike-slip,32
200,Owens Valley (Keough Hot Springs),-164,strike-slip,29
200,Owens Valley (Keough Hot Springs),-163,strike-slip,17
200,Owens Valley (Keough Hot Springs),-162,strike-slip,26
200,Owens Valley (Keough Hot Springs),-161,strike-slip,19
200,Owens Valley (Keough Hot Springs),-160,normal oblique,12
200,Owens Valley (Keough Hot Springs),-159,normal oblique,20
200,Owens Valley (Keough Hot Springs),-158,normal oblique,23
200,Owens Valley (Keough Hot Springs),-157,normal oblique,18
200,Owens Valley (Keough Hot Springs),-156,normal oblique,32
200,Owens Valley (Keough Hot Springs),-155,normal oblique,15
200,Owens Valley (Keough Hot Springs),-154,normal oblique,29
200,Owens Valley (Keough Hot Springs),-153,normal oblique,24
200,Owens Valley (Keough Hot Springs),-152,normal oblique,21
200,Owens Valley (Keough Hot Springs),-151,normal oblique,26
200,Owens Valley (Keough Hot Springs),-150,normal oblique,35
200,Owens Valley (Keough Hot Springs),-149,normal oblique,20
200,Owens Valley (Keough Hot Springs),-148,normal oblique,27
200,Owens Valley (Keough Hot Springs),-147,normal oblique,14
200,Owens Valley (Keough Hot Springs),-146,normal oblique,24
200,Owens Valley (Keough Hot Springs),-145,normal oblique,18
200,Owens Valley (Keough Hot Springs),-144,normal oblique,24
200,Owens Valley (Keough Hot Springs),-143,normal oblique,16
200,Owens Valley (Keough Hot Springs),-142,normal oblique,15
200,Owens Valley (Keough Hot Springs),-141,normal oblique,17
200,Owens Valley (Keough Hot Springs),-140,normal oblique,24
200,Owens Valley (Keough Hot Springs),-139,normal oblique,5
200,Owens Valley (Keough Hot Springs),-138,normal oblique,27
200,Owens Valley (Keough Hot Springs),-137,normal oblique,15
200,Owens Valley (Keough Hot Springs),-136,normal oblique,5
200,Owens Valley (Keough Hot Springs),-135,normal oblique,21
200,Owens Valley (Keough Hot Springs),-134,normal oblique,15
200,Owens Valley (Keough Hot Springs),-133,normal oblique,5
200,Owens Valley (Keough Hot Springs),-132,normal oblique,24
200,Owens Valley (Keough Hot Springs),-131,normal oblique,17
200,Owens Valley (Keough Hot Springs),-130,normal oblique,8
200,Owens Valley (Keough Hot Springs),-129,normal oblique,20
200,Owens Valley (Keough Hot Springs),-128,normal oblique,11
200,Owens Valley (Keough Hot Springs),-127,normal oblique,17
200,Owens Valley (Keough Hot Springs),-126,normal oblique,9
200,Owens Valley (Keough Hot Springs),-125,normal oblique,18
200,Owens Valley (Keough Hot Springs),-124,normal oblique,8
200,Owens Valley (Keough Hot Springs),-123,normal oblique,11
200,Owens Valley (Keough Hot Springs),-122,normal oblique,11
200,Owens Valley (Keough Hot Springs),-121,normal oblique,12
200,Owens Valley (Keough Hot Springs),-120,normal oblique,11
200,Owens Valley (Keough Hot Springs),-119,normal oblique,6
200,Owens Valley (Keough Hot Springs),-118,normal oblique,2
200,Owens Valley (Keough Hot Springs),-117,normal oblique,3
200,Owens Valley (Keough Hot Springs),-116,normal oblique,12
200,Owens Valley (Keough Hot Springs),-115,normal oblique,3
200,Owens Valley (Keough Hot Springs),-113,normal oblique,2
200,Owens Valley (Keough Hot Springs),-112,normal oblique,6
200,Owens Valley (Keough Hot Springs),-111,normal oblique,3
200,Owens Valley (Keough Hot Springs),-110,normal,3
200,Owens Valley (Keough Hot Springs),-108,normal,2
200,Owens Valley (Keough Hot Springs),-107,normal,6
200,Owens Valley (Keough Hot Springs),-106,normal,3
200,Owens Valley (Keough Hot Springs),-104,normal,3
200,Owens Valley (Keough Hot Springs),-102,normal,5
200,Owens Valley (Keough Hot Springs),-101,normal,3
200,Owens Valley (Keough Hot Springs),-90,normal,22
201,Owl Lake,0,strike-slip,744
201,Owl Lake,180,strike-slip,98
202,Ozena,90,reverse,462
202,Ozena,92,reverse,9
202,Ozena,93,reverse,7
202,Ozena,94,reverse,2
202,Ozena,96,reverse,9
202,Ozena,97,reverse,3
202,Ozena,98,reverse,5
202,Ozena,99,reverse,2
202,Ozena,100,reverse,5
202,Ozena,101,reverse,3
202,Ozena,102,reverse,5
202,Ozena,103,reverse,5
202,Ozena,104,reverse,5
202,Ozena,106,reverse,5
202,Ozena,107,reverse,2
202,Ozena,108,reverse,2
203,Palos Verdes,58,reverse oblique,6
203,Palos Verdes,59,reverse oblique,9
203,Palos Verdes,60,reverse oblique,15
203,Palos Verdes,61,reverse oblique,21
203,Palos Verdes,62,reverse oblique,27
203,Palos Verdes,63,reverse oblique,26
203,Palos Verdes,64,reverse oblique,41
203,Palos Verdes,65,reverse oblique,26
203,Palos Verdes,66,reverse oblique,44
203,Palos Verdes,67,reverse oblique,33
203,Palos Verdes,68,reverse oblique,33
203,Palos Verdes,69,reverse oblique,38
203,Palos Verdes,70,reverse,30
203,Palos Verdes,71,reverse,37
203,Palos Verdes,72,reverse,21
203,Palos Verdes,73,reverse,40
203,Palos Verdes,74,reverse,29
203,Palos Verdes,75,reverse,38
203,Palos Verdes,76,reverse,50
203,Palos Verdes,77,reverse,37
203,Palos Verdes,78,reverse,46
203,Palos Verdes,79,reverse,43
203,Palos Verdes,80,reverse,35
203,Palos Verdes,81,reverse,44
203,Palos Verdes,82,reverse,39
203,Palos Verdes,83,reverse,42
203,Palos Verdes,84,reverse,40
203,Palos Verdes,85,reverse,27
203,Palos Verdes,86,reverse,59
203,Palos Verdes,87,reverse,42
203,Palos Verdes,88,reverse,34
203,Palos Verdes,89,reverse,48
203,Palos Verdes,90,reverse,46
203,Palos Verdes,91,reverse,44
203,Palos Verdes,92,reverse,48
203,Palos Verdes,93,reverse,32
203,Palos Verdes,94,reverse,45
203,Palos Verdes,95,reverse,32
203,Palos Verdes,96,reverse,33
203,Palos Verdes,97,reverse,34
203,Palos Verdes,98,reverse,17
203,Palos Verdes,99,reverse,22
203,Palos Verdes,100,reverse,8
203,Palos Verdes,101,reverse,24
203,Palos Verdes,103,reverse,4
203,Palos Verdes,104,reverse,9
203,Palos Verdes,105,reverse,4
203,Palos Verdes,106,reverse,6
203,Palos Verdes,107,reverse,13
203,Palos Verdes,108,reverse,5
203,Palos Verdes,109,reverse,3
203,Palos Verdes,110,reverse oblique,15
203,Palos Verdes,112,reverse oblique,6
203,Palos Verdes,113,reverse oblique,17
203,Palos Verdes,115,reverse oblique,24
203,Palos Verdes,116,reverse oblique,6
203,Palos Verdes,118,reverse oblique,22
203,Palos Verdes,120,reverse oblique,12
203,Palos Verdes,121,reverse oblique,24
203,Palos Verdes,122,reverse oblique,8
203,Palos Verdes,123,reverse oblique,16
203,Palos Verdes,124,reverse oblique,10
203,Palos Verdes,125,reverse oblique,15
203,Palos Verdes,126,reverse oblique,11
203,Palos Verdes,127,reverse oblique,10
203,Palos Verdes,129,reverse oblique,19
203,Palos Verdes,130,reverse oblique,11
203,Palos Verdes,131,reverse oblique,13
203,Palos Verdes,132,reverse oblique,12
203,Palos Verdes,133,reverse oblique,22
203,Palos Verdes,134,reverse oblique,13
203,Palos Verdes,136,reverse oblique,23
203,Palos Verdes,137,reverse oblique,2
203,Palos Verdes,140,reverse oblique,10
203,Palos Verdes,142,reverse oblique,11
203,Palos Verdes,145,reverse oblique,12
203,Palos Verdes,147,reverse oblique,13
203,Palos Verdes,148,reverse oblique,3
203,Palos Verdes,149,reverse oblique,14
203,Palos Verdes,150,reverse oblique,15
203,Palos Verdes,152,reverse oblique,16
203,Palos Verdes,171,strike-slip,12
203,Palos Verdes,180,strike-slip,800
204,Panamint Valley,-150,normal oblique,2693
204,Panamint Valley,-148,normal oblique,51
204,Panamint Valley,-147,normal oblique,33
204,Panamint Valley,-146,normal oblique,63
204,Panamint Valley,-145,normal oblique,34
204,Panamint Valley,-144,normal oblique,32
204,Panamint Valley,-143,normal oblique,61
204,Panamint Valley,-142,normal oblique,96
204,Panamint Valley,-141,normal oblique,32
204,Panamint Valley,-140,normal oblique,107
204,Panamint Valley,-139,normal oblique,87
204,Panamint Valley,-138,normal oblique,77
204,Panamint Valley,-137,normal oblique,53
204,Panamint Valley,-136,normal oblique,68
204,Panamint Valley,-135,normal oblique,57
204,Panamint Valley,-134,normal oblique,60
204,Panamint Valley,-133,normal oblique,29
204,Panamint Valley,-132,normal oblique,56
204,Panamint Valley,-131,normal oblique,29
204,Panamint Valley,-130,normal oblique,60
204,Panamint Valley,-129,normal oblique,32
204,Panamint Valley,-128,normal oblique,19
204,Panamint Valley,-127,normal oblique,38
204,Panamint Valley,-126,normal oblique,33
204,Panamint Valley,-125,normal oblique,28
204,Panamint Valley,-124,normal oblique,23
204,Panamint Valley,-123,normal oblique,28
204,Panamint Valley,-122,normal oblique,15
204,Panamint Valley,-121,normal oblique,8
204,Panamint Valley,-120,normal oblique,23
204,Panamint Valley,-119,normal oblique,6
204,Panamint Valley,-118,normal oblique,4
204,Panamint Valley,-117,normal oblique,4
204,Panamint Valley,-116,normal oblique,5
204,Panamint Valley,-115,normal oblique,4
204,Panamint Valley,-113,normal oblique,8
204,Panamint Valley,-112,normal oblique,2
204,Panamint Valley,-110,normal,2
204,Panamint Valley,-107,normal,4
204,Panamint Valley,-93,normal,3
204,Panamint Valley,-92,normal,2
204,Panamint Valley,-64,normal oblique,3
204,Panamint Valley,-52,normal oblique,2
204,Panamint Valley,-44,normal oblique,3
204,Panamint Valley,-32,normal oblique,5
204,Panamint Valley,-25,normal oblique,3
204,Panamint Valley,-22,normal oblique,2
204,Panamint Valley,-20,strike-slip,3
204,Panamint Valley,-17,strike-slip,5
204,Panamint Valley,-15,strike-slip,3
204,Panamint Valley,-14,strike-slip,2
204,Panamint Valley,-13,strike-slip,3
204,Panamint Valley,-12,strike-slip,5
204,Panamint Valley,-10,strike-slip,8
204,Panamint Valley,-9,strike-slip,5
204,Panamint Valley,-8,strike-slip,8
204,Panamint Valley,-7,strike-slip,8
204,Panamint Valley,-6,strike-slip,7
204,Panamint Valley,-5,strike-slip,2
204,Panamint Valley,-3,strike-slip,9
204,Panamint Valley,-2,strike-slip,6
205,Paradise,180,strike-slip,1031
206,Peralta Hills,90,reverse,2
206,Peralta Hills,112,reverse oblique,2
206,Peralta Hills,119,reverse oblique,2
206,Peralta Hills,121,reverse oblique,2
206,Peralta Hills,136,reverse oblique,4
206,Peralta Hills,141,reverse oblique,2
206,Peralta Hills,142,reverse oblique,2
206,Peralta Hills,146,reverse oblique,4
206,Peralta Hills,152,reverse oblique,2
206,Peralta Hills,153,reverse oblique,2
206,Peralta Hills,158,reverse oblique,4
206,Peralta Hills,160,strike-slip,4
206,Peralta Hills,161,strike-slip,4
206,Peralta Hills,162,strike-slip,2
206,Peralta Hills,163,strike-slip,2
206,Peralta Hills,164,strike-slip,4
206,Peralta Hills,167,strike-slip,4
206,Peralta Hills,168,strike-slip,2
206,Peralta Hills,169,strike-slip,4
206,Peralta Hills,170,strike-slip,6
206,Peralta Hills,171,strike-slip,6
206,Peralta Hills,172,strike-slip,12
206,Peralta Hills,173,strike-slip,12
207,Pilarcitos,96,reverse,2
207,Pilarcitos,97,reverse,2
207,Pilarcitos,98,reverse,2
207,Pilarcitos,99,reverse,3
207,Pilarcitos,100,reverse,5
207,Pilarcitos,102,reverse,7
207,Pilarcitos,104,reverse,6
207,Pilarcitos,105,reverse,8
207,Pilarcitos,106,reverse,6
207,Pilarcitos,107,reverse,13
207,Pilarcitos,108,reverse,6
207,Pilarcitos,109,reverse,3
207,Pilarcitos,110,reverse oblique,36
207,Pilarcitos,111,reverse oblique,11
207,Pilarcitos,112,reverse oblique,12
207,Pilarcitos,113,reverse oblique,24
207,Pilarcitos,114,reverse oblique,28
207,Pilarcitos,115,reverse oblique,22
207,Pilarcitos,116,reverse oblique,33
207,Pilarcitos,117,reverse oblique,25
207,Pilarcitos,118,reverse oblique,33
207,Pilarcitos,119,reverse oblique,49
207,Pilarcitos,120,reverse oblique,36
207,Pilarcitos,121,reverse oblique,39
207,Pilarcitos,122,reverse oblique,48
207,Pilarcitos,123,reverse oblique,68
207,Pilarcitos,124,reverse oblique,77
207,Pilarcitos,125,reverse oblique,60
207,Pilarcitos,126,reverse oblique,144
207,Pilarcitos,127,reverse oblique,38
207,Pilarcitos,128,reverse oblique,94
207,Pilarcitos,129,reverse oblique,84
207,Pilarcitos,130,reverse oblique,131
207,Pilarcitos,131,reverse oblique,75
207,Pilarcitos,132,reverse oblique,123
207,Pilarcitos,133,reverse oblique,105
207,Pilarcitos,134,reverse oblique,168
207,Pilarcitos,135,reverse oblique,120
207,Pilarcitos,136,reverse oblique,116
207,Pilarcitos,137,reverse oblique,126
207,Pilarcitos,138,reverse oblique,204
207,Pilarcitos,139,reverse oblique,92
207,Pilarcitos,140,reverse oblique,238
207,Pilarcitos,141,reverse oblique,181
207,Pilarcitos,142,reverse oblique,202
207,Pilarcitos,143,reverse oblique,204
207,Pilarcitos,144,reverse oblique,237
207,Pilarcitos,145,reverse oblique,228
207,Pilarcitos,146,reverse oblique,294
207,Pilarcitos,147,reverse oblique,205
207,Pilarcitos,148,reverse oblique,367
207,Pilarcitos,149,reverse oblique,237
207,Pilarcitos,150,reverse oblique,334
207,Pilarcitos,151,reverse oblique,372
207,Pilarcitos,152,reverse oblique,464
207,Pilarcitos,153,reverse oblique,542
207,Pilarcitos,154,reverse oblique,613
207,Pilarcitos,155,reverse oblique,580
207,Pilarcitos,156,reverse oblique,859
207,Pilarcitos,157,reverse oblique,846
207,Pilarcitos,158,reverse oblique,924
207,Pilarcitos,159,reverse oblique,965
207,Pilarcitos,160,strike-slip,1139
207,Pilarcitos,161,strike-slip,984
207,Pilarcitos,162,strike-slip,1202
207,Pilarcitos,163,strike-slip,1136
207,Pilarcitos,164,strike-slip,1269
207,Pilarcitos,165,strike-slip,1171
207,Pilarcitos,166,strike-slip,1571
207,Pilarcitos,167,strike-slip,1661
207,Pilarcitos,168,strike-slip,2430
207,Pilarcitos,169,strike-slip,1968
207,Pilarcitos,170,strike-slip,2011
207,Pilarcitos,171,strike-slip,2271
207,Pilarcitos,172,strike-slip,3824
207,Pilarcitos,173,strike-slip,4166
207,Pilarcitos,174,strike-slip,6456
207,Pilarcitos,175,strike-slip,8390
207,Pilarcitos,176,strike-slip,17799
207,Pilarcitos,177,strike-slip,26991
207,Pilarcitos,178,strike-slip,42142
207,Pilarcitos,179,strike-slip,24692
207,Pilarcitos,180,strike-slip,125601
208,Pine Mountain,15,strike-slip,2
208,Pine Mountain,16,strike-slip,6
208,Pine Mountain,17,strike-slip,4
208,Pine Mountain,18,strike-slip,4
208,Pine Mountain,19,strike-slip,2
208,Pine Mountain,20,reverse oblique,4
208,Pine Mountain,21,reverse oblique,2
208,Pine Mountain,22,reverse oblique,4
208,Pine Mountain,23,reverse oblique,4
208,Pine Mountain,24,reverse oblique,4
208,Pine Mountain,25,reverse oblique,2
208,Pine Mountain,26,reverse oblique,4
208,Pine Mountain,27,reverse oblique,2
208,Pine Mountain,28,reverse oblique,6
208,Pine Mountain,29,reverse oblique,2
208,Pine Mountain,30,reverse oblique,4
208,Pine Mountain,31,reverse oblique,4
208,Pine Mountain,35,reverse oblique,2
208,Pine Mountain,39,reverse oblique,4
208,Pine Mountain,44,reverse oblique,4
208,Pine Mountain,50,reverse oblique,2
208,Pine Mountain,51,reverse oblique,2
208,Pine Mountain,52,reverse oblique,2
208,Pine Mountain,53,reverse oblique,2
208,Pine Mountain,54,reverse oblique,2
208,Pine Mountain,56,reverse oblique,2
208,Pine Mountain,58,reverse oblique,6
208,Pine Mountain,59,reverse oblique,2
208,Pine Mountain,60,reverse oblique,2
208,Pine Mountain,61,reverse oblique,2
208,Pine Mountain,64,reverse oblique,2
208,Pine Mountain,68,reverse oblique,2
208,Pine Mountain,70,reverse,4
208,Pine Mountain,71,reverse,4
208,Pine Mountain,72,reverse,4
208,Pine Mountain,73,reverse,4
208,Pine Mountain,74,reverse,8
208,Pine Mountain,75,reverse,6
208,Pine Mountain,76,reverse,14
208,Pine Mountain,77,reverse,10
208,Pine Mountain,79,reverse,4
208,Pine Mountain,80,reverse,6
208,Pine Mountain,81,reverse,4
208,Pine Mountain,82,reverse,8
208,Pine Mountain,83,reverse,8
208,Pine Mountain,84,reverse,6
208,Pine Mountain,85,reverse,8
208,Pine Mountain,86,reverse,6
208,Pine Mountain,89,reverse,2
208,Pine Mountain,90,reverse,470
208,Pine Mountain,106,reverse,2
208,Pine Mountain,113,reverse oblique,2
208,Pine Mountain,120,reverse oblique,2
208,Pine Mountain,126,reverse oblique,2
208,Pine Mountain,134,reverse oblique,2
208,Pine Mountain,137,reverse oblique,2
208,Pine Mountain,140,reverse oblique,2
208,Pine Mountain,142,reverse oblique,2
208,Pine Mountain,145,reverse oblique,2
208,Pine Mountain,147,reverse oblique,2
208,Pine Mountain,149,reverse oblique,2
208,Pine Mountain,150,reverse oblique,2
208,Pine Mountain,152,reverse oblique,2
208,Pine Mountain,153,reverse oblique,2
208,Pine Mountain,154,reverse oblique,2
208,Pine Mountain,156,reverse oblique,2
208,Pine Mountain,157,reverse oblique,2
208,Pine Mountain,158,reverse oblique,2
209,Pinto Mountain,0,strike-slip,688
209,Pinto Mountain,180,strike-slip,1874
210,Pisgah - Bullion Mountain - Mesquite Lake,0,strike-slip,43
210,Pisgah - Bullion Mountain - Mesquite Lake,180,strike-slip,1025
211,"Pitas Point (lower, Montalvo) [1]",57,reverse oblique,4
211,"Pitas Point (lower, Montalvo) [1]",58,reverse oblique,2
211,"Pitas Point (lower, Montalvo) [1]",59,reverse oblique,4
211,"Pitas Point (lower, Montalvo) [1]",60,reverse oblique,10
211,"Pitas Point (lower, Montalvo) [1]",61,reverse oblique,4
211,"Pitas Point (lower, Montalvo) [1]",62,reverse oblique,8
211,"Pitas Point (lower, Montalvo) [1]",63,reverse oblique,8
211,"Pitas Point (lower, Montalvo) [1]",64,reverse oblique,12
211,"Pitas Point (lower, Montalvo) [1]",65,reverse oblique,8
211,"Pitas Point (lower, Montalvo) [1]",66,reverse oblique,12
211,"Pitas Point (lower, Montalvo) [1]",67,reverse oblique,14
211,"Pitas Point (lower, Montalvo) [1]",68,reverse oblique,20
211,"Pitas Point (lower, Montalvo) [1]",69,reverse oblique,14
211,"Pitas Point (lower, Montalvo) [1]",70,reverse,28
211,"Pitas Point (lower, Montalvo) [1]",71,reverse,18
211,"Pitas Point (lower, Montalvo) [1]",72,reverse,32
211,"Pitas Point (lower, Montalvo) [1]",73,reverse,26
211,"Pitas Point (lower, Montalvo) [1]",74,reverse,48
211,"Pitas Point (lower, Montalvo) [1]",75,reverse,50
211,"Pitas Point (lower, Montalvo) [1]",76,reverse,70
211,"Pitas Point (lower, Montalvo) [1]",77,reverse,96
211,"Pitas Point (lower, Montalvo) [1]",78,reverse,150
211,"Pitas Point (lower, Montalvo) [1]",79,reverse,152
211,"Pitas Point (lower, Montalvo) [1]",80,reverse,262
211,"Pitas Point (lower, Montalvo) [1]",81,reverse,268
211,"Pitas Point (lower, Montalvo) [1]",82,reverse,386
211,"Pitas Point (lower, Montalvo) [1]",83,reverse,318
211,"Pitas Point (lower, Montalvo) [1]",84,reverse,424
211,"Pitas Point (lower, Montalvo) [1]",85,reverse,404
211,"Pitas Point (lower, Montalvo) [1]",86,reverse,444
211,"Pitas Point (lower, Montalvo) [1]",87,reverse,570
211,"Pitas Point (lower, Montalvo) [1]",88,reverse,350
211,"Pitas Point (lower, Montalvo) [1]",89,reverse,16
211,"Pitas Point (lower, Montalvo) [1]",90,reverse,810
211,"Pitas Point (lower, Montalvo) [1]",92,reverse,16
211,"Pitas Point (lower, Montalvo) [1]",93,reverse,4
211,"Pitas Point (lower, Montalvo) [1]",94,reverse,10
211,"Pitas Point (lower, Montalvo) [1]",95,reverse,6
211,"Pitas Point (lower, Montalvo) [1]",96,reverse,10
211,"Pitas Point (lower, Montalvo) [1]",97,reverse,6
211,"Pitas Point (lower, Montalvo) [1]",98,reverse,10
211,"Pitas Point (lower, Montalvo) [1]",99,reverse,6
211,"Pitas Point (lower, Montalvo) [1]",100,reverse,6
211,"Pitas Point (lower, Montalvo) [1]",101,reverse,6
211,"Pitas Point (lower, Montalvo) [1]",103,reverse,2
211,"Pitas Point (lower, Montalvo) [1]",106,reverse,2
211,"Pitas Point (lower, Montalvo) [1]",107,reverse,2
212,"Pitas Point (lower, west) [1]",30,reverse oblique,2
212,"Pitas Point (lower, west) [1]",32,reverse oblique,2
212,"Pitas Point (lower, west) [1]",34,reverse oblique,2
212,"Pitas Point (lower, west) [1]",37,reverse oblique,2
212,"Pitas Point (lower, west) [1]",39,reverse oblique,2
212,"Pitas Point (lower, west) [1]",40,reverse oblique,2
212,"Pitas Point (lower, west) [1]",41,reverse oblique,2
212,"Pitas Point (lower, west) [1]",42,reverse oblique,2
212,"Pitas Point (lower, west) [1]",43,reverse oblique,4
212,"Pitas Point (lower, west) [1]",44,reverse oblique,2
212,"Pitas Point (lower, west) [1]",45,reverse oblique,2
212,"Pitas Point (lower, west) [1]",46,reverse oblique,4
212,"Pitas Point (lower, west) [1]",47,reverse oblique,4
212,"Pitas Point (lower, west) [1]",48,reverse oblique,2
212,"Pitas Point (lower, west) [1]",49,reverse oblique,2
212,"Pitas Point (lower, west) [1]",50,reverse oblique,6
212,"Pitas Point (lower, west) [1]",51,reverse oblique,2
212,"Pitas Point (lower, west) [1]",52,reverse oblique,4
212,"Pitas Point (lower, west) [1]",53,reverse oblique,4
212,"Pitas Point (lower, west) [1]",54,reverse oblique,2
212,"Pitas Point (lower, west) [1]",56,reverse oblique,10
212,"Pitas Point (lower, west) [1]",57,reverse oblique,2
212,"Pitas Point (lower, west) [1]",58,reverse oblique,4
212,"Pitas Point (lower, west) [1]",59,reverse oblique,14
212,"Pitas Point (lower, west) [1]",60,reverse oblique,12
212,"Pitas Point (lower, west) [1]",61,reverse oblique,14
212,"Pitas Point (lower, west) [1]",62,reverse oblique,28
212,"Pitas Point (lower, west) [1]",63,reverse oblique,26
212,"Pitas Point (lower, west) [1]",64,reverse oblique,28
212,"Pitas Point (lower, west) [1]",65,reverse oblique,36
212,"Pitas Point (lower, west) [1]",66,reverse oblique,53
212,"Pitas Point (lower, west) [1]",67,reverse oblique,48
212,"Pitas Point (lower, west) [1]",68,reverse oblique,68
212,"Pitas Point (lower, west) [1]",69,reverse oblique,60
212,"Pitas Point (lower, west) [1]",70,reverse,81
212,"Pitas Point (lower, west) [1]",71,reverse,76
212,"Pitas Point (lower, west) [1]",72,reverse,97
212,"Pitas Point (lower, west) [1]",73,reverse,92
212,"Pitas Point (lower, west) [1]",74,reverse,125
212,"Pitas Point (lower, west) [1]",75,reverse,112
212,"Pitas Point (lower, west) [1]",76,reverse,159
212,"Pitas Point (lower, west) [1]",77,reverse,164
212,"Pitas Point (lower, west) [1]",78,reverse,246
212,"Pitas Point (lower, west) [1]",79,reverse,251
212,"Pitas Point (lower, west) [1]",80,reverse,406
212,"Pitas Point (lower, west) [1]",81,reverse,404
212,"Pitas Point (lower, west) [1]",82,reverse,610
212,"Pitas Point (lower, west) [1]",83,reverse,504
212,"Pitas Point (lower, west) [1]",84,reverse,660
212,"Pitas Point (lower, west) [1]",85,reverse,649
212,"Pitas Point (lower, west) [1]",86,reverse,743
212,"Pitas Point (lower, west) [1]",87,reverse,784
212,"Pitas Point (lower, west) [1]",88,reverse,601
212,"Pitas Point (lower, west) [1]",89,reverse,73
212,"Pitas Point (lower, west) [1]",90,reverse,2594
212,"Pitas Point (lower, west) [1]",91,reverse,66
212,"Pitas Point (lower, west) [1]",92,reverse,132
212,"Pitas Point (lower, west) [1]",93,reverse,111
212,"Pitas Point (lower, west) [1]",94,reverse,142
212,"Pitas Point (lower, west) [1]",95,reverse,119
212,"Pitas Point (lower, west) [1]",96,reverse,135
212,"Pitas Point (lower, west) [1]",97,reverse,102
212,"Pitas Point (lower, west) [1]",98,reverse,118
212,"Pitas Point (lower, west) [1]",99,reverse,78
212,"Pitas Point (lower, west) [1]",100,reverse,98
212,"Pitas Point (lower, west) [1]",101,reverse,58
212,"Pitas Point (lower, west) [1]",102,reverse,62
212,"Pitas Point (lower, west) [1]",103,reverse,45
212,"Pitas Point (lower, west) [1]",104,reverse,47
212,"Pitas Point (lower, west) [1]",105,reverse,22
212,"Pitas Point (lower, west) [1]",106,reverse,15
212,"Pitas Point (lower, west) [1]",107,reverse,8
212,"Pitas Point (lower, west) [1]",108,reverse,6
212,"Pitas Point (lower, west) [1]",110,reverse oblique,2
212,"Pitas Point (lower, west) [1]",111,reverse oblique,2
212,"Pitas Point (lower, west) [1]",113,reverse oblique,2
212,"Pitas Point (lower, west) [1]",114,reverse oblique,2
212,"Pitas Point (lower, west) [1]",116,reverse oblique,2
212,"Pitas Point (lower, west) [1]",117,reverse oblique,2
212,"Pitas Point (lower, west) [1]",118,reverse oblique,2
212,"Pitas Point (lower, west) [1]",120,reverse oblique,2
212,"Pitas Point (lower, west) [1]",121,reverse oblique,2
212,"Pitas Point (lower, west) [1]",122,reverse oblique,2
212,"Pitas Point (lower, west) [1]",123,reverse oblique,2
212,"Pitas Point (lower, west) [1]",125,reverse oblique,2
212,"Pitas Point (lower, west) [1]",126,reverse oblique,2
212,"Pitas Point (lower, west) [1]",127,reverse oblique,2
212,"Pitas Point (lower, west) [1]",128,reverse oblique,2
212,"Pitas Point (lower, west) [1]",129,reverse oblique,2
214,Pittville,-90,normal,112
215,Pleito,90,reverse,30
215,Pleito,107,reverse,5
215,Pleito,110,reverse oblique,4
215,Pleito,111,reverse oblique,4
215,Pleito,114,reverse oblique,5
215,Pleito,115,reverse oblique,3
215,Pleito,117,reverse oblique,3
215,Pleito,118,reverse oblique,4
215,Pleito,119,reverse oblique,4
215,Pleito,121,reverse oblique,5
215,Pleito,122,reverse oblique,5
215,Pleito,125,reverse oblique,9
215,Pleito,126,reverse oblique,15
215,Pleito,127,reverse oblique,14
215,Pleito,128,reverse oblique,8
215,Pleito,129,reverse oblique,4
215,Pleito,130,reverse oblique,3
215,Pleito,132,reverse oblique,4
215,Pleito,133,reverse oblique,12
215,Pleito,134,reverse oblique,11
215,Pleito,135,reverse oblique,5
215,Pleito,137,reverse oblique,7
215,Pleito,138,reverse oblique,23
215,Pleito,139,reverse oblique,3
215,Pleito,140,reverse oblique,9
215,Pleito,141,reverse oblique,7
215,Pleito,142,reverse oblique,16
215,Pleito,143,reverse oblique,8
215,Pleito,144,reverse oblique,7
215,Pleito,145,reverse oblique,9
215,Pleito,146,reverse oblique,27
215,Pleito,147,reverse oblique,7
215,Pleito,148,reverse oblique,12
215,Pleito,149,reverse oblique,25
215,Pleito,150,reverse oblique,11
215,Pleito,151,reverse oblique,14
215,Pleito,152,reverse oblique,33
215,Pleito,153,reverse oblique,13
215,Pleito,154,reverse oblique,44
215,Pleito,155,reverse oblique,11
215,Pleito,156,reverse oblique,54
215,Pleito,157,reverse oblique,42
215,Pleito,158,reverse oblique,42
215,Pleito,159,reverse oblique,58
215,Pleito,160,strike-slip,78
215,Pleito,161,strike-slip,79
215,Pleito,162,strike-slip,114
215,Pleito,163,strike-slip,107
215,Pleito,164,strike-slip,192
215,Pleito,165,strike-slip,205
215,Pleito,166,strike-slip,362
215,Pleito,167,strike-slip,462
215,Pleito,168,strike-slip,703
215,Pleito,169,strike-slip,939
215,Pleito,170,strike-slip,1548
215,Pleito,171,strike-slip,1673
215,Pleito,172,strike-slip,3027
215,Pleito,173,strike-slip,3700
215,Pleito,174,strike-slip,5313
215,Pleito,175,strike-slip,3387
215,Pleito,176,strike-slip,2145
215,Pleito,177,strike-slip,111
215,Pleito,178,strike-slip,10
216,Point Reyes,90,reverse,814
216,Point Reyes,98,reverse,23
216,Point Reyes,99,reverse,10
216,Point Reyes,100,reverse,40
216,Point Reyes,101,reverse,17
216,Point Reyes,102,reverse,38
216,Point Reyes,103,reverse,23
216,Point Reyes,104,reverse,16
216,Point Reyes,105,reverse,26
216,Point Reyes,106,reverse,71
216,Point Reyes,107,reverse,20
216,Point Reyes,108,reverse,32
216,Point Reyes,109,reverse,58
216,Point Reyes,110,reverse oblique,60
216,Point Reyes,111,reverse oblique,47
216,Point Reyes,112,reverse oblique,45
216,Point Reyes,113,reverse oblique,66
216,Point Reyes,114,reverse oblique,64
216,Point Reyes,115,reverse oblique,54
216,Point Reyes,116,reverse oblique,76
216,Point Reyes,117,reverse oblique,47
216,Point Reyes,118,reverse oblique,76
216,Point Reyes,119,reverse oblique,75
216,Point Reyes,120,reverse oblique,57
216,Point Reyes,121,reverse oblique,93
216,Point Reyes,122,reverse oblique,120
216,Point Reyes,123,reverse oblique,90
216,Point Reyes,124,reverse oblique,141
216,Point Reyes,125,reverse oblique,136
216,Point Reyes,126,reverse oblique,196
216,Point Reyes,127,reverse oblique,100
216,Point Reyes,128,reverse oblique,232
216,Point Reyes,129,reverse oblique,129
216,Point Reyes,130,reverse oblique,207
216,Point Reyes,131,reverse oblique,165
216,Point Reyes,132,reverse oblique,140
216,Point Reyes,133,reverse oblique,179
216,Point Reyes,134,reverse oblique,303
216,Point Reyes,135,reverse oblique,173
216,Point Reyes,136,reverse oblique,279
216,Point Reyes,137,reverse oblique,158
216,Point Reyes,138,reverse oblique,328
216,Point Reyes,139,reverse oblique,197
216,Point Reyes,140,reverse oblique,339
216,Point Reyes,141,reverse oblique,326
216,Point Reyes,142,reverse oblique,334
216,Point Reyes,143,reverse oblique,415
216,Point Reyes,144,reverse oblique,469
216,Point Reyes,145,reverse oblique,510
216,Point Reyes,146,reverse oblique,762
216,Point Reyes,147,reverse oblique,789
216,Point Reyes,148,reverse oblique,1208
216,Point Reyes,149,reverse oblique,929
216,Point Reyes,150,reverse oblique,1111
216,Point Reyes,151,reverse oblique,941
216,Point Reyes,152,reverse oblique,1172
216,Point Reyes,153,reverse oblique,1011
216,Point Reyes,154,reverse oblique,1354
216,Point Reyes,155,reverse oblique,1187
216,Point Reyes,156,reverse oblique,1582
216,Point Reyes,157,reverse oblique,1429
216,Point Reyes,158,reverse oblique,1820
216,Point Reyes,159,reverse oblique,1541
216,Point Reyes,160,strike-slip,1864
216,Point Reyes,161,strike-slip,1519
216,Point Reyes,162,strike-slip,1966
216,Point Reyes,163,strike-slip,1674
216,Point Reyes,164,strike-slip,1997
216,Point Reyes,165,strike-slip,1678
216,Point Reyes,166,strike-slip,2061
216,Point Reyes,167,strike-slip,1740
216,Point Reyes,168,strike-slip,2077
216,Point Reyes,169,strike-slip,1574
216,Point Reyes,170,strike-slip,1857
216,Point Reyes,171,strike-slip,1502
216,Point Reyes,172,strike-slip,1848
216,Point Reyes,173,strike-slip,1502
216,Point Reyes,174,strike-slip,1411
216,Point Reyes,175,strike-slip,786
216,Point Reyes,176,strike-slip,497
216,Point Reyes,177,strike-slip,144
217,Point Reyes (connector),90,reverse,374
217,Point Reyes (connector),98,reverse,12
217,Point Reyes (connector),99,reverse,6
217,Point Reyes (connector),100,reverse,24
217,Point Reyes (connector),101,reverse,12
217,Point Reyes (connector),102,reverse,24
217,Point Reyes (connector),103,reverse,18
217,Point Reyes (connector),104,reverse,12
217,Point Reyes (connector),105,reverse,18
217,Point Reyes (connector),106,reverse,48
217,Point Reyes (connector),107,reverse,12
217,Point Reyes (connector),108,reverse,30
217,Point Reyes (connector),109,reverse,36
217,Point Reyes (connector),110,reverse oblique,42
217,Point Reyes (connector),111,reverse oblique,30
217,Point Reyes (connector),112,reverse oblique,36
217,Point Reyes (connector),113,reverse oblique,48
217,Point Reyes (connector),114,reverse oblique,48
217,Point Reyes (connector),115,reverse oblique,41
217,Point Reyes (connector),116,reverse oblique,60
217,Point Reyes (connector),117,reverse oblique,30
217,Point Reyes (connector),118,reverse oblique,65
217,Point Reyes (connector),119,reverse oblique,54
217,Point Reyes (connector),120,reverse oblique,48
217,Point Reyes (connector),121,reverse oblique,70
217,Point Reyes (connector),122,reverse oblique,84
217,Point Reyes (connector),123,reverse oblique,81
217,Point Reyes (connector),124,reverse oblique,96
217,Point Reyes (connector),125,reverse oblique,107
217,Point Reyes (connector),126,reverse oblique,138
217,Point Reyes (connector),127,reverse oblique,66
217,Point Reyes (connector),128,reverse oblique,188
217,Point Reyes (connector),129,reverse oblique,112
217,Point Reyes (connector),130,reverse oblique,165
217,Point Reyes (connector),131,reverse oblique,146
217,Point Reyes (connector),132,reverse oblique,124
217,Point Reyes (connector),133,reverse oblique,155
217,Point Reyes (connector),134,reverse oblique,250
217,Point Reyes (connector),135,reverse oblique,136
217,Point Reyes (connector),136,reverse oblique,238
217,Point Reyes (connector),137,reverse oblique,147
217,Point Reyes (connector),138,reverse oblique,263
217,Point Reyes (connector),139,reverse oblique,200
217,Point Reyes (connector),140,reverse oblique,260
217,Point Reyes (connector),141,reverse oblique,270
217,Point Reyes (connector),142,reverse oblique,284
217,Point Reyes (connector),143,reverse oblique,333
217,Point Reyes (connector),144,reverse oblique,365
217,Point Reyes (connector),145,reverse oblique,404
217,Point Reyes (connector),146,reverse oblique,518
217,Point Reyes (connector),147,reverse oblique,566
217,Point Reyes (connector),148,reverse oblique,886
217,Point Reyes (connector),149,reverse oblique,673
217,Point Reyes (connector),150,reverse oblique,903
217,Point Reyes (connector),151,reverse oblique,769
217,Point Reyes (connector),152,reverse oblique,1088
217,Point Reyes (connector),153,reverse oblique,902
217,Point Reyes (connector),154,reverse oblique,1210
217,Point Reyes (connector),155,reverse oblique,1056
217,Point Reyes (connector),156,reverse oblique,1483
217,Point Reyes (connector),157,reverse oblique,1372
217,Point Reyes (connector),158,reverse oblique,1730
217,Point Reyes (connector),159,reverse oblique,1524
217,Point Reyes (connector),160,strike-slip,1825
217,Point Reyes (connector),161,strike-slip,1565
217,Point Reyes (connector),162,strike-slip,2037
217,Point Reyes (connector),163,strike-slip,1915
217,Point Reyes (connector),164,strike-slip,2298
217,Point Reyes (connector),165,strike-slip,2076
217,Point Reyes (connector),166,strike-slip,2649
217,Point Reyes (connector),167,strike-slip,2371
217,Point Reyes (connector),168,strike-slip,3078
217,Point Reyes (connector),169,strike-slip,2801
217,Point Reyes (connector),170,strike-slip,3477
217,Point Reyes (connector),171,strike-slip,2953
217,Point Reyes (connector),172,strike-slip,3978
217,Point Reyes (connector),173,strike-slip,3749
217,Point Reyes (connector),174,strike-slip,5432
217,Point Reyes (connector),175,strike-slip,6127
217,Point Reyes (connector),176,strike-slip,12402
217,Point Reyes (connector),177,strike-slip,17670
217,Point Reyes (connector),178,strike-slip,17572
217,Point Reyes (connector),179,strike-slip,852
218,Polaris,-146,normal oblique,4
218,Polaris,-139,normal oblique,3
218,Polaris,-135,normal oblique,4
218,Polaris,-127,normal oblique,9
218,Polaris,-121,normal oblique,4
218,Polaris,-120,normal oblique,3
218,Polaris,-117,normal oblique,6
218,Polaris,-114,normal oblique,3
218,Polaris,-113,normal oblique,4
218,Polaris,-111,normal oblique,5
218,Polaris,-108,normal,3
218,Polaris,-107,normal,2
218,Polaris,-104,normal,2
218,Polaris,-102,normal,2
218,Polaris,180,strike-slip,16
222,Puente Hills [1],48,reverse oblique,12
222,Puente Hills [1],49,reverse oblique,12
222,Puente Hills [1],50,reverse oblique,18
222,Puente Hills [1],51,reverse oblique,17
222,Puente Hills [1],52,reverse oblique,37
222,Puente Hills [1],53,reverse oblique,35
222,Puente Hills [1],54,reverse oblique,35
222,Puente Hills [1],55,reverse oblique,39
222,Puente Hills [1],56,reverse oblique,47
222,Puente Hills [1],57,reverse oblique,31
222,Puente Hills [1],58,reverse oblique,54
222,Puente Hills [1],59,reverse oblique,64
222,Puente Hills [1],60,reverse oblique,54
222,Puente Hills [1],61,reverse oblique,59
222,Puente Hills [1],62,reverse oblique,80
222,Puente Hills [1],63,reverse oblique,65
222,Puente Hills [1],64,reverse oblique,97
222,Puente Hills [1],65,reverse oblique,55
222,Puente Hills [1],66,reverse oblique,70
222,Puente Hills [1],67,reverse oblique,54
222,Puente Hills [1],68,reverse oblique,50
222,Puente Hills [1],69,reverse oblique,32
222,Puente Hills [1],70,reverse,52
222,Puente Hills [1],71,reverse,36
222,Puente Hills [1],72,reverse,40
222,Puente Hills [1],73,reverse,48
222,Puente Hills [1],74,reverse,48
222,Puente Hills [1],75,reverse,32
222,Puente Hills [1],76,reverse,63
222,Puente Hills [1],77,reverse,48
222,Puente Hills [1],78,reverse,58
222,Puente Hills [1],79,reverse,40
222,Puente Hills [1],80,reverse,58
222,Puente Hills [1],81,reverse,20
222,Puente Hills [1],82,reverse,18
222,Puente Hills [1],83,reverse,15
222,Puente Hills [1],84,reverse,21
222,Puente Hills [1],85,reverse,15
222,Puente Hills [1],86,reverse,21
222,Puente Hills [1],87,reverse,17
222,Puente Hills [1],88,reverse,24
222,Puente Hills [1],89,reverse,18
222,Puente Hills [1],90,reverse,118
222,Puente Hills [1],91,reverse,18
222,Puente Hills [1],92,reverse,15
222,Puente Hills [1],93,reverse,9
222,Puente Hills [1],94,reverse,18
222,Puente Hills [1],95,reverse,12
222,Puente Hills [1],96,reverse,12
222,Puente Hills [1],97,reverse,29
222,Puente Hills [1],98,reverse,14
222,Puente Hills [1],99,reverse,18
222,Puente Hills [1],100,reverse,30
222,Puente Hills [1],101,reverse,18
222,Puente Hills [1],102,reverse,38
222,Puente Hills [1],103,reverse,23
222,Puente Hills [1],104,reverse,28
222,Puente Hills [1],105,reverse,27
222,Puente Hills [1],106,reverse,24
222,Puente Hills [1],107,reverse,8
222,Puente Hills [1],108,reverse,42
222,Puente Hills [1],109,reverse,18
222,Puente Hills [1],110,reverse oblique,20
222,Puente Hills [1],111,reverse oblique,25
222,Puente Hills [1],112,reverse oblique,23
222,Puente Hills [1],113,reverse oblique,20
222,Puente Hills [1],114,reverse oblique,26
222,Puente Hills [1],115,reverse oblique,22
222,Puente Hills [1],116,reverse oblique,23
222,Puente Hills [1],117,reverse oblique,17
222,Puente Hills [1],118,reverse oblique,25
222,Puente Hills [1],119,reverse oblique,20
222,Puente Hills [1],120,reverse oblique,21
222,Puente Hills [1],121,reverse oblique,15
222,Puente Hills [1],122,reverse oblique,31
222,Puente Hills [1],123,reverse oblique,15
222,Puente Hills [1],124,reverse oblique,20
222,Puente Hills [1],125,reverse oblique,19
222,Puente Hills [1],126,reverse oblique,30
222,Puente Hills [1],127,reverse oblique,12
222,Puente Hills [1],128,reverse oblique,12
222,Puente Hills [1],129,reverse oblique,19
222,Puente Hills [1],130,reverse oblique,20
222,Puente Hills [1],131,reverse oblique,6
222,Puente Hills [1],132,reverse oblique,17
222,Puente Hills [1],133,reverse oblique,9
222,Puente Hills [1],134,reverse oblique,3
222,Puente Hills [1],135,reverse oblique,17
222,Puente Hills [1],136,reverse oblique,22
222,Puente Hills [1],137,reverse oblique,18
222,Puente Hills [1],138,reverse oblique,13
222,Puente Hills [1],139,reverse oblique,20
222,Puente Hills [1],140,reverse oblique,26
222,Puente Hills [1],141,reverse oblique,21
222,Puente Hills [1],142,reverse oblique,14
222,Puente Hills [1],143,reverse oblique,25
222,Puente Hills [1],144,reverse oblique,14
222,Puente Hills [1],145,reverse oblique,13
222,Puente Hills [1],146,reverse oblique,18
222,Puente Hills [1],147,reverse oblique,21
222,Puente Hills [1],148,reverse oblique,17
222,Puente Hills [1],149,reverse oblique,14
222,Puente Hills [1],150,reverse oblique,17
222,Puente Hills [1],151,reverse oblique,11
222,Puente Hills [1],152,reverse oblique,25
222,Puente Hills [1],153,reverse oblique,10
222,Puente Hills [1],154,reverse oblique,31
222,Puente Hills [1],155,reverse oblique,9
222,Puente Hills [1],156,reverse oblique,23
222,Puente Hills [1],157,reverse oblique,8
222,Puente Hills [1],158,reverse oblique,26
222,Puente Hills [1],159,reverse oblique,26
222,Puente Hills [1],160,strike-slip,29
222,Puente Hills [1],161,strike-slip,27
222,Puente Hills [1],162,strike-slip,39
222,Puente Hills [1],163,strike-slip,27
222,Puente Hills [1],164,strike-slip,36
222,Puente Hills [1],165,strike-slip,25
222,Puente Hills [1],166,strike-slip,8
222,Puente Hills [1],167,strike-slip,13
222,Puente Hills [1],168,strike-slip,9
222,Puente Hills [1],169,strike-slip,4
222,Puente Hills [1],170,strike-slip,12
223,Quien Sabe,180,strike-slip,1122
224,Raymond,35,reverse oblique,12
224,Raymond,36,reverse oblique,10
224,Raymond,37,reverse oblique,45
224,Raymond,38,reverse oblique,66
224,Raymond,39,reverse oblique,31
224,Raymond,40,reverse oblique,24
224,Raymond,41,reverse oblique,19
224,Raymond,42,reverse oblique,83
224,Raymond,43,reverse oblique,112
224,Raymond,44,reverse oblique,106
224,Raymond,45,reverse oblique,83
224,Raymond,46,reverse oblique,127
224,Raymond,47,reverse oblique,156
224,Raymond,48,reverse oblique,177
224,Raymond,49,reverse oblique,108
224,Raymond,50,reverse oblique,123
224,Raymond,51,reverse oblique,123
224,Raymond,52,reverse oblique,142
224,Raymond,53,reverse oblique,107
224,Raymond,54,reverse oblique,136
224,Raymond,55,reverse oblique,103
224,Raymond,56,reverse oblique,151
224,Raymond,57,reverse oblique,95
224,Raymond,58,reverse oblique,129
224,Raymond,59,reverse oblique,94
224,Raymond,60,reverse oblique,112
224,Raymond,61,reverse oblique,102
224,Raymond,62,reverse oblique,106
224,Raymond,63,reverse oblique,89
224,Raymond,64,reverse oblique,95
224,Raymond,65,reverse oblique,60
224,Raymond,66,reverse oblique,78
224,Raymond,67,reverse oblique,65
224,Raymond,68,reverse oblique,78
224,Raymond,69,reverse oblique,57
224,Raymond,70,reverse,60
224,Raymond,71,reverse,40
224,Raymond,72,reverse,48
224,Raymond,73,reverse,51
224,Raymond,74,reverse,53
224,Raymond,75,reverse,45
224,Raymond,76,reverse,52
224,Raymond,77,reverse,30
224,Raymond,78,reverse,37
224,Raymond,79,reverse,24
224,Raymond,80,reverse,27
224,Raymond,81,reverse,37
224,Raymond,82,reverse,35
224,Raymond,83,reverse,44
224,Raymond,84,reverse,56
224,Raymond,85,reverse,65
224,Raymond,86,reverse,62
224,Raymond,87,reverse,120
224,Raymond,88,reverse,113
224,Raymond,89,reverse,6
224,Raymond,90,reverse,15
224,Raymond,91,reverse,12
224,Raymond,92,reverse,25
224,Raymond,93,reverse,32
224,Raymond,94,reverse,21
224,Raymond,95,reverse,14
224,Raymond,96,reverse,37
224,Raymond,97,reverse,21
224,Raymond,98,reverse,29
224,Raymond,99,reverse,22
224,Raymond,100,reverse,22
224,Raymond,101,reverse,20
224,Raymond,102,reverse,21
224,Raymond,103,reverse,18
224,Raymond,104,reverse,20
224,Raymond,105,reverse,27
224,Raymond,106,reverse,25
224,Raymond,107,reverse,11
224,Raymond,108,reverse,19
224,Raymond,109,reverse,19
224,Raymond,110,reverse oblique,8
224,Raymond,111,reverse oblique,17
224,Raymond,112,reverse oblique,17
224,Raymond,113,reverse oblique,15
224,Raymond,114,reverse oblique,19
224,Raymond,115,reverse oblique,21
224,Raymond,116,reverse oblique,9
224,Raymond,117,reverse oblique,16
224,Raymond,118,reverse oblique,13
224,Raymond,119,reverse oblique,16
224,Raymond,120,reverse oblique,17
224,Raymond,121,reverse oblique,20
224,Raymond,122,reverse oblique,9
224,Raymond,123,reverse oblique,13
224,Raymond,124,reverse oblique,26
224,Raymond,125,reverse oblique,9
224,Raymond,126,reverse oblique,25
224,Raymond,127,reverse oblique,8
224,Raymond,128,reverse oblique,15
224,Raymond,129,reverse oblique,9
224,Raymond,130,reverse oblique,9
224,Raymond,131,reverse oblique,7
224,Raymond,132,reverse oblique,18
224,Raymond,133,reverse oblique,8
224,Raymond,134,reverse oblique,16
224,Raymond,135,reverse oblique,19
224,Raymond,136,reverse oblique,19
224,Raymond,137,reverse oblique,12
224,Raymond,138,reverse oblique,22
224,Raymond,139,reverse oblique,16
224,Raymond,140,reverse oblique,12
224,Raymond,141,reverse oblique,20
224,Raymond,142,reverse oblique,4
224,Raymond,143,reverse oblique,20
224,Raymond,144,reverse oblique,23
224,Raymond,145,reverse oblique,27
224,Raymond,146,reverse oblique,24
224,Raymond,147,reverse oblique,26
224,Raymond,148,reverse oblique,30
224,Raymond,149,reverse oblique,15
224,Raymond,150,reverse oblique,27
224,Raymond,151,reverse oblique,25
224,Raymond,152,reverse oblique,32
224,Raymond,153,reverse oblique,21
224,Raymond,154,reverse oblique,9
224,Raymond,155,reverse oblique,13
224,Raymond,156,reverse oblique,3
224,Raymond,157,reverse oblique,6
224,Raymond,158,reverse oblique,5
224,Raymond,159,reverse oblique,6
225,Red Mountain,39,reverse oblique,2
225,Red Mountain,41,reverse oblique,2
225,Red Mountain,42,reverse oblique,3
225,Red Mountain,43,reverse oblique,2
225,Red Mountain,45,reverse oblique,3
225,Red Mountain,46,reverse oblique,6
225,Red Mountain,47,reverse oblique,3
225,Red Mountain,48,reverse oblique,4
225,Red Mountain,49,reverse oblique,2
225,Red Mountain,50,reverse oblique,9
225,Red Mountain,52,reverse oblique,5
225,Red Mountain,53,reverse oblique,7
225,Red Mountain,54,reverse oblique,4
225,Red Mountain,56,reverse oblique,9
225,Red Mountain,59,reverse oblique,7
225,Red Mountain,60,reverse oblique,2
225,Red Mountain,62,reverse oblique,4
225,Red Mountain,63,reverse oblique,3
225,Red Mountain,64,reverse oblique,2
225,Red Mountain,65,reverse oblique,4
225,Red Mountain,66,reverse oblique,3
225,Red Mountain,69,reverse oblique,4
225,Red Mountain,72,reverse,9
225,Red Mountain,73,reverse,14
225,Red Mountain,74,reverse,23
225,Red Mountain,75,reverse,21
225,Red Mountain,76,reverse,32
225,Red Mountain,77,reverse,16
225,Red Mountain,78,reverse,33
225,Red Mountain,79,reverse,62
225,Red Mountain,80,reverse,127
225,Red Mountain,81,reverse,155
225,Red Mountain,82,reverse,194
225,Red Mountain,83,reverse,135
225,Red Mountain,84,reverse,173
225,Red Mountain,85,reverse,194
225,Red Mountain,86,reverse,198
225,Red Mountain,87,reverse,266
225,Red Mountain,88,reverse,111
225,Red Mountain,89,reverse,9
225,Red Mountain,90,reverse,4207
225,Red Mountain,91,reverse,9
225,Red Mountain,92,reverse,22
225,Red Mountain,93,reverse,25
225,Red Mountain,94,reverse,54
225,Red Mountain,95,reverse,45
225,Red Mountain,96,reverse,41
225,Red Mountain,97,reverse,42
225,Red Mountain,98,reverse,39
225,Red Mountain,99,reverse,33
225,Red Mountain,100,reverse,25
225,Red Mountain,101,reverse,21
225,Red Mountain,102,reverse,29
225,Red Mountain,103,reverse,23
225,Red Mountain,104,reverse,34
225,Red Mountain,105,reverse,11
225,Red Mountain,106,reverse,11
225,Red Mountain,107,reverse,18
225,Red Mountain,108,reverse,9
225,Red Mountain,109,reverse,7
225,Red Mountain,110,reverse oblique,7
225,Red Mountain,112,reverse oblique,2
226,Red Pass,180,strike-slip,30
227,Redondo Canyon [1],90,reverse,14
227,Redondo Canyon [1],95,reverse,2
227,Redondo Canyon [1],97,reverse,2
227,Redondo Canyon [1],99,reverse,2
227,Redondo Canyon [1],105,reverse,2
227,Redondo Canyon [1],107,reverse,2
227,Redondo Canyon [1],110,reverse oblique,2
227,Redondo Canyon [1],115,reverse oblique,2
227,Redondo Canyon [1],120,reverse oblique,2
227,Redondo Canyon [1],122,reverse oblique,2
227,Redondo Canyon [1],125,reverse oblique,2
227,Redondo Canyon [1],127,reverse oblique,2
227,Redondo Canyon [1],136,reverse oblique,2
227,Redondo Canyon [1],137,reverse oblique,2
227,Redondo Canyon [1],148,reverse oblique,2
227,Redondo Canyon [1],152,reverse oblique,2
227,Redondo Canyon [1],153,reverse oblique,2
227,Redondo Canyon [1],171,strike-slip,2
229,Reliz,146,reverse oblique,2
229,Reliz,147,reverse oblique,5
229,Reliz,148,reverse oblique,4
229,Reliz,149,reverse oblique,5
229,Reliz,150,reverse oblique,12
229,Reliz,151,reverse oblique,13
229,Reliz,152,reverse oblique,22
229,Reliz,153,reverse oblique,26
229,Reliz,154,reverse oblique,35
229,Reliz,155,reverse oblique,59
229,Reliz,156,reverse oblique,71
229,Reliz,157,reverse oblique,93
229,Reliz,158,reverse oblique,114
229,Reliz,159,reverse oblique,130
229,Reliz,160,strike-slip,184
229,Reliz,161,strike-slip,125
229,Reliz,162,strike-slip,222
229,Reliz,163,strike-slip,209
229,Reliz,164,strike-slip,291
229,Reliz,165,strike-slip,277
229,Reliz,166,strike-slip,456
229,Reliz,167,strike-slip,395
229,Reliz,168,strike-slip,497
229,Reliz,169,strike-slip,442
229,Reliz,170,strike-slip,433
229,Reliz,171,strike-slip,372
229,Reliz,172,strike-slip,523
229,Reliz,173,strike-slip,656
229,Reliz,174,strike-slip,1451
229,Reliz,175,strike-slip,1756
229,Reliz,176,strike-slip,2247
229,Reliz,177,strike-slip,1270
229,Reliz,178,strike-slip,1129
229,Reliz,179,strike-slip,236
229,Reliz,180,strike-slip,30933
230,Richfield,66,reverse oblique,4
230,Richfield,67,reverse oblique,2
230,Richfield,68,reverse oblique,2
230,Richfield,69,reverse oblique,2
230,Richfield,70,reverse,2
230,Richfield,71,reverse,2
230,Richfield,72,reverse,2
230,Richfield,74,reverse,4
230,Richfield,75,reverse,2
230,Richfield,77,reverse,2
230,Richfield,78,reverse,2
230,Richfield,79,reverse,2
230,Richfield,80,reverse,2
230,Richfield,82,reverse,2
230,Richfield,83,reverse,2
230,Richfield,84,reverse,2
230,Richfield,85,reverse,2
230,Richfield,86,reverse,2
230,Richfield,88,reverse,4
230,Richfield,90,reverse,6
230,Richfield,102,reverse,4
230,Richfield,103,reverse,2
230,Richfield,104,reverse,4
230,Richfield,105,reverse,2
230,Richfield,106,reverse,2
230,Richfield,107,reverse,2
230,Richfield,108,reverse,2
230,Richfield,110,reverse oblique,4
230,Richfield,113,reverse oblique,2
230,Richfield,116,reverse oblique,4
230,Richfield,122,reverse oblique,2
230,Richfield,128,reverse oblique,2
231,Rinconada,116,reverse oblique,2
231,Rinconada,118,reverse oblique,3
231,Rinconada,120,reverse oblique,6
231,Rinconada,122,reverse oblique,8
231,Rinconada,124,reverse oblique,6
231,Rinconada,125,reverse oblique,6
231,Rinconada,126,reverse oblique,7
231,Rinconada,127,reverse oblique,5
231,Rinconada,128,reverse oblique,13
231,Rinconada,129,reverse oblique,6
231,Rinconada,130,reverse oblique,16
231,Rinconada,131,reverse oblique,7
231,Rinconada,132,reverse oblique,14
231,Rinconada,133,reverse oblique,24
231,Rinconada,134,reverse oblique,5
231,Rinconada,135,reverse oblique,27
231,Rinconada,136,reverse oblique,13
231,Rinconada,137,reverse oblique,17
231,Rinconada,138,reverse oblique,25
231,Rinconada,139,reverse oblique,23
231,Rinconada,140,reverse oblique,28
231,Rinconada,141,reverse oblique,22
231,Rinconada,142,reverse oblique,29
231,Rinconada,143,reverse oblique,36
231,Rinconada,144,reverse oblique,47
231,Rinconada,145,reverse oblique,41
231,Rinconada,146,reverse oblique,58
231,Rinconada,147,reverse oblique,57
231,Rinconada,148,reverse oblique,89
231,Rinconada,149,reverse oblique,67
231,Rinconada,150,reverse oblique,82
231,Rinconada,151,reverse oblique,100
231,Rinconada,152,reverse oblique,112
231,Rinconada,153,reverse oblique,56
231,Rinconada,154,reverse oblique,70
231,Rinconada,155,reverse oblique,122
231,Rinconada,156,reverse oblique,136
231,Rinconada,157,reverse oblique,93
231,Rinconada,158,reverse oblique,174
231,Rinconada,159,reverse oblique,113
231,Rinconada,160,strike-slip,186
231,Rinconada,161,strike-slip,125
231,Rinconada,162,strike-slip,200
231,Rinconada,163,strike-slip,200
231,Rinconada,164,strike-slip,289
231,Rinconada,165,strike-slip,298
231,Rinconada,166,strike-slip,458
231,Rinconada,167,strike-slip,441
231,Rinconada,168,strike-slip,610
231,Rinconada,169,strike-slip,527
231,Rinconada,170,strike-slip,601
231,Rinconada,171,strike-slip,441
231,Rinconada,172,strike-slip,659
231,Rinconada,173,strike-slip,713
231,Rinconada,174,strike-slip,1491
231,Rinconada,175,strike-slip,1751
231,Rinconada,176,strike-slip,2268
231,Rinconada,177,strike-slip,1561
231,Rinconada,178,strike-slip,1624
231,Rinconada,179,strike-slip,319
231,Rinconada,180,strike-slip,24721
232,Robinson Creek,-90,normal,2
233,Rocky Ledge,-90,normal,16
234,Rose Canyon,92,reverse,6
234,Rose Canyon,93,reverse,7
234,Rose Canyon,94,reverse,11
234,Rose Canyon,95,reverse,8
234,Rose Canyon,96,reverse,18
234,Rose Canyon,97,reverse,19
234,Rose Canyon,98,reverse,13
234,Rose Canyon,99,reverse,10
234,Rose Canyon,100,reverse,39
234,Rose Canyon,101,reverse,29
234,Rose Canyon,102,reverse,28
234,Rose Canyon,103,reverse,12
234,Rose Canyon,104,reverse,31
234,Rose Canyon,105,reverse,22
234,Rose Canyon,106,reverse,26
234,Rose Canyon,107,reverse,13
234,Rose Canyon,108,reverse,27
234,Rose Canyon,109,reverse,26
234,Rose Canyon,110,reverse oblique,24
234,Rose Canyon,111,reverse oblique,20
234,Rose Canyon,112,reverse oblique,20
234,Rose Canyon,113,reverse oblique,28
234,Rose Canyon,114,reverse oblique,28
234,Rose Canyon,115,reverse oblique,19
234,Rose Canyon,116,reverse oblique,29
234,Rose Canyon,117,reverse oblique,21
234,Rose Canyon,118,reverse oblique,63
234,Rose Canyon,119,reverse oblique,21
234,Rose Canyon,120,reverse oblique,25
234,Rose Canyon,121,reverse oblique,44
234,Rose Canyon,122,reverse oblique,30
234,Rose Canyon,123,reverse oblique,11
234,Rose Canyon,124,reverse oblique,47
234,Rose Canyon,125,reverse oblique,28
234,Rose Canyon,126,reverse oblique,40
234,Rose Canyon,127,reverse oblique,19
234,Rose Canyon,128,reverse oblique,54
234,Rose Canyon,129,reverse oblique,19
234,Rose Canyon,130,reverse oblique,68
234,Rose Canyon,131,reverse oblique,23
234,Rose Canyon,132,reverse oblique,51
234,Rose Canyon,133,reverse oblique,12
234,Rose Canyon,134,reverse oblique,44
234,Rose Canyon,135,reverse oblique,43
234,Rose Canyon,136,reverse oblique,40
234,Rose Canyon,137,reverse oblique,24
234,Rose Canyon,138,reverse oblique,23
234,Rose Canyon,139,reverse oblique,33
234,Rose Canyon,140,reverse oblique,20
234,Rose Canyon,141,reverse oblique,42
234,Rose Canyon,142,reverse oblique,45
234,Rose Canyon,143,reverse oblique,77
234,Rose Canyon,144,reverse oblique,84
234,Rose Canyon,145,reverse oblique,87
234,Rose Canyon,146,reverse oblique,121
234,Rose Canyon,147,reverse oblique,118
234,Rose Canyon,148,reverse oblique,130
234,Rose Canyon,149,reverse oblique,102
234,Rose Canyon,150,reverse oblique,54
234,Rose Canyon,151,reverse oblique,33
234,Rose Canyon,152,reverse oblique,29
234,Rose Canyon,153,reverse oblique,61
234,Rose Canyon,154,reverse oblique,59
234,Rose Canyon,155,reverse oblique,36
234,Rose Canyon,156,reverse oblique,79
234,Rose Canyon,157,reverse oblique,58
234,Rose Canyon,158,reverse oblique,74
234,Rose Canyon,159,reverse oblique,51
234,Rose Canyon,160,strike-slip,49
234,Rose Canyon,161,strike-slip,59
234,Rose Canyon,162,strike-slip,66
234,Rose Canyon,163,strike-slip,67
234,Rose Canyon,164,strike-slip,104
234,Rose Canyon,165,strike-slip,90
234,Rose Canyon,166,strike-slip,150
234,Rose Canyon,167,strike-slip,127
234,Rose Canyon,168,strike-slip,222
234,Rose Canyon,169,strike-slip,190
234,Rose Canyon,170,strike-slip,277
234,Rose Canyon,171,strike-slip,228
234,Rose Canyon,172,strike-slip,320
234,Rose Canyon,173,strike-slip,276
234,Rose Canyon,174,strike-slip,292
234,Rose Canyon,175,strike-slip,88
234,Rose Canyon,176,strike-slip,20
234,Rose Canyon,177,strike-slip,12
234,Rose Canyon,180,strike-slip,5909
235,Round Valley,-90,normal,130
236,Russ,135,reverse oblique,156
237,San Cayetano,18,strike-slip,4
237,San Cayetano,19,strike-slip,2
237,San Cayetano,20,reverse oblique,4
237,San Cayetano,21,reverse oblique,2
237,San Cayetano,22,reverse oblique,4
237,San Cayetano,23,reverse oblique,2
237,San Cayetano,24,reverse oblique,2
237,San Cayetano,25,reverse oblique,2
237,San Cayetano,26,reverse oblique,5
237,San Cayetano,27,reverse oblique,8
237,San Cayetano,28,reverse oblique,7
237,San Cayetano,29,reverse oblique,7
237,San Cayetano,30,reverse oblique,12
237,San Cayetano,31,reverse oblique,2
237,San Cayetano,32,reverse oblique,10
237,San Cayetano,33,reverse oblique,10
237,San Cayetano,34,reverse oblique,18
237,San Cayetano,35,reverse oblique,4
237,San Cayetano,36,reverse oblique,7
237,San Cayetano,37,reverse oblique,15
237,San Cayetano,38,reverse oblique,19
237,San Cayetano,39,reverse oblique,16
237,San Cayetano,40,reverse oblique,10
237,San Cayetano,41,reverse oblique,9
237,San Cayetano,43,reverse oblique,4
237,San Cayetano,44,reverse oblique,47
237,San Cayetano,45,reverse oblique,6
237,San Cayetano,46,reverse oblique,10
237,San Cayetano,47,reverse oblique,5
237,San Cayetano,48,reverse oblique,19
237,San Cayetano,49,reverse oblique,4
237,San Cayetano,50,reverse oblique,9
237,San Cayetano,51,reverse oblique,11
237,San Cayetano,52,reverse oblique,22
237,San Cayetano,53,reverse oblique,8
237,San Cayetano,54,reverse oblique,15
237,San Cayetano,55,reverse oblique,4
237,San Cayetano,56,reverse oblique,25
237,San Cayetano,57,reverse oblique,15
237,San Cayetano,58,reverse oblique,16
237,San Cayetano,59,reverse oblique,15
237,San Cayetano,60,reverse oblique,27
237,San Cayetano,61,reverse oblique,6
237,San Cayetano,62,reverse oblique,16
237,San Cayetano,63,reverse oblique,26
237,San Cayetano,64,reverse oblique,26
237,San Cayetano,65,reverse oblique,13
237,San Cayetano,66,reverse oblique,32
237,San Cayetano,67,reverse oblique,38
237,San Cayetano,68,reverse oblique,49
237,San Cayetano,69,reverse oblique,45
237,San Cayetano,70,reverse,58
237,San Cayetano,71,reverse,42
237,San Cayetano,72,reverse,73
237,San Cayetano,73,reverse,52
237,San Cayetano,74,reverse,123
237,San Cayetano,75,reverse,91
237,San Cayetano,76,reverse,190
237,San Cayetano,77,reverse,226
237,San Cayetano,78,reverse,313
237,San Cayetano,79,reverse,280
237,San Cayetano,80,reverse,330
237,San Cayetano,81,reverse,356
237,San Cayetano,82,reverse,456
237,San Cayetano,83,reverse,427
237,San Cayetano,84,reverse,631
237,San Cayetano,85,reverse,649
237,San Cayetano,86,reverse,655
237,San Cayetano,87,reverse,535
237,San Cayetano,88,reverse,507
237,San Cayetano,89,reverse,55
237,San Cayetano,90,reverse,10815
237,San Cayetano,91,reverse,39
237,San Cayetano,92,reverse,34
237,San Cayetano,93,reverse,69
237,San Cayetano,94,reverse,214
237,San Cayetano,95,reverse,219
237,San Cayetano,96,reverse,241
237,San Cayetano,97,reverse,190
237,San Cayetano,98,reverse,206
237,San Cayetano,99,reverse,246
237,San Cayetano,100,reverse,161
237,San Cayetano,101,reverse,134
237,San Cayetano,102,reverse,151
237,San Cayetano,103,reverse,119
237,San Cayetano,104,reverse,143
237,San Cayetano,105,reverse,96
237,San Cayetano,106,reverse,129
237,San Cayetano,107,reverse,98
237,San Cayetano,108,reverse,128
237,San Cayetano,109,reverse,108
237,San Cayetano,110,reverse oblique,100
237,San Cayetano,111,reverse oblique,73
237,San Cayetano,112,reverse oblique,98
237,San Cayetano,113,reverse oblique,66
237,San Cayetano,114,reverse oblique,88
237,San Cayetano,115,reverse oblique,43
237,San Cayetano,116,reverse oblique,43
237,San Cayetano,117,reverse oblique,47
237,San Cayetano,118,reverse oblique,31
237,San Cayetano,119,reverse oblique,50
237,San Cayetano,120,reverse oblique,21
237,San Cayetano,121,reverse oblique,7
237,San Cayetano,122,reverse oblique,32
237,San Cayetano,123,reverse oblique,26
237,San Cayetano,124,reverse oblique,34
237,San Cayetano,125,reverse oblique,20
237,San Cayetano,126,reverse oblique,41
237,San Cayetano,127,reverse oblique,33
237,San Cayetano,128,reverse oblique,32
237,San Cayetano,129,reverse oblique,18
237,San Cayetano,130,reverse oblique,32
237,San Cayetano,131,reverse oblique,16
237,San Cayetano,132,reverse oblique,16
237,San Cayetano,133,reverse oblique,4
237,San Cayetano,134,reverse oblique,4
237,San Cayetano,135,reverse oblique,2
238,San Clemente,180,strike-slip,16170
239,San Diego Trough (north) [1],92,reverse,2
239,San Diego Trough (north) [1],93,reverse,4
239,San Diego Trough (north) [1],94,reverse,8
239,San Diego Trough (north) [1],95,reverse,7
239,San Diego Trough (north) [1],96,reverse,14
239,San Diego Trough (north) [1],97,reverse,15
239,San Diego Trough (north) [1],98,reverse,29
239,San Diego Trough (north) [1],100,reverse,26
239,San Diego Trough (north) [1],101,reverse,21
239,San Diego Trough (north) [1],102,reverse,36
239,San Diego Trough (north) [1],103,reverse,16
239,San Diego Trough (north) [1],104,reverse,28
239,San Diego Trough (north) [1],105,reverse,25
239,San Diego Trough (north) [1],106,reverse,46
239,San Diego Trough (north) [1],107,reverse,8
239,San Diego Trough (north) [1],108,reverse,33
239,San Diego Trough (north) [1],109,reverse,23
239,San Diego Trough (north) [1],110,reverse oblique,42
239,San Diego Trough (north) [1],111,reverse oblique,24
239,San Diego Trough (north) [1],112,reverse oblique,32
239,San Diego Trough (north) [1],113,reverse oblique,8
239,San Diego Trough (north) [1],114,reverse oblique,53
239,San Diego Trough (north) [1],115,reverse oblique,32
239,San Diego Trough (north) [1],116,reverse oblique,40
239,San Diego Trough (north) [1],117,reverse oblique,38
239,San Diego Trough (north) [1],118,reverse oblique,32
239,San Diego Trough (north) [1],119,reverse oblique,32
239,San Diego Trough (north) [1],120,reverse oblique,56
239,San Diego Trough (north) [1],121,reverse oblique,24
239,San Diego Trough (north) [1],122,reverse oblique,32
239,San Diego Trough (north) [1],123,reverse oblique,50
239,San Diego Trough (north) [1],124,reverse oblique,40
239,San Diego Trough (north) [1],125,reverse oblique,32
239,San Diego Trough (north) [1],126,reverse oblique,58
239,San Diego Trough (north) [1],127,reverse oblique,32
239,San Diego Trough (north) [1],128,reverse oblique,40
239,San Diego Trough (north) [1],129,reverse oblique,51
239,San Diego Trough (north) [1],130,reverse oblique,56
239,San Diego Trough (north) [1],131,reverse oblique,60
239,San Diego Trough (north) [1],132,reverse oblique,40
239,San Diego Trough (north) [1],133,reverse oblique,56
239,San Diego Trough (north) [1],134,reverse oblique,53
239,San Diego Trough (north) [1],135,reverse oblique,16
239,San Diego Trough (north) [1],136,reverse oblique,78
239,San Diego Trough (north) [1],137,reverse oblique,24
239,San Diego Trough (north) [1],138,reverse oblique,71
239,San Diego Trough (north) [1],139,reverse oblique,56
239,San Diego Trough (north) [1],140,reverse oblique,24
239,San Diego Trough (north) [1],141,reverse oblique,49
239,San Diego Trough (north) [1],142,reverse oblique,24
239,San Diego Trough (north) [1],143,reverse oblique,66
239,San Diego Trough (north) [1],144,reverse oblique,43
239,San Diego Trough (north) [1],145,reverse oblique,16
239,San Diego Trough (north) [1],146,reverse oblique,60
239,San Diego Trough (north) [1],147,reverse oblique,53
239,San Diego Trough (north) [1],148,reverse oblique,54
239,San Diego Trough (north) [1],149,reverse oblique,47
239,San Diego Trough (north) [1],150,reverse oblique,48
239,San Diego Trough (north) [1],151,reverse oblique,41
239,San Diego Trough (north) [1],152,reverse oblique,50
239,San Diego Trough (north) [1],153,reverse oblique,24
239,San Diego Trough (north) [1],154,reverse oblique,24
239,San Diego Trough (north) [1],155,reverse oblique,32
239,San Diego Trough (north) [1],156,reverse oblique,16
239,San Diego Trough (north) [1],157,reverse oblique,16
239,San Diego Trough (north) [1],158,reverse oblique,16
239,San Diego Trough (north) [1],159,reverse oblique,8
239,San Diego Trough (north) [1],160,strike-slip,16
239,San Diego Trough (north) [1],161,strike-slip,8
239,San Diego Trough (north) [1],162,strike-slip,16
239,San Diego Trough (north) [1],163,strike-slip,24
239,San Diego Trough (north) [1],180,strike-slip,27639
241,San Diego Trough (south),102,reverse,2
241,San Diego Trough (south),103,reverse,3
241,San Diego Trough (south),104,reverse,6
241,San Diego Trough (south),105,reverse,8
241,San Diego Trough (south),106,reverse,12
241,San Diego Trough (south),107,reverse,7
241,San Diego Trough (south),108,reverse,16
241,San Diego Trough (south),109,reverse,10
241,San Diego Trough (south),110,reverse oblique,28
241,San Diego Trough (south),111,reverse oblique,13
241,San Diego Trough (south),112,reverse oblique,29
241,San Diego Trough (south),113,reverse oblique,12
241,San Diego Trough (south),114,reverse oblique,34
241,San Diego Trough (south),115,reverse oblique,38
241,San Diego Trough (south),116,reverse oblique,54
241,San Diego Trough (south),117,reverse oblique,36
241,San Diego Trough (south),118,reverse oblique,45
241,San Diego Trough (south),119,reverse oblique,52
241,San Diego Trough (south),120,reverse oblique,60
241,San Diego Trough (south),121,reverse oblique,51
241,San Diego Trough (south),122,reverse oblique,54
241,San Diego Trough (south),123,reverse oblique,66
241,San Diego Trough (south),124,reverse oblique,90
241,San Diego Trough (south),125,reverse oblique,74
241,San Diego Trough (south),126,reverse oblique,87
241,San Diego Trough (south),127,reverse oblique,82
241,San Diego Trough (south),128,reverse oblique,110
241,San Diego Trough (south),129,reverse oblique,93
241,San Diego Trough (south),130,reverse oblique,163
241,San Diego Trough (south),131,reverse oblique,114
241,San Diego Trough (south),132,reverse oblique,140
241,San Diego Trough (south),133,reverse oblique,156
241,San Diego Trough (south),134,reverse oblique,126
241,San Diego Trough (south),135,reverse oblique,59
241,San Diego Trough (south),136,reverse oblique,184
241,San Diego Trough (south),137,reverse oblique,79
241,San Diego Trough (south),138,reverse oblique,172
241,San Diego Trough (south),139,reverse oblique,111
241,San Diego Trough (south),140,reverse oblique,75
241,San Diego Trough (south),141,reverse oblique,104
241,San Diego Trough (south),142,reverse oblique,81
241,San Diego Trough (south),143,reverse oblique,161
241,San Diego Trough (south),144,reverse oblique,61
241,San Diego Trough (south),145,reverse oblique,52
241,San Diego Trough (south),146,reverse oblique,122
241,San Diego Trough (south),147,reverse oblique,106
241,San Diego Trough (south),148,reverse oblique,112
241,San Diego Trough (south),149,reverse oblique,79
241,San Diego Trough (south),150,reverse oblique,71
241,San Diego Trough (south),151,reverse oblique,46
241,San Diego Trough (south),152,reverse oblique,79
241,San Diego Trough (south),153,reverse oblique,84
241,San Diego Trough (south),154,reverse oblique,89
241,San Diego Trough (south),155,reverse oblique,116
241,San Diego Trough (south),156,reverse oblique,61
241,San Diego Trough (south),157,reverse oblique,49
241,San Diego Trough (south),158,reverse oblique,53
241,San Diego Trough (south),159,reverse oblique,28
241,San Diego Trough (south),160,strike-slip,59
241,San Diego Trough (south),161,strike-slip,31
241,San Diego Trough (south),162,strike-slip,69
241,San Diego Trough (south),163,strike-slip,111
241,San Diego Trough (south),180,strike-slip,32999
242,San Gabriel,71,reverse,2
242,San Gabriel,72,reverse,3
242,San Gabriel,73,reverse,4
242,San Gabriel,74,reverse,3
242,San Gabriel,75,reverse,7
242,San Gabriel,76,reverse,3
242,San Gabriel,77,reverse,5
242,San Gabriel,78,reverse,10
242,San Gabriel,79,reverse,8
242,San Gabriel,80,reverse,14
242,San Gabriel,81,reverse,18
242,San Gabriel,82,reverse,17
242,San Gabriel,83,reverse,27
242,San Gabriel,84,reverse,53
242,San Gabriel,85,reverse,45
242,San Gabriel,86,reverse,38
242,San Gabriel,87,reverse,53
242,San Gabriel,88,reverse,49
242,San Gabriel,89,reverse,15
242,San Gabriel,90,reverse,805
242,San Gabriel,91,reverse,42
242,San Gabriel,92,reverse,54
242,San Gabriel,93,reverse,36
242,San Gabriel,94,reverse,93
242,San Gabriel,95,reverse,111
242,San Gabriel,96,reverse,205
242,San Gabriel,97,reverse,126
242,San Gabriel,98,reverse,201
242,San Gabriel,99,reverse,141
242,San Gabriel,100,reverse,144
242,San Gabriel,101,reverse,150
242,San Gabriel,102,reverse,144
242,San Gabriel,103,reverse,116
242,San Gabriel,104,reverse,147
242,San Gabriel,105,reverse,129
242,San Gabriel,106,reverse,132
242,San Gabriel,107,reverse,117
242,San Gabriel,108,reverse,129
242,San Gabriel,109,reverse,108
242,San Gabriel,110,reverse oblique,128
242,San Gabriel,111,reverse oblique,99
242,San Gabriel,112,reverse oblique,105
242,San Gabriel,113,reverse oblique,63
242,San Gabriel,114,reverse oblique,84
242,San Gabriel,115,reverse oblique,48
242,San Gabriel,116,reverse oblique,43
242,San Gabriel,117,reverse oblique,42
242,San Gabriel,118,reverse oblique,39
242,San Gabriel,119,reverse oblique,30
242,San Gabriel,120,reverse oblique,24
242,San Gabriel,121,reverse oblique,24
242,San Gabriel,122,reverse oblique,40
242,San Gabriel,123,reverse oblique,9
242,San Gabriel,124,reverse oblique,12
242,San Gabriel,125,reverse oblique,26
242,San Gabriel,126,reverse oblique,21
242,San Gabriel,127,reverse oblique,9
242,San Gabriel,128,reverse oblique,15
242,San Gabriel,129,reverse oblique,20
242,San Gabriel,130,reverse oblique,17
242,San Gabriel,131,reverse oblique,19
242,San Gabriel,132,reverse oblique,6
242,San Gabriel,133,reverse oblique,13
242,San Gabriel,134,reverse oblique,11
242,San Gabriel,135,reverse oblique,17
242,San Gabriel,136,reverse oblique,3
242,San Gabriel,137,reverse oblique,6
242,San Gabriel,138,reverse oblique,15
242,San Gabriel,139,reverse oblique,18
242,San Gabriel,140,reverse oblique,20
242,San Gabriel,141,reverse oblique,3
242,San Gabriel,142,reverse oblique,4
242,San Gabriel,143,reverse oblique,15
242,San Gabriel,144,reverse oblique,37
242,San Gabriel,145,reverse oblique,7
242,San Gabriel,146,reverse oblique,15
242,San Gabriel,147,reverse oblique,16
242,San Gabriel,148,reverse oblique,42
242,San Gabriel,149,reverse oblique,18
242,San Gabriel,150,reverse oblique,6
242,San Gabriel,151,reverse oblique,21
242,San Gabriel,152,reverse oblique,69
242,San Gabriel,153,reverse oblique,11
242,San Gabriel,154,reverse oblique,17
242,San Gabriel,155,reverse oblique,39
242,San Gabriel,156,reverse oblique,19
242,San Gabriel,157,reverse oblique,55
242,San Gabriel,158,reverse oblique,11
242,San Gabriel,159,reverse oblique,42
242,San Gabriel,160,strike-slip,29
242,San Gabriel,161,strike-slip,42
242,San Gabriel,162,strike-slip,61
242,San Gabriel,163,strike-slip,45
242,San Gabriel,164,strike-slip,64
242,San Gabriel,165,strike-slip,84
242,San Gabriel,166,strike-slip,117
242,San Gabriel,167,strike-slip,155
242,San Gabriel,168,strike-slip,209
242,San Gabriel,169,strike-slip,218
242,San Gabriel,170,strike-slip,518
242,San Gabriel,171,strike-slip,550
242,San Gabriel,172,strike-slip,1376
242,San Gabriel,173,strike-slip,2359
242,San Gabriel,174,strike-slip,3675
242,San Gabriel,175,strike-slip,3598
242,San Gabriel,176,strike-slip,4606
242,San Gabriel,177,strike-slip,3327
242,San Gabriel,178,strike-slip,2442
242,San Gabriel,179,strike-slip,2326
242,San Gabriel,180,strike-slip,3996
243,San Gabriel (extension),52,reverse oblique,6
243,San Gabriel (extension),53,reverse oblique,4
243,San Gabriel (extension),54,reverse oblique,4
243,San Gabriel (extension),55,reverse oblique,2
243,San Gabriel (extension),56,reverse oblique,10
243,San Gabriel (extension),57,reverse oblique,10
243,San Gabriel (extension),58,reverse oblique,8
243,San Gabriel (extension),59,reverse oblique,8
243,San Gabriel (extension),60,reverse oblique,19
243,San Gabriel (extension),61,reverse oblique,13
243,San Gabriel (extension),62,reverse oblique,9
243,San Gabriel (extension),63,reverse oblique,20
243,San Gabriel (extension),64,reverse oblique,19
243,San Gabriel (extension),65,reverse oblique,7
243,San Gabriel (extension),66,reverse oblique,11
243,San Gabriel (extension),67,reverse oblique,11
243,San Gabriel (extension),68,reverse oblique,11
243,San Gabriel (extension),69,reverse oblique,4
243,San Gabriel (extension),70,reverse,4
243,San Gabriel (extension),71,reverse,9
243,San Gabriel (extension),72,reverse,4
243,San Gabriel (extension),73,reverse,4
243,San Gabriel (extension),74,reverse,6
243,San Gabriel (extension),76,reverse,4
243,San Gabriel (extension),78,reverse,4
243,San Gabriel (extension),81,reverse,2
243,San Gabriel (extension),82,reverse,2
243,San Gabriel (extension),83,reverse,2
243,San Gabriel (extension),84,reverse,5
243,San Gabriel (extension),85,reverse,8
243,San Gabriel (extension),86,reverse,10
243,San Gabriel (extension),87,reverse,13
243,San Gabriel (extension),88,reverse,29
243,San Gabriel (extension),89,reverse,29
243,San Gabriel (extension),90,reverse,49
243,San Gabriel (extension),91,reverse,57
243,San Gabriel (extension),92,reverse,95
243,San Gabriel (extension),93,reverse,69
243,San Gabriel (extension),94,reverse,176
243,San Gabriel (extension),95,reverse,153
243,San Gabriel (extension),96,reverse,265
243,San Gabriel (extension),97,reverse,223
243,San Gabriel (extension),98,reverse,316
243,San Gabriel (extension),99,reverse,283
243,San Gabriel (extension),100,reverse,287
243,San Gabriel (extension),101,reverse,247
243,San Gabriel (extension),102,reverse,254
243,San Gabriel (extension),103,reverse,191
243,San Gabriel (extension),104,reverse,265
243,San Gabriel (extension),105,reverse,248
243,San Gabriel (extension),106,reverse,251
243,San Gabriel (extension),107,reverse,243
243,San Gabriel (extension),108,reverse,277
243,San Gabriel (extension),109,reverse,234
243,San Gabriel (extension),110,reverse oblique,281
243,San Gabriel (extension),111,reverse oblique,235
243,San Gabriel (extension),112,reverse oblique,255
243,San Gabriel (extension),113,reverse oblique,172
243,San Gabriel (extension),114,reverse oblique,203
243,San Gabriel (extension),115,reverse oblique,113
243,San Gabriel (extension),116,reverse oblique,99
243,San Gabriel (extension),117,reverse oblique,103
243,San Gabriel (extension),118,reverse oblique,107
243,San Gabriel (extension),119,reverse oblique,85
243,San Gabriel (extension),120,reverse oblique,59
243,San Gabriel (extension),121,reverse oblique,55
243,San Gabriel (extension),122,reverse oblique,66
243,San Gabriel (extension),123,reverse oblique,19
243,San Gabriel (extension),124,reverse oblique,33
243,San Gabriel (extension),125,reverse oblique,44
243,San Gabriel (extension),126,reverse oblique,27
243,San Gabriel (extension),127,reverse oblique,20
243,San Gabriel (extension),128,reverse oblique,16
243,San Gabriel (extension),129,reverse oblique,39
243,San Gabriel (extension),130,reverse oblique,7
243,San Gabriel (extension),131,reverse oblique,11
243,San Gabriel (extension),132,reverse oblique,24
243,San Gabriel (extension),133,reverse oblique,20
243,San Gabriel (extension),134,reverse oblique,19
243,San Gabriel (extension),135,reverse oblique,12
243,San Gabriel (extension),136,reverse oblique,8
243,San Gabriel (extension),137,reverse oblique,8
243,San Gabriel (extension),138,reverse oblique,9
243,San Gabriel (extension),139,reverse oblique,13
243,San Gabriel (extension),140,reverse oblique,14
243,San Gabriel (extension),141,reverse oblique,7
243,San Gabriel (extension),142,reverse oblique,13
243,San Gabriel (extension),143,reverse oblique,27
243,San Gabriel (extension),144,reverse oblique,17
243,San Gabriel (extension),145,reverse oblique,16
243,San Gabriel (extension),146,reverse oblique,22
243,San Gabriel (extension),147,reverse oblique,7
243,San Gabriel (extension),148,reverse oblique,73
243,San Gabriel (extension),149,reverse oblique,12
243,San Gabriel (extension),150,reverse oblique,12
243,San Gabriel (extension),151,reverse oblique,22
243,San Gabriel (extension),152,reverse oblique,63
243,San Gabriel (extension),153,reverse oblique,36
243,San Gabriel (extension),154,reverse oblique,18
243,San Gabriel (extension),155,reverse oblique,45
243,San Gabriel (extension),156,reverse oblique,54
243,San Gabriel (extension),157,reverse oblique,40
243,San Gabriel (extension),158,reverse oblique,26
243,San Gabriel (extension),159,reverse oblique,81
243,San Gabriel (extension),160,strike-slip,33
243,San Gabriel (extension),161,strike-slip,86
243,San Gabriel (extension),162,strike-slip,71
243,San Gabriel (extension),163,strike-slip,100
243,San Gabriel (extension),164,strike-slip,130
243,San Gabriel (extension),165,strike-slip,105
243,San Gabriel (extension),166,strike-slip,178
243,San Gabriel (extension),167,strike-slip,170
243,San Gabriel (extension),168,strike-slip,243
243,San Gabriel (extension),169,strike-slip,207
243,San Gabriel (extension),170,strike-slip,363
243,San Gabriel (extension),171,strike-slip,357
243,San Gabriel (extension),172,strike-slip,637
243,San Gabriel (extension),173,strike-slip,1189
243,San Gabriel (extension),174,strike-slip,2074
243,San Gabriel (extension),175,strike-slip,1393
243,San Gabriel (extension),176,strike-slip,1019
243,San Gabriel (extension),177,strike-slip,628
243,San Gabriel (extension),180,strike-slip,112
244,San Gorgonio Pass,90,reverse,7
244,San Gorgonio Pass,109,reverse,3
244,San Gorgonio Pass,117,reverse oblique,5
244,San Gorgonio Pass,119,reverse oblique,3
244,San Gorgonio Pass,124,reverse oblique,3
244,San Gorgonio Pass,128,reverse oblique,2
244,San Gorgonio Pass,129,reverse oblique,2
244,San Gorgonio Pass,130,reverse oblique,3
244,San Gorgonio Pass,131,reverse oblique,3
244,San Gorgonio Pass,132,reverse oblique,3
244,San Gorgonio Pass,134,reverse oblique,3
244,San Gorgonio Pass,136,reverse oblique,5
244,San Gorgonio Pass,137,reverse oblique,3
244,San Gorgonio Pass,138,reverse oblique,6
244,San Gorgonio Pass,140,reverse oblique,8
244,San Gorgonio Pass,141,reverse oblique,5
244,San Gorgonio Pass,142,reverse oblique,5
244,San Gorgonio Pass,143,reverse oblique,3
244,San Gorgonio Pass,144,reverse oblique,11
244,San Gorgonio Pass,146,reverse oblique,3
244,San Gorgonio Pass,147,reverse oblique,8
244,San Gorgonio Pass,148,reverse oblique,6
244,San Gorgonio Pass,149,reverse oblique,14
244,San Gorgonio Pass,150,reverse oblique,8
244,San Gorgonio Pass,151,reverse oblique,11
244,San Gorgonio Pass,152,reverse oblique,15
244,San Gorgonio Pass,153,reverse oblique,9
244,San Gorgonio Pass,154,reverse oblique,17
244,San Gorgonio Pass,155,reverse oblique,14
244,San Gorgonio Pass,156,reverse oblique,27
244,San Gorgonio Pass,157,reverse oblique,22
244,San Gorgonio Pass,158,reverse oblique,40
244,San Gorgonio Pass,159,reverse oblique,35
244,San Gorgonio Pass,160,strike-slip,64
244,San Gorgonio Pass,161,strike-slip,49
244,San Gorgonio Pass,162,strike-slip,66
244,San Gorgonio Pass,163,strike-slip,89
244,San Gorgonio Pass,164,strike-slip,139
244,San Gorgonio Pass,165,strike-slip,121
244,San Gorgonio Pass,166,strike-slip,189
244,San Gorgonio Pass,167,strike-slip,205
244,San Gorgonio Pass,168,strike-slip,232
244,San Gorgonio Pass,169,strike-slip,165
244,San Gorgonio Pass,170,strike-slip,227
244,San Gorgonio Pass,171,strike-slip,190
244,San Gorgonio Pass,172,strike-slip,263
244,San Gorgonio Pass,173,strike-slip,287
244,San Gorgonio Pass,174,strike-slip,582
244,San Gorgonio Pass,175,strike-slip,545
244,San Gorgonio Pass,176,strike-slip,143
244,San Gorgonio Pass,177,strike-slip,58
244,San Gorgonio Pass,178,strike-slip,14
245,San Gregorio (north),98,reverse,4
245,San Gregorio (north),99,reverse,2
245,San Gregorio (north),100,reverse,4
245,San Gregorio (north),101,reverse,2
245,San Gregorio (north),102,reverse,8
245,San Gregorio (north),103,reverse,5
245,San Gregorio (north),104,reverse,3
245,San Gregorio (north),105,reverse,3
245,San Gregorio (north),106,reverse,16
245,San Gregorio (north),107,reverse,3
245,San Gregorio (north),108,reverse,12
245,San Gregorio (north),109,reverse,15
245,San Gregorio (north),110,reverse oblique,15
245,San Gregorio (north),111,reverse oblique,13
245,San Gregorio (north),112,reverse oblique,14
245,San Gregorio (north),113,reverse oblique,24
245,San Gregorio (north),114,reverse oblique,22
245,San Gregorio (north),115,reverse oblique,19
245,San Gregorio (north),116,reverse oblique,27
245,San Gregorio (north),117,reverse oblique,22
245,San Gregorio (north),118,reverse oblique,25
245,San Gregorio (north),119,reverse oblique,27
245,San Gregorio (north),120,reverse oblique,24
245,San Gregorio (north),121,reverse oblique,47
245,San Gregorio (north),122,reverse oblique,68
245,San Gregorio (north),123,reverse oblique,57
245,San Gregorio (north),124,reverse oblique,80
245,San Gregorio (north),125,reverse oblique,76
245,San Gregorio (north),126,reverse oblique,100
245,San Gregorio (north),127,reverse oblique,90
245,San Gregorio (north),128,reverse oblique,150
245,San Gregorio (north),129,reverse oblique,98
245,San Gregorio (north),130,reverse oblique,145
245,San Gregorio (north),131,reverse oblique,143
245,San Gregorio (north),132,reverse oblique,124
245,San Gregorio (north),133,reverse oblique,151
245,San Gregorio (north),134,reverse oblique,257
245,San Gregorio (north),135,reverse oblique,156
245,San Gregorio (north),136,reverse oblique,274
245,San Gregorio (north),137,reverse oblique,171
245,San Gregorio (north),138,reverse oblique,290
245,San Gregorio (north),139,reverse oblique,244
245,San Gregorio (north),140,reverse oblique,266
245,San Gregorio (north),141,reverse oblique,319
245,San Gregorio (north),142,reverse oblique,315
245,San Gregorio (north),143,reverse oblique,380
245,San Gregorio (north),144,reverse oblique,419
245,San Gregorio (north),145,reverse oblique,428
245,San Gregorio (north),146,reverse oblique,738
245,San Gregorio (north),147,reverse oblique,932
245,San Gregorio (north),148,reverse oblique,1206
245,San Gregorio (north),149,reverse oblique,1091
245,San Gregorio (north),150,reverse oblique,1425
245,San Gregorio (north),151,reverse oblique,1181
245,San Gregorio (north),152,reverse oblique,1656
245,San Gregorio (north),153,reverse oblique,1407
245,San Gregorio (north),154,reverse oblique,1724
245,San Gregorio (north),155,reverse oblique,1525
245,San Gregorio (north),156,reverse oblique,2281
245,San Gregorio (north),157,reverse oblique,2237
245,San Gregorio (north),158,reverse oblique,3064
245,San Gregorio (north),159,reverse oblique,2746
245,San Gregorio (north),160,strike-slip,3685
245,San Gregorio (north),161,strike-slip,3271
245,San Gregorio (north),162,strike-slip,4928
245,San Gregorio (north),163,strike-slip,4890
245,San Gregorio (north),164,strike-slip,7366
245,San Gregorio (north),165,strike-slip,6997
245,San Gregorio (north),166,strike-slip,10485
245,San Gregorio (north),167,strike-slip,10294
245,San Gregorio (north),168,strike-slip,15367
245,San Gregorio (north),169,strike-slip,14834
245,San Gregorio (north),170,strike-slip,23285
245,San Gregorio (north),171,strike-slip,20925
245,San Gregorio (north),172,strike-slip,27686
245,San Gregorio (north),173,strike-slip,27766
245,San Gregorio (north),174,strike-slip,37826
245,San Gregorio (north),175,strike-slip,33783
245,San Gregorio (north),176,strike-slip,62775
245,San Gregorio (north),177,strike-slip,64973
245,San Gregorio (north),178,strike-slip,78947
245,San Gregorio (north),179,strike-slip,21839
245,San Gregorio (north),180,strike-slip,237698
246,San Gregorio (south),126,reverse oblique,2
246,San Gregorio (south),127,reverse oblique,3
246,San Gregorio (south),128,reverse oblique,4
246,San Gregorio (south),129,reverse oblique,5
246,San Gregorio (south),130,reverse oblique,11
246,San Gregorio (south),131,reverse oblique,9
246,San Gregorio (south),132,reverse oblique,17
246,San Gregorio (south),133,reverse oblique,32
246,San Gregorio (south),134,reverse oblique,28
246,San Gregorio (south),135,reverse oblique,31
246,San Gregorio (south),136,reverse oblique,27
246,San Gregorio (south),137,reverse oblique,30
246,San Gregorio (south),138,reverse oblique,53
246,San Gregorio (south),139,reverse oblique,47
246,San Gregorio (south),140,reverse oblique,55
246,San Gregorio (south),141,reverse oblique,67
246,San Gregorio (south),142,reverse oblique,76
246,San Gregorio (south),143,reverse oblique,74
246,San Gregorio (south),144,reverse oblique,119
246,San Gregorio (south),145,reverse oblique,85
246,San Gregorio (south),146,reverse oblique,127
246,San Gregorio (south),147,reverse oblique,118
246,San Gregorio (south),148,reverse oblique,143
246,San Gregorio (south),149,reverse oblique,125
246,San Gregorio (south),150,reverse oblique,179
246,San Gregorio (south),151,reverse oblique,149
246,San Gregorio (south),152,reverse oblique,206
246,San Gregorio (south),153,reverse oblique,206
246,San Gregorio (south),154,reverse oblique,274
246,San Gregorio (south),155,reverse oblique,311
246,San Gregorio (south),156,reverse oblique,395
246,San Gregorio (south),157,reverse oblique,403
246,San Gregorio (south),158,reverse oblique,563
246,San Gregorio (south),159,reverse oblique,555
246,San Gregorio (south),160,strike-slip,860
246,San Gregorio (south),161,strike-slip,859
246,San Gregorio (south),162,strike-slip,1274
246,San Gregorio (south),163,strike-slip,1375
246,San Gregorio (south),164,strike-slip,2026
246,San Gregorio (south),165,strike-slip,1925
246,San Gregorio (south),166,strike-slip,2820
246,San Gregorio (south),167,strike-slip,2803
246,San Gregorio (south),168,strike-slip,4144
246,San Gregorio (south),169,strike-slip,3589
246,San Gregorio (south),170,strike-slip,5139
246,San Gregorio (south),171,strike-slip,4456
246,San Gregorio (south),172,strike-slip,6286
246,San Gregorio (south),173,strike-slip,5839
246,San Gregorio (south),174,strike-slip,8381
246,San Gregorio (south),175,strike-slip,8150
246,San Gregorio (south),176,strike-slip,12643
246,San Gregorio (south),177,strike-slip,18025
246,San Gregorio (south),178,strike-slip,34589
246,San Gregorio (south),179,strike-slip,7182
246,San Gregorio (south),180,strike-slip,80462
247,San Joaquin Hills,90,reverse,42
247,San Joaquin Hills,92,reverse,5
247,San Joaquin Hills,93,reverse,7
247,San Joaquin Hills,94,reverse,9
247,San Joaquin Hills,95,reverse,4
247,San Joaquin Hills,96,reverse,28
247,San Joaquin Hills,97,reverse,8
247,San Joaquin Hills,98,reverse,5
247,San Joaquin Hills,99,reverse,17
247,San Joaquin Hills,100,reverse,14
247,San Joaquin Hills,101,reverse,14
247,San Joaquin Hills,102,reverse,14
247,San Joaquin Hills,103,reverse,6
247,San Joaquin Hills,104,reverse,15
247,San Joaquin Hills,105,reverse,21
247,San Joaquin Hills,106,reverse,21
247,San Joaquin Hills,107,reverse,27
247,San Joaquin Hills,108,reverse,12
247,San Joaquin Hills,109,reverse,24
247,San Joaquin Hills,110,reverse oblique,15
247,San Joaquin Hills,111,reverse oblique,12
247,San Joaquin Hills,112,reverse oblique,21
247,San Joaquin Hills,113,reverse oblique,12
247,San Joaquin Hills,114,reverse oblique,11
247,San Joaquin Hills,115,reverse oblique,10
247,San Joaquin Hills,116,reverse oblique,6
247,San Joaquin Hills,117,reverse oblique,9
247,San Joaquin Hills,118,reverse oblique,6
247,San Joaquin Hills,119,reverse oblique,6
247,San Joaquin Hills,121,reverse oblique,11
247,San Joaquin Hills,122,reverse oblique,6
247,San Joaquin Hills,124,reverse oblique,5
247,San Joaquin Hills,125,reverse oblique,6
247,San Joaquin Hills,127,reverse oblique,3
247,San Joaquin Hills,128,reverse oblique,3
247,San Joaquin Hills,129,reverse oblique,3
247,San Joaquin Hills,132,reverse oblique,8
247,San Joaquin Hills,136,reverse oblique,3
247,San Joaquin Hills,138,reverse oblique,2
247,San Joaquin Hills,140,reverse oblique,3
247,San Joaquin Hills,143,reverse oblique,5
247,San Joaquin Hills,148,reverse oblique,2
247,San Joaquin Hills,151,reverse oblique,2
247,San Joaquin Hills,154,reverse oblique,2
248,San Jose,30,reverse oblique,7
248,San Jose,56,reverse oblique,3
248,San Jose,57,reverse oblique,9
248,San Jose,58,reverse oblique,10
248,San Jose,59,reverse oblique,11
248,San Jose,60,reverse oblique,7
248,San Jose,61,reverse oblique,12
248,San Jose,62,reverse oblique,14
248,San Jose,63,reverse oblique,14
248,San Jose,64,reverse oblique,18
248,San Jose,65,reverse oblique,10
248,San Jose,66,reverse oblique,7
248,San Jose,67,reverse oblique,13
248,San Jose,68,reverse oblique,8
248,San Jose,69,reverse oblique,4
248,San Jose,70,reverse,13
248,San Jose,71,reverse,8
248,San Jose,72,reverse,5
248,San Jose,73,reverse,10
248,San Jose,74,reverse,8
248,San Jose,75,reverse,6
248,San Jose,76,reverse,16
248,San Jose,77,reverse,20
248,San Jose,78,reverse,17
248,San Jose,79,reverse,11
248,San Jose,80,reverse,13
248,San Jose,81,reverse,5
248,San Jose,88,reverse,8
248,San Jose,94,reverse,3
248,San Jose,96,reverse,4
248,San Jose,101,reverse,3
248,San Jose,103,reverse,2
248,San Jose,110,reverse oblique,2
248,San Jose,113,reverse oblique,3
248,San Jose,118,reverse oblique,3
248,San Jose,121,reverse oblique,2
248,San Jose,123,reverse oblique,3
248,San Jose,126,reverse oblique,5
248,San Jose,128,reverse oblique,3
248,San Jose,130,reverse oblique,2
248,San Jose,131,reverse oblique,3
248,San Jose,132,reverse oblique,2
248,San Jose,134,reverse oblique,5
248,San Jose,138,reverse oblique,2
248,San Jose,140,reverse oblique,5
248,San Jose,142,reverse oblique,3
248,San Jose,143,reverse oblique,3
248,San Jose,145,reverse oblique,8
248,San Jose,147,reverse oblique,5
248,San Jose,148,reverse oblique,5
248,San Jose,149,reverse oblique,5
248,San Jose,150,reverse oblique,8
248,San Jose,151,reverse oblique,2
248,San Jose,152,reverse oblique,10
248,San Jose,154,reverse oblique,10
248,San Jose,155,reverse oblique,2
248,San Jose,156,reverse oblique,8
248,San Jose,157,reverse oblique,4
248,San Jose,158,reverse oblique,5
248,San Jose,159,reverse oblique,2
248,San Jose,160,strike-slip,3
248,San Jose,161,strike-slip,3
248,San Jose,163,strike-slip,6
248,San Jose,164,strike-slip,6
248,San Jose,165,strike-slip,4
248,San Jose,166,strike-slip,10
248,San Jose,167,strike-slip,4
248,San Jose,168,strike-slip,24
248,San Jose,169,strike-slip,16
249,San Juan,110,reverse oblique,2
249,San Juan,116,reverse oblique,2
249,San Juan,118,reverse oblique,3
249,San Juan,126,reverse oblique,9
249,San Juan,132,reverse oblique,5
249,San Juan,134,reverse oblique,4
249,San Juan,137,reverse oblique,9
249,San Juan,140,reverse oblique,5
249,San Juan,141,reverse oblique,7
249,San Juan,145,reverse oblique,18
249,San Juan,148,reverse oblique,9
249,San Juan,149,reverse oblique,7
249,San Juan,151,reverse oblique,19
249,San Juan,152,reverse oblique,10
249,San Juan,153,reverse oblique,13
249,San Juan,154,reverse oblique,18
249,San Juan,155,reverse oblique,39
249,San Juan,156,reverse oblique,74
249,San Juan,157,reverse oblique,120
249,San Juan,158,reverse oblique,212
249,San Juan,159,reverse oblique,304
249,San Juan,160,strike-slip,390
249,San Juan,161,strike-slip,409
249,San Juan,162,strike-slip,613
249,San Juan,163,strike-slip,741
249,San Juan,164,strike-slip,970
249,San Juan,165,strike-slip,761
249,San Juan,166,strike-slip,1137
249,San Juan,167,strike-slip,905
249,San Juan,168,strike-slip,1387
249,San Juan,169,strike-slip,1417
249,San Juan,170,strike-slip,1654
249,San Juan,171,strike-slip,1242
249,San Juan,172,strike-slip,2068
249,San Juan,173,strike-slip,1685
249,San Juan,174,strike-slip,2743
249,San Juan,175,strike-slip,2654
249,San Juan,176,strike-slip,3662
249,San Juan,177,strike-slip,3223
249,San Juan,178,strike-slip,6021
249,San Juan,179,strike-slip,2689
249,San Juan,180,strike-slip,27833
251,San Luis Range (Oceano) [1],90,reverse,241
251,San Luis Range (Oceano) [1],93,reverse,6
251,San Luis Range (Oceano) [1],94,reverse,9
251,San Luis Range (Oceano) [1],95,reverse,9
251,San Luis Range (Oceano) [1],96,reverse,6
251,San Luis Range (Oceano) [1],97,reverse,8
251,San Luis Range (Oceano) [1],98,reverse,2
251,San Luis Range (Oceano) [1],99,reverse,8
251,San Luis Range (Oceano) [1],100,reverse,3
251,San Luis Range (Oceano) [1],101,reverse,13
251,San Luis Range (Oceano) [1],103,reverse,14
251,San Luis Range (Oceano) [1],104,reverse,4
251,San Luis Range (Oceano) [1],105,reverse,14
251,San Luis Range (Oceano) [1],106,reverse,6
251,San Luis Range (Oceano) [1],107,reverse,8
251,San Luis Range (Oceano) [1],108,reverse,11
251,San Luis Range (Oceano) [1],109,reverse,3
251,San Luis Range (Oceano) [1],110,reverse oblique,13
251,San Luis Range (Oceano) [1],111,reverse oblique,5
251,San Luis Range (Oceano) [1],112,reverse oblique,9
251,San Luis Range (Oceano) [1],113,reverse oblique,6
251,San Luis Range (Oceano) [1],114,reverse oblique,8
251,San Luis Range (Oceano) [1],115,reverse oblique,11
251,San Luis Range (Oceano) [1],116,reverse oblique,2
251,San Luis Range (Oceano) [1],117,reverse oblique,12
251,San Luis Range (Oceano) [1],118,reverse oblique,5
251,San Luis Range (Oceano) [1],119,reverse oblique,8
251,San Luis Range (Oceano) [1],120,reverse oblique,5
251,San Luis Range (Oceano) [1],121,reverse oblique,6
251,San Luis Range (Oceano) [1],122,reverse oblique,10
251,San Luis Range (Oceano) [1],123,reverse oblique,5
251,San Luis Range (Oceano) [1],124,reverse oblique,5
251,San Luis Range (Oceano) [1],125,reverse oblique,3
251,San Luis Range (Oceano) [1],126,reverse oblique,3
251,San Luis Range (Oceano) [1],127,reverse oblique,7
251,San Luis Range (Oceano) [1],129,reverse oblique,5
251,San Luis Range (Oceano) [1],130,reverse oblique,3
251,San Luis Range (Oceano) [1],131,reverse oblique,5
251,San Luis Range (Oceano) [1],132,reverse oblique,2
251,San Luis Range (Oceano) [1],133,reverse oblique,5
251,San Luis Range (Oceano) [1],134,reverse oblique,3
251,San Luis Range (Oceano) [1],135,reverse oblique,2
251,San Luis Range (Oceano) [1],136,reverse oblique,2
251,San Luis Range (Oceano) [1],137,reverse oblique,5
251,San Luis Range (Oceano) [1],138,reverse oblique,2
251,San Luis Range (Oceano) [1],139,reverse oblique,2
251,San Luis Range (Oceano) [1],140,reverse oblique,5
251,San Luis Range (Oceano) [1],142,reverse oblique,7
251,San Luis Range (Oceano) [1],144,reverse oblique,5
251,San Luis Range (Oceano) [1],145,reverse oblique,4
251,San Luis Range (Oceano) [1],146,reverse oblique,2
251,San Luis Range (Oceano) [1],147,reverse oblique,7
251,San Luis Range (Oceano) [1],148,reverse oblique,5
251,San Luis Range (Oceano) [1],150,reverse oblique,5
251,San Luis Range (Oceano) [1],151,reverse oblique,2
251,San Luis Range (Oceano) [1],152,reverse oblique,3
251,San Luis Range (Oceano) [1],153,reverse oblique,5
251,San Luis Range (Oceano) [1],154,reverse oblique,5
251,San Luis Range (Oceano) [1],155,reverse oblique,3
251,San Luis Range (Oceano) [1],156,reverse oblique,5
251,San Luis Range (Oceano) [1],157,reverse oblique,5
251,San Luis Range (Oceano) [1],158,reverse oblique,5
251,San Luis Range (Oceano) [1],159,reverse oblique,5
251,San Luis Range (Oceano) [1],160,strike-slip,2
251,San Luis Range (Oceano) [1],161,strike-slip,8
251,San Luis Range (Oceano) [1],162,strike-slip,10
251,San Luis Range (Oceano) [1],163,strike-slip,6
251,San Luis Range (Oceano) [1],164,strike-slip,10
251,San Luis Range (Oceano) [1],165,strike-slip,10
251,San Luis Range (Oceano) [1],166,strike-slip,13
251,San Luis Range (Oceano) [1],167,strike-slip,9
251,San Luis Range (Oceano) [1],168,strike-slip,6
251,San Luis Range (Oceano) [1],169,strike-slip,6
251,San Luis Range (Oceano) [1],170,strike-slip,2
252,San Luis Range (Pecho),90,reverse,30
252,San Luis Range (Pecho),116,reverse oblique,5
252,San Luis Range (Pecho),122,reverse oblique,4
252,San Luis Range (Pecho),126,reverse oblique,5
252,San Luis Range (Pecho),129,reverse oblique,3
252,San Luis Range (Pecho),133,reverse oblique,4
252,San Luis Range (Pecho),135,reverse oblique,5
252,San Luis Range (Pecho),138,reverse oblique,2
252,San Luis Range (Pecho),141,reverse oblique,14
252,San Luis Range (Pecho),146,reverse oblique,5
252,San Luis Range (Pecho),147,reverse oblique,4
252,San Luis Range (Pecho),149,reverse oblique,5
252,San Luis Range (Pecho),150,reverse oblique,5
252,San Luis Range (Pecho),152,reverse oblique,6
252,San Luis Range (Pecho),153,reverse oblique,5
252,San Luis Range (Pecho),154,reverse oblique,3
252,San Luis Range (Pecho),155,reverse oblique,4
252,San Luis Range (Pecho),156,reverse oblique,7
252,San Luis Range (Pecho),158,reverse oblique,14
252,San Luis Range (Pecho),160,strike-slip,9
252,San Luis Range (Pecho),161,strike-slip,8
252,San Luis Range (Pecho),162,strike-slip,11
252,San Luis Range (Pecho),163,strike-slip,26
252,San Luis Range (Pecho),164,strike-slip,28
252,San Luis Range (Pecho),165,strike-slip,30
252,San Luis Range (Pecho),166,strike-slip,44
252,San Luis Range (Pecho),167,strike-slip,34
252,San Luis Range (Pecho),168,strike-slip,44
252,San Luis Range (Pecho),169,strike-slip,32
252,San Luis Range (Pecho),170,strike-slip,50
252,San Luis Range (Pecho),171,strike-slip,50
252,San Luis Range (Pecho),172,strike-slip,59
252,San Luis Range (Pecho),173,strike-slip,73
252,San Luis Range (Pecho),174,strike-slip,117
252,San Luis Range (Pecho),175,strike-slip,119
252,San Luis Range (Pecho),176,strike-slip,208
252,San Luis Range (Pecho),177,strike-slip,308
252,San Luis Range (Pecho),178,strike-slip,807
252,San Luis Range (Pecho),179,strike-slip,415
254,San Luis Range [1],90,reverse,817
254,San Luis Range [1],92,reverse,15
254,San Luis Range [1],93,reverse,34
254,San Luis Range [1],94,reverse,43
254,San Luis Range [1],95,reverse,46
254,San Luis Range [1],96,reverse,87
254,San Luis Range [1],97,reverse,81
254,San Luis Range [1],98,reverse,107
254,San Luis Range [1],99,reverse,69
254,San Luis Range [1],100,reverse,124
254,San Luis Range [1],101,reverse,54
254,San Luis Range [1],102,reverse,90
254,San Luis Range [1],103,reverse,72
254,San Luis Range [1],104,reverse,103
254,San Luis Range [1],105,reverse,61
254,San Luis Range [1],106,reverse,100
254,San Luis Range [1],107,reverse,74
254,San Luis Range [1],108,reverse,81
254,San Luis Range [1],109,reverse,56
254,San Luis Range [1],110,reverse oblique,110
254,San Luis Range [1],111,reverse oblique,54
254,San Luis Range [1],112,reverse oblique,95
254,San Luis Range [1],113,reverse oblique,68
254,San Luis Range [1],114,reverse oblique,76
254,San Luis Range [1],115,reverse oblique,86
254,San Luis Range [1],116,reverse oblique,79
254,San Luis Range [1],117,reverse oblique,90
254,San Luis Range [1],118,reverse oblique,104
254,San Luis Range [1],119,reverse oblique,73
254,San Luis Range [1],120,reverse oblique,108
254,San Luis Range [1],121,reverse oblique,104
254,San Luis Range [1],122,reverse oblique,115
254,San Luis Range [1],123,reverse oblique,49
254,San Luis Range [1],124,reverse oblique,175
254,San Luis Range [1],125,reverse oblique,41
254,San Luis Range [1],126,reverse oblique,145
254,San Luis Range [1],127,reverse oblique,102
254,San Luis Range [1],128,reverse oblique,108
254,San Luis Range [1],129,reverse oblique,109
254,San Luis Range [1],130,reverse oblique,97
254,San Luis Range [1],131,reverse oblique,98
254,San Luis Range [1],132,reverse oblique,90
254,San Luis Range [1],133,reverse oblique,114
254,San Luis Range [1],134,reverse oblique,127
254,San Luis Range [1],135,reverse oblique,100
254,San Luis Range [1],136,reverse oblique,118
254,San Luis Range [1],137,reverse oblique,95
254,San Luis Range [1],138,reverse oblique,130
254,San Luis Range [1],139,reverse oblique,103
254,San Luis Range [1],140,reverse oblique,126
254,San Luis Range [1],141,reverse oblique,115
254,San Luis Range [1],142,reverse oblique,146
254,San Luis Range [1],143,reverse oblique,95
254,San Luis Range [1],144,reverse oblique,160
254,San Luis Range [1],145,reverse oblique,128
254,San Luis Range [1],146,reverse oblique,139
254,San Luis Range [1],147,reverse oblique,104
254,San Luis Range [1],148,reverse oblique,132
254,San Luis Range [1],149,reverse oblique,96
254,San Luis Range [1],150,reverse oblique,132
254,San Luis Range [1],151,reverse oblique,107
254,San Luis Range [1],152,reverse oblique,131
254,San Luis Range [1],153,reverse oblique,117
254,San Luis Range [1],154,reverse oblique,129
254,San Luis Range [1],155,reverse oblique,123
254,San Luis Range [1],156,reverse oblique,158
254,San Luis Range [1],157,reverse oblique,158
254,San Luis Range [1],158,reverse oblique,188
254,San Luis Range [1],159,reverse oblique,206
254,San Luis Range [1],160,strike-slip,258
254,San Luis Range [1],161,strike-slip,224
254,San Luis Range [1],162,strike-slip,290
254,San Luis Range [1],163,strike-slip,257
254,San Luis Range [1],164,strike-slip,317
254,San Luis Range [1],165,strike-slip,241
254,San Luis Range [1],166,strike-slip,369
254,San Luis Range [1],167,strike-slip,299
254,San Luis Range [1],168,strike-slip,444
254,San Luis Range [1],169,strike-slip,368
254,San Luis Range [1],170,strike-slip,519
254,San Luis Range [1],171,strike-slip,400
254,San Luis Range [1],172,strike-slip,434
254,San Luis Range [1],173,strike-slip,311
254,San Luis Range [1],174,strike-slip,343
254,San Luis Range [1],175,strike-slip,255
254,San Luis Range [1],176,strike-slip,253
254,San Luis Range [1],177,strike-slip,153
254,San Luis Range [1],178,strike-slip,116
255,San Pedro Basin,46,reverse oblique,6
255,San Pedro Basin,47,reverse oblique,12
255,San Pedro Basin,48,reverse oblique,12
255,San Pedro Basin,49,reverse oblique,13
255,San Pedro Basin,50,reverse oblique,18
255,San Pedro Basin,51,reverse oblique,17
255,San Pedro Basin,52,reverse oblique,17
255,San Pedro Basin,53,reverse oblique,20
255,San Pedro Basin,54,reverse oblique,30
255,San Pedro Basin,55,reverse oblique,16
255,San Pedro Basin,56,reverse oblique,35
255,San Pedro Basin,57,reverse oblique,29
255,San Pedro Basin,58,reverse oblique,37
255,San Pedro Basin,59,reverse oblique,35
255,San Pedro Basin,60,reverse oblique,45
255,San Pedro Basin,61,reverse oblique,29
255,San Pedro Basin,62,reverse oblique,37
255,San Pedro Basin,63,reverse oblique,10
255,San Pedro Basin,64,reverse oblique,40
255,San Pedro Basin,65,reverse oblique,19
255,San Pedro Basin,66,reverse oblique,23
255,San Pedro Basin,67,reverse oblique,17
255,San Pedro Basin,68,reverse oblique,35
255,San Pedro Basin,69,reverse oblique,9
255,San Pedro Basin,70,reverse,33
255,San Pedro Basin,71,reverse,2
255,San Pedro Basin,72,reverse,24
255,San Pedro Basin,73,reverse,12
255,San Pedro Basin,75,reverse,23
255,San Pedro Basin,77,reverse,6
255,San Pedro Basin,78,reverse,23
255,San Pedro Basin,80,reverse,23
255,San Pedro Basin,81,reverse,5
255,San Pedro Basin,84,reverse,23
255,San Pedro Basin,86,reverse,6
255,San Pedro Basin,87,reverse,23
255,San Pedro Basin,91,reverse,30
255,San Pedro Basin,93,reverse,6
255,San Pedro Basin,94,reverse,2
255,San Pedro Basin,95,reverse,14
255,San Pedro Basin,96,reverse,21
255,San Pedro Basin,97,reverse,2
255,San Pedro Basin,98,reverse,13
255,San Pedro Basin,99,reverse,11
255,San Pedro Basin,100,reverse,23
255,San Pedro Basin,101,reverse,20
255,San Pedro Basin,102,reverse,12
255,San Pedro Basin,103,reverse,25
255,San Pedro Basin,104,reverse,14
255,San Pedro Basin,105,reverse,10
255,San Pedro Basin,106,reverse,23
255,San Pedro Basin,107,reverse,2
255,San Pedro Basin,108,reverse,12
255,San Pedro Basin,109,reverse,2
255,San Pedro Basin,110,reverse oblique,25
255,San Pedro Basin,113,reverse oblique,4
255,San Pedro Basin,114,reverse oblique,12
255,San Pedro Basin,116,reverse oblique,4
255,San Pedro Basin,120,reverse oblique,4
255,San Pedro Basin,122,reverse oblique,2
255,San Pedro Basin,123,reverse oblique,4
255,San Pedro Basin,124,reverse oblique,11
255,San Pedro Basin,125,reverse oblique,2
255,San Pedro Basin,126,reverse oblique,2
255,San Pedro Basin,127,reverse oblique,2
255,San Pedro Basin,128,reverse oblique,12
255,San Pedro Basin,129,reverse oblique,2
255,San Pedro Basin,130,reverse oblique,4
255,San Pedro Basin,131,reverse oblique,2
255,San Pedro Basin,132,reverse oblique,4
255,San Pedro Basin,134,reverse oblique,4
255,San Pedro Basin,135,reverse oblique,2
255,San Pedro Basin,136,reverse oblique,4
255,San Pedro Basin,137,reverse oblique,2
255,San Pedro Basin,138,reverse oblique,4
255,San Pedro Basin,139,reverse oblique,2
255,San Pedro Basin,140,reverse oblique,2
255,San Pedro Basin,141,reverse oblique,2
255,San Pedro Basin,142,reverse oblique,15
255,San Pedro Basin,143,reverse oblique,4
255,San Pedro Basin,144,reverse oblique,4
255,San Pedro Basin,145,reverse oblique,6
255,San Pedro Basin,146,reverse oblique,18
255,San Pedro Basin,147,reverse oblique,4
255,San Pedro Basin,148,reverse oblique,6
255,San Pedro Basin,149,reverse oblique,4
255,San Pedro Basin,180,strike-slip,352
256,San Pedro Escarpment,56,reverse oblique,2
256,San Pedro Escarpment,57,reverse oblique,4
256,San Pedro Escarpment,58,reverse oblique,4
256,San Pedro Escarpment,59,reverse oblique,4
256,San Pedro Escarpment,60,reverse oblique,8
256,San Pedro Escarpment,61,reverse oblique,4
256,San Pedro Escarpment,62,reverse oblique,4
256,San Pedro Escarpment,63,reverse oblique,6
256,San Pedro Escarpment,64,reverse oblique,10
256,San Pedro Escarpment,65,reverse oblique,8
256,San Pedro Escarpment,66,reverse oblique,16
256,San Pedro Escarpment,67,reverse oblique,12
256,San Pedro Escarpment,68,reverse oblique,18
256,San Pedro Escarpment,69,reverse oblique,14
256,San Pedro Escarpment,70,reverse,18
256,San Pedro Escarpment,71,reverse,18
256,San Pedro Escarpment,72,reverse,24
256,San Pedro Escarpment,73,reverse,20
256,San Pedro Escarpment,74,reverse,34
256,San Pedro Escarpment,75,reverse,40
256,San Pedro Escarpment,76,reverse,38
256,San Pedro Escarpment,77,reverse,22
256,San Pedro Escarpment,78,reverse,28
256,San Pedro Escarpment,79,reverse,22
256,San Pedro Escarpment,80,reverse,24
256,San Pedro Escarpment,81,reverse,10
256,San Pedro Escarpment,82,reverse,6
256,San Pedro Escarpment,83,reverse,2
256,San Pedro Escarpment,84,reverse,8
256,San Pedro Escarpment,85,reverse,4
256,San Pedro Escarpment,86,reverse,10
256,San Pedro Escarpment,87,reverse,4
256,San Pedro Escarpment,88,reverse,4
256,San Pedro Escarpment,89,reverse,4
256,San Pedro Escarpment,90,reverse,20
256,San Pedro Escarpment,91,reverse,4
256,San Pedro Escarpment,92,reverse,2
256,San Pedro Escarpment,93,reverse,10
256,San Pedro Escarpment,94,reverse,10
256,San Pedro Escarpment,95,reverse,10
256,San Pedro Escarpment,96,reverse,10
256,San Pedro Escarpment,97,reverse,2
256,San Pedro Escarpment,98,reverse,6
256,San Pedro Escarpment,99,reverse,8
256,San Pedro Escarpment,100,reverse,4
256,San Pedro Escarpment,101,reverse,4
256,San Pedro Escarpment,102,reverse,4
256,San Pedro Escarpment,103,reverse,6
256,San Pedro Escarpment,104,reverse,4
256,San Pedro Escarpment,105,reverse,6
256,San Pedro Escarpment,106,reverse,4
256,San Pedro Escarpment,107,reverse,4
256,San Pedro Escarpment,108,reverse,10
256,San Pedro Escarpment,109,reverse,2
256,San Pedro Escarpment,110,reverse oblique,8
256,San Pedro Escarpment,111,reverse oblique,2
256,San Pedro Escarpment,112,reverse oblique,6
256,San Pedro Escarpment,113,reverse oblique,6
256,San Pedro Escarpment,114,reverse oblique,2
256,San Pedro Escarpment,115,reverse oblique,6
256,San Pedro Escarpment,116,reverse oblique,6
256,San Pedro Escarpment,117,reverse oblique,2
256,San Pedro Escarpment,118,reverse oblique,2
256,San Pedro Escarpment,119,reverse oblique,4
256,San Pedro Escarpment,120,reverse oblique,4
256,San Pedro Escarpment,121,reverse oblique,4
256,San Pedro Escarpment,122,reverse oblique,4
256,San Pedro Escarpment,123,reverse oblique,8
256,San Pedro Escarpment,124,reverse oblique,2
256,San Pedro Escarpment,125,reverse oblique,4
256,San Pedro Escarpment,126,reverse oblique,6
256,San Pedro Escarpment,127,reverse oblique,4
256,San Pedro Escarpment,128,reverse oblique,6
256,San Pedro Escarpment,129,reverse oblique,6
256,San Pedro Escarpment,130,reverse oblique,14
256,San Pedro Escarpment,131,reverse oblique,4
256,San Pedro Escarpment,132,reverse oblique,10
256,San Pedro Escarpment,133,reverse oblique,4
256,San Pedro Escarpment,134,reverse oblique,8
256,San Pedro Escarpment,135,reverse oblique,4
256,San Pedro Escarpment,136,reverse oblique,10
256,San Pedro Escarpment,137,reverse oblique,6
256,San Pedro Escarpment,138,reverse oblique,12
256,San Pedro Escarpment,139,reverse oblique,6
256,San Pedro Escarpment,140,reverse oblique,6
256,San Pedro Escarpment,141,reverse oblique,6
256,San Pedro Escarpment,142,reverse oblique,8
256,San Pedro Escarpment,143,reverse oblique,8
256,San Pedro Escarpment,144,reverse oblique,10
256,San Pedro Escarpment,145,reverse oblique,10
256,San Pedro Escarpment,146,reverse oblique,10
256,San Pedro Escarpment,147,reverse oblique,10
256,San Pedro Escarpment,148,reverse oblique,6
256,San Pedro Escarpment,149,reverse oblique,4
257,San Vicente,38,reverse oblique,14
257,San Vicente,39,reverse oblique,16
257,San Vicente,40,reverse oblique,16
257,San Vicente,41,reverse oblique,26
257,San Vicente,42,reverse oblique,58
257,San Vicente,43,reverse oblique,54
257,San Vicente,44,reverse oblique,70
257,San Vicente,45,reverse oblique,56
257,San Vicente,46,reverse oblique,84
257,San Vicente,47,reverse oblique,100
257,San Vicente,48,reverse oblique,116
257,San Vicente,49,reverse oblique,90
257,San Vicente,50,reverse oblique,118
257,San Vicente,51,reverse oblique,102
257,San Vicente,52,reverse oblique,132
257,San Vicente,53,reverse oblique,112
257,San Vicente,54,reverse oblique,140
257,San Vicente,55,reverse oblique,112
257,San Vicente,56,reverse oblique,138
257,San Vicente,57,reverse oblique,108
257,San Vicente,58,reverse oblique,124
257,San Vicente,59,reverse oblique,110
257,San Vicente,60,reverse oblique,122
257,San Vicente,61,reverse oblique,102
257,San Vicente,62,reverse oblique,148
257,San Vicente,63,reverse oblique,100
257,San Vicente,64,reverse oblique,138
257,San Vicente,65,reverse oblique,114
257,San Vicente,66,reverse oblique,120
257,San Vicente,67,reverse oblique,92
257,San Vicente,68,reverse oblique,112
257,San Vicente,69,reverse oblique,70
257,San Vicente,70,reverse,92
257,San Vicente,71,reverse,56
257,San Vicente,72,reverse,80
257,San Vicente,73,reverse,56
257,San Vicente,74,reverse,68
257,San Vicente,75,reverse,48
257,San Vicente,76,reverse,56
257,San Vicente,77,reverse,40
257,San Vicente,78,reverse,44
257,San Vicente,79,reverse,42
257,San Vicente,80,reverse,50
257,San Vicente,81,reverse,18
257,San Vicente,82,reverse,38
257,San Vicente,83,reverse,26
257,San Vicente,84,reverse,36
257,San Vicente,85,reverse,24
257,San Vicente,86,reverse,28
257,San Vicente,87,reverse,12
257,San Vicente,88,reverse,34
257,San Vicente,89,reverse,20
257,San Vicente,90,reverse,44
257,San Vicente,91,reverse,18
257,San Vicente,92,reverse,30
257,San Vicente,93,reverse,18
257,San Vicente,94,reverse,20
257,San Vicente,95,reverse,16
257,San Vicente,96,reverse,24
257,San Vicente,97,reverse,30
257,San Vicente,98,reverse,12
257,San Vicente,99,reverse,16
257,San Vicente,100,reverse,12
257,San Vicente,101,reverse,22
257,San Vicente,102,reverse,20
257,San Vicente,103,reverse,16
257,San Vicente,104,reverse,24
257,San Vicente,105,reverse,18
257,San Vicente,106,reverse,24
257,San Vicente,107,reverse,6
257,San Vicente,108,reverse,14
257,San Vicente,109,reverse,20
257,San Vicente,110,reverse oblique,16
257,San Vicente,111,reverse oblique,20
257,San Vicente,112,reverse oblique,20
257,San Vicente,113,reverse oblique,18
257,San Vicente,114,reverse oblique,16
257,San Vicente,115,reverse oblique,24
257,San Vicente,116,reverse oblique,22
257,San Vicente,117,reverse oblique,14
257,San Vicente,118,reverse oblique,20
257,San Vicente,119,reverse oblique,16
257,San Vicente,120,reverse oblique,20
257,San Vicente,121,reverse oblique,24
257,San Vicente,122,reverse oblique,16
257,San Vicente,123,reverse oblique,18
257,San Vicente,124,reverse oblique,28
257,San Vicente,125,reverse oblique,12
257,San Vicente,126,reverse oblique,30
257,San Vicente,127,reverse oblique,16
257,San Vicente,128,reverse oblique,14
257,San Vicente,129,reverse oblique,14
257,San Vicente,130,reverse oblique,20
257,San Vicente,131,reverse oblique,16
257,San Vicente,132,reverse oblique,18
257,San Vicente,133,reverse oblique,12
257,San Vicente,134,reverse oblique,20
257,San Vicente,135,reverse oblique,18
257,San Vicente,136,reverse oblique,24
257,San Vicente,137,reverse oblique,22
257,San Vicente,138,reverse oblique,18
257,San Vicente,139,reverse oblique,20
257,San Vicente,140,reverse oblique,20
257,San Vicente,141,reverse oblique,24
257,San Vicente,142,reverse oblique,16
257,San Vicente,143,reverse oblique,18
257,San Vicente,144,reverse oblique,18
257,San Vicente,145,reverse oblique,14
257,San Vicente,146,reverse oblique,28
257,San Vicente,147,reverse oblique,28
257,San Vicente,148,reverse oblique,20
257,San Vicente,149,reverse oblique,24
257,San Vicente,150,reverse oblique,32
257,San Vicente,151,reverse oblique,28
257,San Vicente,152,reverse oblique,30
257,San Vicente,153,reverse oblique,24
257,San Vicente,154,reverse oblique,24
257,San Vicente,155,reverse oblique,34
257,San Vicente,156,reverse oblique,34
257,San Vicente,157,reverse oblique,32
257,San Vicente,158,reverse oblique,32
257,San Vicente,159,reverse oblique,28
257,San Vicente,160,strike-slip,32
257,San Vicente,161,strike-slip,22
257,San Vicente,162,strike-slip,24
257,San Vicente,163,strike-slip,6
257,San Vicente,164,strike-slip,6
257,San Vicente,165,strike-slip,6
257,San Vicente,166,strike-slip,6
257,San Vicente,167,strike-slip,2
258,Santa Cruz - Catalina Ridge [1],36,reverse oblique,4
258,Santa Cruz - Catalina Ridge [1],37,reverse oblique,6
258,Santa Cruz - Catalina Ridge [1],38,reverse oblique,8
258,Santa Cruz - Catalina Ridge [1],39,reverse oblique,7
258,Santa Cruz - Catalina Ridge [1],40,reverse oblique,13
258,Santa Cruz - Catalina Ridge [1],41,reverse oblique,6
258,Santa Cruz - Catalina Ridge [1],42,reverse oblique,8
258,Santa Cruz - Catalina Ridge [1],43,reverse oblique,11
258,Santa Cruz - Catalina Ridge [1],44,reverse oblique,16
258,Santa Cruz - Catalina Ridge [1],45,reverse oblique,11
258,Santa Cruz - Catalina Ridge [1],46,reverse oblique,17
258,Santa Cruz - Catalina Ridge [1],47,reverse oblique,15
258,Santa Cruz - Catalina Ridge [1],48,reverse oblique,17
258,Santa Cruz - Catalina Ridge [1],49,reverse oblique,15
258,Santa Cruz - Catalina Ridge [1],50,reverse oblique,21
258,Santa Cruz - Catalina Ridge [1],51,reverse oblique,20
258,Santa Cruz - Catalina Ridge [1],52,reverse oblique,18
258,Santa Cruz - Catalina Ridge [1],53,reverse oblique,18
258,Santa Cruz - Catalina Ridge [1],54,reverse oblique,26
258,Santa Cruz - Catalina Ridge [1],55,reverse oblique,23
258,Santa Cruz - Catalina Ridge [1],56,reverse oblique,39
258,Santa Cruz - Catalina Ridge [1],57,reverse oblique,26
258,Santa Cruz - Catalina Ridge [1],58,reverse oblique,34
258,Santa Cruz - Catalina Ridge [1],59,reverse oblique,31
258,Santa Cruz - Catalina Ridge [1],60,reverse oblique,44
258,Santa Cruz - Catalina Ridge [1],61,reverse oblique,29
258,Santa Cruz - Catalina Ridge [1],62,reverse oblique,50
258,Santa Cruz - Catalina Ridge [1],63,reverse oblique,54
258,Santa Cruz - Catalina Ridge [1],64,reverse oblique,57
258,Santa Cruz - Catalina Ridge [1],65,reverse oblique,68
258,Santa Cruz - Catalina Ridge [1],66,reverse oblique,66
258,Santa Cruz - Catalina Ridge [1],67,reverse oblique,66
258,Santa Cruz - Catalina Ridge [1],68,reverse oblique,70
258,Santa Cruz - Catalina Ridge [1],69,reverse oblique,81
258,Santa Cruz - Catalina Ridge [1],70,reverse,123
258,Santa Cruz - Catalina Ridge [1],71,reverse,80
258,Santa Cruz - Catalina Ridge [1],72,reverse,92
258,Santa Cruz - Catalina Ridge [1],73,reverse,101
258,Santa Cruz - Catalina Ridge [1],74,reverse,118
258,Santa Cruz - Catalina Ridge [1],75,reverse,158
258,Santa Cruz - Catalina Ridge [1],76,reverse,115
258,Santa Cruz - Catalina Ridge [1],77,reverse,145
258,Santa Cruz - Catalina Ridge [1],78,reverse,168
258,Santa Cruz - Catalina Ridge [1],79,reverse,141
258,Santa Cruz - Catalina Ridge [1],80,reverse,188
258,Santa Cruz - Catalina Ridge [1],81,reverse,160
258,Santa Cruz - Catalina Ridge [1],82,reverse,222
258,Santa Cruz - Catalina Ridge [1],83,reverse,193
258,Santa Cruz - Catalina Ridge [1],84,reverse,276
258,Santa Cruz - Catalina Ridge [1],85,reverse,244
258,Santa Cruz - Catalina Ridge [1],86,reverse,354
258,Santa Cruz - Catalina Ridge [1],87,reverse,362
258,Santa Cruz - Catalina Ridge [1],88,reverse,468
258,Santa Cruz - Catalina Ridge [1],89,reverse,367
258,Santa Cruz - Catalina Ridge [1],90,reverse,502
258,Santa Cruz - Catalina Ridge [1],91,reverse,414
258,Santa Cruz - Catalina Ridge [1],92,reverse,623
258,Santa Cruz - Catalina Ridge [1],93,reverse,590
258,Santa Cruz - Catalina Ridge [1],94,reverse,841
258,Santa Cruz - Catalina Ridge [1],95,reverse,829
258,Santa Cruz - Catalina Ridge [1],96,reverse,983
258,Santa Cruz - Catalina Ridge [1],97,reverse,855
258,Santa Cruz - Catalina Ridge [1],98,reverse,1088
258,Santa Cruz - Catalina Ridge [1],99,reverse,776
258,Santa Cruz - Catalina Ridge [1],100,reverse,987
258,Santa Cruz - Catalina Ridge [1],101,reverse,813
258,Santa Cruz - Catalina Ridge [1],102,reverse,945
258,Santa Cruz - Catalina Ridge [1],103,reverse,804
258,Santa Cruz - Catalina Ridge [1],104,reverse,881
258,Santa Cruz - Catalina Ridge [1],105,reverse,614
258,Santa Cruz - Catalina Ridge [1],106,reverse,533
258,Santa Cruz - Catalina Ridge [1],107,reverse,400
258,Santa Cruz - Catalina Ridge [1],108,reverse,434
258,Santa Cruz - Catalina Ridge [1],109,reverse,309
258,Santa Cruz - Catalina Ridge [1],110,reverse oblique,360
258,Santa Cruz - Catalina Ridge [1],111,reverse oblique,268
258,Santa Cruz - Catalina Ridge [1],112,reverse oblique,385
258,Santa Cruz - Catalina Ridge [1],113,reverse oblique,214
258,Santa Cruz - Catalina Ridge [1],114,reverse oblique,203
258,Santa Cruz - Catalina Ridge [1],115,reverse oblique,232
258,Santa Cruz - Catalina Ridge [1],116,reverse oblique,168
258,Santa Cruz - Catalina Ridge [1],117,reverse oblique,177
258,Santa Cruz - Catalina Ridge [1],118,reverse oblique,84
258,Santa Cruz - Catalina Ridge [1],119,reverse oblique,131
258,Santa Cruz - Catalina Ridge [1],120,reverse oblique,166
258,Santa Cruz - Catalina Ridge [1],121,reverse oblique,33
258,Santa Cruz - Catalina Ridge [1],122,reverse oblique,100
258,Santa Cruz - Catalina Ridge [1],123,reverse oblique,109
258,Santa Cruz - Catalina Ridge [1],124,reverse oblique,97
258,Santa Cruz - Catalina Ridge [1],125,reverse oblique,16
258,Santa Cruz - Catalina Ridge [1],126,reverse oblique,35
258,Santa Cruz - Catalina Ridge [1],127,reverse oblique,60
258,Santa Cruz - Catalina Ridge [1],135,reverse oblique,1750
260,Santa Cruz Island,30,reverse oblique,977
260,Santa Cruz Island,35,reverse oblique,220
260,Santa Cruz Island,36,reverse oblique,478
260,Santa Cruz Island,37,reverse oblique,836
260,Santa Cruz Island,38,reverse oblique,1022
260,Santa Cruz Island,39,reverse oblique,532
260,Santa Cruz Island,40,reverse oblique,580
260,Santa Cruz Island,41,reverse oblique,516
260,Santa Cruz Island,42,reverse oblique,828
260,Santa Cruz Island,43,reverse oblique,850
260,Santa Cruz Island,44,reverse oblique,1061
260,Santa Cruz Island,45,reverse oblique,761
260,Santa Cruz Island,46,reverse oblique,948
260,Santa Cruz Island,47,reverse oblique,778
260,Santa Cruz Island,48,reverse oblique,835
260,Santa Cruz Island,49,reverse oblique,644
260,Santa Cruz Island,50,reverse oblique,811
260,Santa Cruz Island,51,reverse oblique,674
260,Santa Cruz Island,52,reverse oblique,808
260,Santa Cruz Island,53,reverse oblique,649
260,Santa Cruz Island,54,reverse oblique,805
260,Santa Cruz Island,55,reverse oblique,582
260,Santa Cruz Island,56,reverse oblique,797
260,Santa Cruz Island,57,reverse oblique,559
260,Santa Cruz Island,58,reverse oblique,658
260,Santa Cruz Island,59,reverse oblique,489
260,Santa Cruz Island,60,reverse oblique,602
260,Santa Cruz Island,61,reverse oblique,465
260,Santa Cruz Island,62,reverse oblique,573
260,Santa Cruz Island,63,reverse oblique,420
260,Santa Cruz Island,64,reverse oblique,532
260,Santa Cruz Island,65,reverse oblique,392
260,Santa Cruz Island,66,reverse oblique,455
260,Santa Cruz Island,67,reverse oblique,389
260,Santa Cruz Island,68,reverse oblique,420
260,Santa Cruz Island,69,reverse oblique,320
260,Santa Cruz Island,70,reverse,377
260,Santa Cruz Island,71,reverse,286
260,Santa Cruz Island,72,reverse,312
260,Santa Cruz Island,73,reverse,253
260,Santa Cruz Island,74,reverse,286
260,Santa Cruz Island,75,reverse,243
260,Santa Cruz Island,76,reverse,213
260,Santa Cruz Island,77,reverse,187
260,Santa Cruz Island,78,reverse,198
260,Santa Cruz Island,79,reverse,177
260,Santa Cruz Island,80,reverse,193
260,Santa Cruz Island,81,reverse,159
260,Santa Cruz Island,82,reverse,181
260,Santa Cruz Island,83,reverse,148
260,Santa Cruz Island,84,reverse,190
260,Santa Cruz Island,85,reverse,146
260,Santa Cruz Island,86,reverse,208
260,Santa Cruz Island,87,reverse,177
260,Santa Cruz Island,88,reverse,192
260,Santa Cruz Island,89,reverse,147
260,Santa Cruz Island,90,reverse,174
260,Santa Cruz Island,91,reverse,134
260,Santa Cruz Island,92,reverse,163
260,Santa Cruz Island,93,reverse,152
260,Santa Cruz Island,94,reverse,165
260,Santa Cruz Island,95,reverse,172
260,Santa Cruz Island,96,reverse,138
260,Santa Cruz Island,97,reverse,121
260,Santa Cruz Island,98,reverse,137
260,Santa Cruz Island,99,reverse,93
260,Santa Cruz Island,100,reverse,120
260,Santa Cruz Island,101,reverse,110
260,Santa Cruz Island,102,reverse,125
260,Santa Cruz Island,103,reverse,115
260,Santa Cruz Island,104,reverse,125
260,Santa Cruz Island,105,reverse,90
260,Santa Cruz Island,106,reverse,83
260,Santa Cruz Island,107,reverse,55
260,Santa Cruz Island,108,reverse,69
260,Santa Cruz Island,109,reverse,40
260,Santa Cruz Island,110,reverse oblique,45
260,Santa Cruz Island,111,reverse oblique,23
260,Santa Cruz Island,112,reverse oblique,44
260,Santa Cruz Island,113,reverse oblique,17
260,Santa Cruz Island,114,reverse oblique,17
260,Santa Cruz Island,115,reverse oblique,22
260,Santa Cruz Island,116,reverse oblique,14
260,Santa Cruz Island,117,reverse oblique,10
260,Santa Cruz Island,118,reverse oblique,9
260,Santa Cruz Island,119,reverse oblique,6
260,Santa Cruz Island,120,reverse oblique,9
260,Santa Cruz Island,121,reverse oblique,3
260,Santa Cruz Island,122,reverse oblique,8
260,Santa Cruz Island,123,reverse oblique,5
260,Santa Cruz Island,124,reverse oblique,5
260,Santa Cruz Island,125,reverse oblique,2
260,Santa Cruz Island,126,reverse oblique,4
260,Santa Cruz Island,127,reverse oblique,6
261,Santa Monica Bay,55,reverse oblique,6
261,Santa Monica Bay,56,reverse oblique,8
261,Santa Monica Bay,57,reverse oblique,6
261,Santa Monica Bay,58,reverse oblique,12
261,Santa Monica Bay,59,reverse oblique,10
261,Santa Monica Bay,60,reverse oblique,14
261,Santa Monica Bay,61,reverse oblique,16
261,Santa Monica Bay,62,reverse oblique,18
261,Santa Monica Bay,63,reverse oblique,14
261,Santa Monica Bay,64,reverse oblique,22
261,Santa Monica Bay,65,reverse oblique,14
261,Santa Monica Bay,66,reverse oblique,20
261,Santa Monica Bay,67,reverse oblique,16
261,Santa Monica Bay,68,reverse oblique,20
261,Santa Monica Bay,69,reverse oblique,20
261,Santa Monica Bay,70,reverse,18
261,Santa Monica Bay,71,reverse,14
261,Santa Monica Bay,72,reverse,16
261,Santa Monica Bay,73,reverse,16
261,Santa Monica Bay,74,reverse,16
261,Santa Monica Bay,75,reverse,12
261,Santa Monica Bay,76,reverse,18
261,Santa Monica Bay,77,reverse,14
261,Santa Monica Bay,78,reverse,18
261,Santa Monica Bay,79,reverse,14
261,Santa Monica Bay,80,reverse,12
261,Santa Monica Bay,81,reverse,14
261,Santa Monica Bay,82,reverse,12
261,Santa Monica Bay,83,reverse,10
261,Santa Monica Bay,84,reverse,12
261,Santa Monica Bay,85,reverse,8
261,Santa Monica Bay,86,reverse,14
261,Santa Monica Bay,87,reverse,12
261,Santa Monica Bay,88,reverse,6
261,Santa Monica Bay,89,reverse,10
261,Santa Monica Bay,90,reverse,12
261,Santa Monica Bay,91,reverse,10
261,Santa Monica Bay,92,reverse,10
261,Santa Monica Bay,93,reverse,4
261,Santa Monica Bay,94,reverse,8
261,Santa Monica Bay,95,reverse,6
261,Santa Monica Bay,96,reverse,4
261,Santa Monica Bay,97,reverse,6
261,Santa Monica Bay,98,reverse,2
261,Santa Monica Bay,99,reverse,4
261,Santa Monica Bay,100,reverse,2
261,Santa Monica Bay,101,reverse,4
261,Santa Monica Bay,103,reverse,2
261,Santa Monica Bay,104,reverse,2
261,Santa Monica Bay,106,reverse,2
261,Santa Monica Bay,107,reverse,2
261,Santa Monica Bay,109,reverse,2
261,Santa Monica Bay,110,reverse oblique,2
261,Santa Monica Bay,113,reverse oblique,2
261,Santa Monica Bay,115,reverse oblique,4
261,Santa Monica Bay,118,reverse oblique,2
261,Santa Monica Bay,120,reverse oblique,2
261,Santa Monica Bay,121,reverse oblique,2
261,Santa Monica Bay,123,reverse oblique,2
261,Santa Monica Bay,125,reverse oblique,2
261,Santa Monica Bay,129,reverse oblique,2
261,Santa Monica Bay,133,reverse oblique,2
261,Santa Monica Bay,136,reverse oblique,2
261,Santa Monica Bay,140,reverse oblique,2
261,Santa Monica Bay,142,reverse oblique,2
261,Santa Monica Bay,145,reverse oblique,2
261,Santa Monica Bay,147,reverse oblique,2
261,Santa Monica Bay,149,reverse oblique,2
261,Santa Monica Bay,150,reverse oblique,2
261,Santa Monica Bay,152,reverse oblique,2
262,Santa Monica [1],30,reverse oblique,108
262,Santa Monica [1],33,reverse oblique,12
262,Santa Monica [1],34,reverse oblique,12
262,Santa Monica [1],35,reverse oblique,64
262,Santa Monica [1],36,reverse oblique,68
262,Santa Monica [1],37,reverse oblique,56
262,Santa Monica [1],38,reverse oblique,96
262,Santa Monica [1],39,reverse oblique,68
262,Santa Monica [1],40,reverse oblique,94
262,Santa Monica [1],41,reverse oblique,106
262,Santa Monica [1],42,reverse oblique,186
262,Santa Monica [1],43,reverse oblique,172
262,Santa Monica [1],44,reverse oblique,216
262,Santa Monica [1],45,reverse oblique,190
262,Santa Monica [1],46,reverse oblique,252
262,Santa Monica [1],47,reverse oblique,228
262,Santa Monica [1],48,reverse oblique,270
262,Santa Monica [1],49,reverse oblique,218
262,Santa Monica [1],50,reverse oblique,282
262,Santa Monica [1],51,reverse oblique,246
262,Santa Monica [1],52,reverse oblique,306
262,Santa Monica [1],53,reverse oblique,238
262,Santa Monica [1],54,reverse oblique,278
262,Santa Monica [1],55,reverse oblique,206
262,Santa Monica [1],56,reverse oblique,282
262,Santa Monica [1],57,reverse oblique,216
262,Santa Monica [1],58,reverse oblique,244
262,Santa Monica [1],59,reverse oblique,204
262,Santa Monica [1],60,reverse oblique,218
262,Santa Monica [1],61,reverse oblique,180
262,Santa Monica [1],62,reverse oblique,222
262,Santa Monica [1],63,reverse oblique,164
262,Santa Monica [1],64,reverse oblique,216
262,Santa Monica [1],65,reverse oblique,148
262,Santa Monica [1],66,reverse oblique,172
262,Santa Monica [1],67,reverse oblique,130
262,Santa Monica [1],68,reverse oblique,158
262,Santa Monica [1],69,reverse oblique,98
262,Santa Monica [1],70,reverse,122
262,Santa Monica [1],71,reverse,84
262,Santa Monica [1],72,reverse,112
262,Santa Monica [1],73,reverse,86
262,Santa Monica [1],74,reverse,112
262,Santa Monica [1],75,reverse,98
262,Santa Monica [1],76,reverse,100
262,Santa Monica [1],77,reverse,70
262,Santa Monica [1],78,reverse,70
262,Santa Monica [1],79,reverse,68
262,Santa Monica [1],80,reverse,70
262,Santa Monica [1],81,reverse,32
262,Santa Monica [1],82,reverse,48
262,Santa Monica [1],83,reverse,32
262,Santa Monica [1],84,reverse,52
262,Santa Monica [1],85,reverse,32
262,Santa Monica [1],86,reverse,38
262,Santa Monica [1],87,reverse,24
262,Santa Monica [1],88,reverse,40
262,Santa Monica [1],89,reverse,26
262,Santa Monica [1],90,reverse,28
262,Santa Monica [1],91,reverse,24
262,Santa Monica [1],92,reverse,36
262,Santa Monica [1],93,reverse,18
262,Santa Monica [1],94,reverse,26
262,Santa Monica [1],95,reverse,18
262,Santa Monica [1],96,reverse,30
262,Santa Monica [1],97,reverse,26
262,Santa Monica [1],98,reverse,14
262,Santa Monica [1],99,reverse,22
262,Santa Monica [1],100,reverse,18
262,Santa Monica [1],101,reverse,22
262,Santa Monica [1],102,reverse,26
262,Santa Monica [1],103,reverse,24
262,Santa Monica [1],104,reverse,22
262,Santa Monica [1],105,reverse,16
262,Santa Monica [1],106,reverse,24
262,Santa Monica [1],107,reverse,6
262,Santa Monica [1],108,reverse,20
262,Santa Monica [1],109,reverse,18
262,Santa Monica [1],110,reverse oblique,18
262,Santa Monica [1],111,reverse oblique,14
262,Santa Monica [1],112,reverse oblique,16
262,Santa Monica [1],113,reverse oblique,20
262,Santa Monica [1],114,reverse oblique,16
262,Santa Monica [1],115,reverse oblique,20
262,Santa Monica [1],116,reverse oblique,22
262,Santa Monica [1],117,reverse oblique,18
262,Santa Monica [1],118,reverse oblique,20
262,Santa Monica [1],119,reverse oblique,16
262,Santa Monica [1],120,reverse oblique,24
262,Santa Monica [1],121,reverse oblique,22
262,Santa Monica [1],122,reverse oblique,18
262,Santa Monica [1],123,reverse oblique,18
262,Santa Monica [1],124,reverse oblique,28
262,Santa Monica [1],125,reverse oblique,14
262,Santa Monica [1],126,reverse oblique,30
262,Santa Monica [1],127,reverse oblique,18
262,Santa Monica [1],128,reverse oblique,16
262,Santa Monica [1],129,reverse oblique,16
262,Santa Monica [1],130,reverse oblique,20
262,Santa Monica [1],131,reverse oblique,16
262,Santa Monica [1],132,reverse oblique,16
262,Santa Monica [1],133,reverse oblique,12
262,Santa Monica [1],134,reverse oblique,20
262,Santa Monica [1],135,reverse oblique,14
262,Santa Monica [1],136,reverse oblique,26
262,Santa Monica [1],137,reverse oblique,16
262,Santa Monica [1],138,reverse oblique,24
262,Santa Monica [1],139,reverse oblique,14
262,Santa Monica [1],140,reverse oblique,22
262,Santa Monica [1],141,reverse oblique,16
262,Santa Monica [1],142,reverse oblique,14
262,Santa Monica [1],143,reverse oblique,20
262,Santa Monica [1],144,reverse oblique,12
262,Santa Monica [1],145,reverse oblique,14
262,Santa Monica [1],146,reverse oblique,18
262,Santa Monica [1],147,reverse oblique,20
262,Santa Monica [1],148,reverse oblique,16
262,Santa Monica [1],149,reverse oblique,20
262,Santa Monica [1],150,reverse oblique,24
262,Santa Monica [1],151,reverse oblique,22
262,Santa Monica [1],152,reverse oblique,24
262,Santa Monica [1],153,reverse oblique,22
262,Santa Monica [1],154,reverse oblique,22
262,Santa Monica [1],155,reverse oblique,32
262,Santa Monica [1],156,reverse oblique,34
262,Santa Monica [1],157,reverse oblique,28
262,Santa Monica [1],158,reverse oblique,30
262,Santa Monica [1],159,reverse oblique,22
262,Santa Monica [1],160,strike-slip,26
262,Santa Monica [1],161,strike-slip,20
262,Santa Monica [1],162,strike-slip,20
262,Santa Monica [1],163,strike-slip,4
262,Santa Monica [1],164,strike-slip,2
264,Santa Rosa Island,30,reverse oblique,1482
264,Santa Rosa Island,35,reverse oblique,213
264,Santa Rosa Island,36,reverse oblique,376
264,Santa Rosa Island,37,reverse oblique,752
264,Santa Rosa Island,38,reverse oblique,565
264,Santa Rosa Island,39,reverse oblique,179
264,Santa Rosa Island,40,reverse oblique,281
264,Santa Rosa Island,41,reverse oblique,292
264,Santa Rosa Island,42,reverse oblique,516
264,Santa Rosa Island,43,reverse oblique,482
264,Santa Rosa Island,44,reverse oblique,615
264,Santa Rosa Island,45,reverse oblique,347
264,Santa Rosa Island,46,reverse oblique,422
264,Santa Rosa Island,47,reverse oblique,364
264,Santa Rosa Island,48,reverse oblique,335
264,Santa Rosa Island,49,reverse oblique,264
264,Santa Rosa Island,50,reverse oblique,345
264,Santa Rosa Island,51,reverse oblique,310
264,Santa Rosa Island,52,reverse oblique,502
264,Santa Rosa Island,53,reverse oblique,390
264,Santa Rosa Island,54,reverse oblique,496
264,Santa Rosa Island,55,reverse oblique,378
264,Santa Rosa Island,56,reverse oblique,487
264,Santa Rosa Island,57,reverse oblique,321
264,Santa Rosa Island,58,reverse oblique,381
264,Santa Rosa Island,59,reverse oblique,318
264,Santa Rosa Island,60,reverse oblique,298
264,Santa Rosa Island,61,reverse oblique,230
264,Santa Rosa Island,62,reverse oblique,261
264,Santa Rosa Island,63,reverse oblique,190
264,Santa Rosa Island,64,reverse oblique,211
264,Santa Rosa Island,65,reverse oblique,148
264,Santa Rosa Island,66,reverse oblique,172
264,Santa Rosa Island,67,reverse oblique,132
264,Santa Rosa Island,68,reverse oblique,138
264,Santa Rosa Island,69,reverse oblique,134
264,Santa Rosa Island,70,reverse,121
264,Santa Rosa Island,71,reverse,125
264,Santa Rosa Island,72,reverse,112
264,Santa Rosa Island,73,reverse,128
264,Santa Rosa Island,74,reverse,128
264,Santa Rosa Island,75,reverse,171
264,Santa Rosa Island,76,reverse,122
264,Santa Rosa Island,77,reverse,130
264,Santa Rosa Island,78,reverse,141
264,Santa Rosa Island,79,reverse,118
264,Santa Rosa Island,80,reverse,145
264,Santa Rosa Island,81,reverse,105
264,Santa Rosa Island,82,reverse,147
264,Santa Rosa Island,83,reverse,112
264,Santa Rosa Island,84,reverse,146
264,Santa Rosa Island,85,reverse,133
264,Santa Rosa Island,86,reverse,159
264,Santa Rosa Island,87,reverse,130
264,Santa Rosa Island,88,reverse,158
264,Santa Rosa Island,89,reverse,100
264,Santa Rosa Island,90,reverse,111
264,Santa Rosa Island,91,reverse,69
264,Santa Rosa Island,92,reverse,78
264,Santa Rosa Island,93,reverse,69
264,Santa Rosa Island,94,reverse,87
264,Santa Rosa Island,95,reverse,65
264,Santa Rosa Island,96,reverse,85
264,Santa Rosa Island,97,reverse,76
264,Santa Rosa Island,98,reverse,87
264,Santa Rosa Island,99,reverse,36
264,Santa Rosa Island,100,reverse,44
264,Santa Rosa Island,101,reverse,48
264,Santa Rosa Island,102,reverse,49
264,Santa Rosa Island,103,reverse,37
264,Santa Rosa Island,104,reverse,23
264,Santa Rosa Island,105,reverse,14
264,Santa Rosa Island,106,reverse,7
264,Santa Rosa Island,107,reverse,4
265,"Santa Susana (east, connector)",43,reverse oblique,2
265,"Santa Susana (east, connector)",48,reverse oblique,2
265,"Santa Susana (east, connector)",53,reverse oblique,2
265,"Santa Susana (east, connector)",55,reverse oblique,2
265,"Santa Susana (east, connector)",59,reverse oblique,2
265,"Santa Susana (east, connector)",61,reverse oblique,2
265,"Santa Susana (east, connector)",62,reverse oblique,2
265,"Santa Susana (east, connector)",66,reverse oblique,6
265,"Santa Susana (east, connector)",67,reverse oblique,12
265,"Santa Susana (east, connector)",68,reverse oblique,4
265,"Santa Susana (east, connector)",69,reverse oblique,12
265,"Santa Susana (east, connector)",70,reverse,10
265,"Santa Susana (east, connector)",71,reverse,14
265,"Santa Susana (east, connector)",72,reverse,14
265,"Santa Susana (east, connector)",73,reverse,6
265,"Santa Susana (east, connector)",74,reverse,34
265,"Santa Susana (east, connector)",75,reverse,24
265,"Santa Susana (east, connector)",76,reverse,36
265,"Santa Susana (east, connector)",77,reverse,44
265,"Santa Susana (east, connector)",78,reverse,56
265,"Santa Susana (east, connector)",79,reverse,46
265,"Santa Susana (east, connector)",80,reverse,36
265,"Santa Susana (east, connector)",81,reverse,36
265,"Santa Susana (east, connector)",82,reverse,36
265,"Santa Susana (east, connector)",83,reverse,12
265,"Santa Susana (east, connector)",84,reverse,24
265,"Santa Susana (east, connector)",85,reverse,18
265,"Santa Susana (east, connector)",86,reverse,18
265,"Santa Susana (east, connector)",87,reverse,18
265,"Santa Susana (east, connector)",88,reverse,10
265,"Santa Susana (east, connector)",90,reverse,364
265,"Santa Susana (east, connector)",92,reverse,4
265,"Santa Susana (east, connector)",93,reverse,2
265,"Santa Susana (east, connector)",97,reverse,4
265,"Santa Susana (east, connector)",98,reverse,2
265,"Santa Susana (east, connector)",100,reverse,4
265,"Santa Susana (east, connector)",102,reverse,2
265,"Santa Susana (east, connector)",104,reverse,2
265,"Santa Susana (east, connector)",107,reverse,4
265,"Santa Susana (east, connector)",108,reverse,2
265,"Santa Susana (east, connector)",112,reverse oblique,4
265,"Santa Susana (east, connector)",113,reverse oblique,2
265,"Santa Susana (east, connector)",114,reverse oblique,2
265,"Santa Susana (east, connector)",115,reverse oblique,2
265,"Santa Susana (east, connector)",119,reverse oblique,4
265,"Santa Susana (east, connector)",122,reverse oblique,4
265,"Santa Susana (east, connector)",124,reverse oblique,4
265,"Santa Susana (east, connector)",129,reverse oblique,2
265,"Santa Susana (east, connector)",131,reverse oblique,2
265,"Santa Susana (east, connector)",133,reverse oblique,2
265,"Santa Susana (east, connector)",135,reverse oblique,2
265,"Santa Susana (east, connector)",137,reverse oblique,2
265,"Santa Susana (east, connector)",140,reverse oblique,4
265,"Santa Susana (east, connector)",142,reverse oblique,4
265,"Santa Susana (east, connector)",143,reverse oblique,4
265,"Santa Susana (east, connector)",144,reverse oblique,4
265,"Santa Susana (east, connector)",145,reverse oblique,4
266,Santa Susana [1],30,reverse oblique,7
266,Santa Susana [1],43,reverse oblique,3
266,Santa Susana [1],44,reverse oblique,3
266,Santa Susana [1],46,reverse oblique,3
266,Santa Susana [1],48,reverse oblique,2
266,Santa Susana [1],49,reverse oblique,2
266,Santa Susana [1],52,reverse oblique,2
266,Santa Susana [1],53,reverse oblique,3
266,Santa Susana [1],55,reverse oblique,9
266,Santa Susana [1],59,reverse oblique,6
266,Santa Susana [1],61,reverse oblique,3
266,Santa Susana [1],62,reverse oblique,10
266,Santa Susana [1],63,reverse oblique,3
266,Santa Susana [1],64,reverse oblique,9
266,Santa Susana [1],65,reverse oblique,14
266,Santa Susana [1],66,reverse oblique,26
266,Santa Susana [1],67,reverse oblique,42
266,Santa Susana [1],68,reverse oblique,45
266,Santa Susana [1],69,reverse oblique,48
266,Santa Susana [1],70,reverse,55
266,Santa Susana [1],71,reverse,42
266,Santa Susana [1],72,reverse,80
266,Santa Susana [1],73,reverse,55
266,Santa Susana [1],74,reverse,123
266,Santa Susana [1],75,reverse,98
266,Santa Susana [1],76,reverse,155
266,Santa Susana [1],77,reverse,175
266,Santa Susana [1],78,reverse,254
266,Santa Susana [1],79,reverse,200
266,Santa Susana [1],80,reverse,212
266,Santa Susana [1],81,reverse,172
266,Santa Susana [1],82,reverse,127
266,Santa Susana [1],83,reverse,50
266,Santa Susana [1],84,reverse,56
266,Santa Susana [1],85,reverse,21
266,Santa Susana [1],86,reverse,8
266,Santa Susana [1],87,reverse,3
266,Santa Susana [1],88,reverse,7
266,Santa Susana [1],92,reverse,5
266,Santa Susana [1],93,reverse,2
266,Santa Susana [1],98,reverse,2
268,Santa Ynez (east),0,strike-slip,1074
268,Santa Ynez (east),5,strike-slip,27
268,Santa Ynez (east),6,strike-slip,13
268,Santa Ynez (east),7,strike-slip,24
268,Santa Ynez (east),8,strike-slip,29
268,Santa Ynez (east),9,strike-slip,18
268,Santa Ynez (east),10,strike-slip,23
268,Santa Ynez (east),11,strike-slip,22
268,Santa Ynez (east),12,strike-slip,24
268,Santa Ynez (east),13,strike-slip,42
268,Santa Ynez (east),14,strike-slip,26
268,Santa Ynez (east),15,strike-slip,35
268,Santa Ynez (east),16,strike-slip,77
268,Santa Ynez (east),17,strike-slip,50
268,Santa Ynez (east),18,strike-slip,79
268,Santa Ynez (east),19,strike-slip,63
268,Santa Ynez (east),20,reverse oblique,80
268,Santa Ynez (east),21,reverse oblique,39
268,Santa Ynez (east),22,reverse oblique,63
268,Santa Ynez (east),23,reverse oblique,47
268,Santa Ynez (east),24,reverse oblique,48
268,Santa Ynez (east),25,reverse oblique,35
268,Santa Ynez (east),26,reverse oblique,69
268,Santa Ynez (east),27,reverse oblique,66
268,Santa Ynez (east),28,reverse oblique,77
268,Santa Ynez (east),29,reverse oblique,80
268,Santa Ynez (east),30,reverse oblique,108
268,Santa Ynez (east),31,reverse oblique,68
268,Santa Ynez (east),32,reverse oblique,80
268,Santa Ynez (east),33,reverse oblique,62
268,Santa Ynez (east),34,reverse oblique,90
268,Santa Ynez (east),35,reverse oblique,40
268,Santa Ynez (east),36,reverse oblique,39
268,Santa Ynez (east),37,reverse oblique,63
268,Santa Ynez (east),38,reverse oblique,73
268,Santa Ynez (east),39,reverse oblique,85
268,Santa Ynez (east),40,reverse oblique,51
268,Santa Ynez (east),41,reverse oblique,43
268,Santa Ynez (east),42,reverse oblique,18
268,Santa Ynez (east),43,reverse oblique,32
268,Santa Ynez (east),44,reverse oblique,145
268,Santa Ynez (east),45,reverse oblique,32
268,Santa Ynez (east),46,reverse oblique,47
268,Santa Ynez (east),47,reverse oblique,33
268,Santa Ynez (east),48,reverse oblique,78
268,Santa Ynez (east),49,reverse oblique,16
268,Santa Ynez (east),50,reverse oblique,54
268,Santa Ynez (east),51,reverse oblique,57
268,Santa Ynez (east),52,reverse oblique,74
268,Santa Ynez (east),53,reverse oblique,57
268,Santa Ynez (east),54,reverse oblique,70
268,Santa Ynez (east),55,reverse oblique,35
268,Santa Ynez (east),56,reverse oblique,105
268,Santa Ynez (east),57,reverse oblique,76
268,Santa Ynez (east),58,reverse oblique,84
268,Santa Ynez (east),59,reverse oblique,82
268,Santa Ynez (east),60,reverse oblique,122
268,Santa Ynez (east),61,reverse oblique,56
268,Santa Ynez (east),62,reverse oblique,89
268,Santa Ynez (east),63,reverse oblique,94
268,Santa Ynez (east),64,reverse oblique,104
268,Santa Ynez (east),65,reverse oblique,54
268,Santa Ynez (east),66,reverse oblique,94
268,Santa Ynez (east),67,reverse oblique,77
268,Santa Ynez (east),68,reverse oblique,118
268,Santa Ynez (east),69,reverse oblique,92
268,Santa Ynez (east),70,reverse,144
268,Santa Ynez (east),71,reverse,90
268,Santa Ynez (east),72,reverse,139
268,Santa Ynez (east),73,reverse,88
268,Santa Ynez (east),74,reverse,158
268,Santa Ynez (east),75,reverse,112
268,Santa Ynez (east),76,reverse,158
268,Santa Ynez (east),77,reverse,138
268,Santa Ynez (east),78,reverse,135
268,Santa Ynez (east),79,reverse,94
268,Santa Ynez (east),80,reverse,108
268,Santa Ynez (east),81,reverse,89
268,Santa Ynez (east),82,reverse,91
268,Santa Ynez (east),83,reverse,76
268,Santa Ynez (east),84,reverse,76
268,Santa Ynez (east),85,reverse,68
268,Santa Ynez (east),86,reverse,64
268,Santa Ynez (east),87,reverse,30
268,Santa Ynez (east),113,reverse oblique,2
268,Santa Ynez (east),115,reverse oblique,2
268,Santa Ynez (east),117,reverse oblique,2
269,Santa Ynez (west),0,strike-slip,2320
269,Santa Ynez (west),5,strike-slip,18
269,Santa Ynez (west),6,strike-slip,12
269,Santa Ynez (west),7,strike-slip,18
269,Santa Ynez (west),8,strike-slip,24
269,Santa Ynez (west),9,strike-slip,18
269,Santa Ynez (west),10,strike-slip,18
269,Santa Ynez (west),11,strike-slip,24
269,Santa Ynez (west),12,strike-slip,18
269,Santa Ynez (west),13,strike-slip,36
269,Santa Ynez (west),14,strike-slip,24
269,Santa Ynez (west),15,strike-slip,41
269,Santa Ynez (west),16,strike-slip,93
269,Santa Ynez (west),17,strike-slip,49
269,Santa Ynez (west),18,strike-slip,101
269,Santa Ynez (west),19,strike-slip,60
269,Santa Ynez (west),20,reverse oblique,100
269,Santa Ynez (west),21,reverse oblique,36
269,Santa Ynez (west),22,reverse oblique,66
269,Santa Ynez (west),23,reverse oblique,41
269,Santa Ynez (west),24,reverse oblique,55
269,Santa Ynez (west),25,reverse oblique,35
269,Santa Ynez (west),26,reverse oblique,76
269,Santa Ynez (west),27,reverse oblique,72
269,Santa Ynez (west),28,reverse oblique,60
269,Santa Ynez (west),29,reverse oblique,84
269,Santa Ynez (west),30,reverse oblique,97
269,Santa Ynez (west),31,reverse oblique,46
269,Santa Ynez (west),32,reverse oblique,82
269,Santa Ynez (west),33,reverse oblique,70
269,Santa Ynez (west),34,reverse oblique,119
269,Santa Ynez (west),35,reverse oblique,58
269,Santa Ynez (west),36,reverse oblique,55
269,Santa Ynez (west),37,reverse oblique,68
269,Santa Ynez (west),38,reverse oblique,76
269,Santa Ynez (west),39,reverse oblique,79
269,Santa Ynez (west),40,reverse oblique,56
269,Santa Ynez (west),41,reverse oblique,41
269,Santa Ynez (west),42,reverse oblique,19
269,Santa Ynez (west),43,reverse oblique,33
269,Santa Ynez (west),44,reverse oblique,127
269,Santa Ynez (west),45,reverse oblique,24
269,Santa Ynez (west),46,reverse oblique,32
269,Santa Ynez (west),47,reverse oblique,51
269,Santa Ynez (west),48,reverse oblique,64
269,Santa Ynez (west),49,reverse oblique,15
269,Santa Ynez (west),50,reverse oblique,40
269,Santa Ynez (west),51,reverse oblique,42
269,Santa Ynez (west),52,reverse oblique,42
269,Santa Ynez (west),53,reverse oblique,49
269,Santa Ynez (west),54,reverse oblique,54
269,Santa Ynez (west),55,reverse oblique,35
269,Santa Ynez (west),56,reverse oblique,108
269,Santa Ynez (west),57,reverse oblique,59
269,Santa Ynez (west),58,reverse oblique,79
269,Santa Ynez (west),59,reverse oblique,118
269,Santa Ynez (west),60,reverse oblique,92
269,Santa Ynez (west),61,reverse oblique,99
269,Santa Ynez (west),62,reverse oblique,167
269,Santa Ynez (west),63,reverse oblique,145
269,Santa Ynez (west),64,reverse oblique,131
269,Santa Ynez (west),65,reverse oblique,163
269,Santa Ynez (west),66,reverse oblique,186
269,Santa Ynez (west),67,reverse oblique,156
269,Santa Ynez (west),68,reverse oblique,188
269,Santa Ynez (west),69,reverse oblique,166
269,Santa Ynez (west),70,reverse,157
269,Santa Ynez (west),71,reverse,125
269,Santa Ynez (west),72,reverse,160
269,Santa Ynez (west),73,reverse,177
269,Santa Ynez (west),74,reverse,216
269,Santa Ynez (west),75,reverse,243
269,Santa Ynez (west),76,reverse,306
269,Santa Ynez (west),77,reverse,359
269,Santa Ynez (west),78,reverse,527
269,Santa Ynez (west),79,reverse,534
269,Santa Ynez (west),80,reverse,806
269,Santa Ynez (west),81,reverse,645
269,Santa Ynez (west),82,reverse,762
269,Santa Ynez (west),83,reverse,502
269,Santa Ynez (west),84,reverse,523
269,Santa Ynez (west),85,reverse,326
269,Santa Ynez (west),86,reverse,317
269,Santa Ynez (west),87,reverse,205
269,Santa Ynez (west),88,reverse,193
269,Santa Ynez (west),89,reverse,63
269,Santa Ynez (west),90,reverse,70
269,Santa Ynez (west),91,reverse,56
269,Santa Ynez (west),92,reverse,77
269,Santa Ynez (west),93,reverse,47
269,Santa Ynez (west),94,reverse,66
269,Santa Ynez (west),95,reverse,50
269,Santa Ynez (west),96,reverse,78
269,Santa Ynez (west),97,reverse,54
269,Santa Ynez (west),98,reverse,73
269,Santa Ynez (west),99,reverse,50
269,Santa Ynez (west),100,reverse,55
269,Santa Ynez (west),101,reverse,36
269,Santa Ynez (west),102,reverse,40
269,Santa Ynez (west),103,reverse,26
269,Santa Ynez (west),104,reverse,20
269,Santa Ynez (west),105,reverse,8
269,Santa Ynez (west),106,reverse,8
269,Santa Ynez (west),107,reverse,5
269,Santa Ynez (west),108,reverse,4
269,Santa Ynez (west),109,reverse,5
269,Santa Ynez (west),110,reverse oblique,4
269,Santa Ynez (west),111,reverse oblique,5
269,Santa Ynez (west),112,reverse oblique,4
269,Santa Ynez (west),113,reverse oblique,11
269,Santa Ynez (west),114,reverse oblique,4
269,Santa Ynez (west),115,reverse oblique,11
269,Santa Ynez (west),116,reverse oblique,4
269,Santa Ynez (west),117,reverse oblique,11
269,Santa Ynez (west),118,reverse oblique,10
269,Santa Ynez (west),119,reverse oblique,5
269,Santa Ynez (west),120,reverse oblique,10
269,Santa Ynez (west),121,reverse oblique,8
269,Santa Ynez (west),122,reverse oblique,12
269,Santa Ynez (west),123,reverse oblique,14
269,Santa Ynez (west),124,reverse oblique,11
269,Santa Ynez (west),125,reverse oblique,13
269,Santa Ynez (west),126,reverse oblique,10
269,Santa Ynez (west),127,reverse oblique,12
269,Santa Ynez (west),128,reverse oblique,12
269,Santa Ynez (west),129,reverse oblique,5
269,Santa Ynez (west),130,reverse oblique,6
269,Santa Ynez (west),131,reverse oblique,7
269,Santa Ynez (west),132,reverse oblique,5
269,Santa Ynez (west),133,reverse oblique,2
269,Santa Ynez (west),134,reverse oblique,5
269,Santa Ynez (west),135,reverse oblique,3
269,Santa Ynez (west),136,reverse oblique,5
269,Santa Ynez (west),137,reverse oblique,5
269,Santa Ynez (west),138,reverse oblique,2
270,Santa Ynez River,5,strike-slip,6
270,Santa Ynez River,6,strike-slip,4
270,Santa Ynez River,7,strike-slip,8
270,Santa Ynez River,8,strike-slip,12
270,Santa Ynez River,9,strike-slip,9
270,Santa Ynez River,10,strike-slip,12
270,Santa Ynez River,11,strike-slip,14
270,Santa Ynez River,12,strike-slip,15
270,Santa Ynez River,13,strike-slip,31
270,Santa Ynez River,14,strike-slip,22
270,Santa Ynez River,15,strike-slip,23
270,Santa Ynez River,16,strike-slip,49
270,Santa Ynez River,17,strike-slip,32
270,Santa Ynez River,18,strike-slip,55
270,Santa Ynez River,19,strike-slip,57
270,Santa Ynez River,20,reverse oblique,73
270,Santa Ynez River,21,reverse oblique,33
270,Santa Ynez River,22,reverse oblique,53
270,Santa Ynez River,23,reverse oblique,24
270,Santa Ynez River,24,reverse oblique,57
270,Santa Ynez River,25,reverse oblique,28
270,Santa Ynez River,26,reverse oblique,60
270,Santa Ynez River,27,reverse oblique,32
270,Santa Ynez River,28,reverse oblique,47
270,Santa Ynez River,29,reverse oblique,62
270,Santa Ynez River,30,reverse oblique,77
270,Santa Ynez River,31,reverse oblique,50
270,Santa Ynez River,32,reverse oblique,60
270,Santa Ynez River,33,reverse oblique,69
270,Santa Ynez River,34,reverse oblique,92
270,Santa Ynez River,35,reverse oblique,61
270,Santa Ynez River,36,reverse oblique,47
270,Santa Ynez River,37,reverse oblique,60
270,Santa Ynez River,38,reverse oblique,75
270,Santa Ynez River,39,reverse oblique,90
270,Santa Ynez River,40,reverse oblique,50
270,Santa Ynez River,41,reverse oblique,51
270,Santa Ynez River,42,reverse oblique,17
270,Santa Ynez River,44,reverse oblique,109
270,Santa Ynez River,45,reverse oblique,352
270,Santa Ynez River,47,reverse oblique,35
270,Santa Ynez River,48,reverse oblique,14
270,Santa Ynez River,53,reverse oblique,9
270,Santa Ynez River,54,reverse oblique,15
270,Santa Ynez River,55,reverse oblique,15
270,Santa Ynez River,56,reverse oblique,20
270,Santa Ynez River,57,reverse oblique,27
270,Santa Ynez River,58,reverse oblique,24
270,Santa Ynez River,59,reverse oblique,20
270,Santa Ynez River,60,reverse oblique,21
270,Santa Ynez River,61,reverse oblique,11
270,Santa Ynez River,62,reverse oblique,12
270,Santa Ynez River,63,reverse oblique,12
270,Santa Ynez River,64,reverse oblique,18
270,Santa Ynez River,65,reverse oblique,4
270,Santa Ynez River,66,reverse oblique,24
270,Santa Ynez River,67,reverse oblique,25
270,Santa Ynez River,68,reverse oblique,32
270,Santa Ynez River,69,reverse oblique,19
270,Santa Ynez River,70,reverse,49
270,Santa Ynez River,71,reverse,72
270,Santa Ynez River,72,reverse,64
270,Santa Ynez River,73,reverse,71
270,Santa Ynez River,74,reverse,88
270,Santa Ynez River,75,reverse,90
270,Santa Ynez River,76,reverse,156
270,Santa Ynez River,77,reverse,178
270,Santa Ynez River,78,reverse,285
270,Santa Ynez River,79,reverse,262
270,Santa Ynez River,80,reverse,437
270,Santa Ynez River,81,reverse,391
270,Santa Ynez River,82,reverse,752
270,Santa Ynez River,83,reverse,607
270,Santa Ynez River,84,reverse,660
270,Santa Ynez River,85,reverse,404
270,Santa Ynez River,86,reverse,390
270,Santa Ynez River,87,reverse,254
270,Santa Ynez River,88,reverse,222
270,Santa Ynez River,89,reverse,56
270,Santa Ynez River,90,reverse,66
270,Santa Ynez River,91,reverse,51
270,Santa Ynez River,92,reverse,71
270,Santa Ynez River,93,reverse,39
270,Santa Ynez River,94,reverse,76
270,Santa Ynez River,95,reverse,56
270,Santa Ynez River,96,reverse,66
270,Santa Ynez River,97,reverse,51
270,Santa Ynez River,98,reverse,42
270,Santa Ynez River,99,reverse,27
270,Santa Ynez River,100,reverse,21
270,Santa Ynez River,101,reverse,14
270,Santa Ynez River,102,reverse,7
270,Santa Ynez River,103,reverse,2
271,Sargent,111,reverse oblique,2
271,Sargent,115,reverse oblique,5
271,Sargent,117,reverse oblique,4
271,Sargent,118,reverse oblique,5
271,Sargent,119,reverse oblique,16
271,Sargent,120,reverse oblique,19
271,Sargent,121,reverse oblique,16
271,Sargent,123,reverse oblique,11
271,Sargent,124,reverse oblique,20
271,Sargent,125,reverse oblique,22
271,Sargent,126,reverse oblique,14
271,Sargent,127,reverse oblique,3
271,Sargent,128,reverse oblique,16
271,Sargent,129,reverse oblique,27
271,Sargent,130,reverse oblique,54
271,Sargent,131,reverse oblique,35
271,Sargent,132,reverse oblique,37
271,Sargent,133,reverse oblique,42
271,Sargent,134,reverse oblique,102
271,Sargent,135,reverse oblique,67
271,Sargent,136,reverse oblique,75
271,Sargent,137,reverse oblique,83
271,Sargent,138,reverse oblique,87
271,Sargent,139,reverse oblique,56
271,Sargent,140,reverse oblique,135
271,Sargent,141,reverse oblique,73
271,Sargent,142,reverse oblique,95
271,Sargent,143,reverse oblique,105
271,Sargent,144,reverse oblique,162
271,Sargent,145,reverse oblique,163
271,Sargent,146,reverse oblique,191
271,Sargent,147,reverse oblique,161
271,Sargent,148,reverse oblique,242
271,Sargent,149,reverse oblique,180
271,Sargent,150,reverse oblique,233
271,Sargent,151,reverse oblique,286
271,Sargent,152,reverse oblique,252
271,Sargent,153,reverse oblique,292
271,Sargent,154,reverse oblique,321
271,Sargent,155,reverse oblique,209
271,Sargent,156,reverse oblique,302
271,Sargent,157,reverse oblique,270
271,Sargent,158,reverse oblique,296
271,Sargent,159,reverse oblique,243
271,Sargent,160,strike-slip,330
271,Sargent,161,strike-slip,296
271,Sargent,162,strike-slip,172
271,Sargent,163,strike-slip,374
271,Sargent,164,strike-slip,308
271,Sargent,165,strike-slip,369
271,Sargent,166,strike-slip,275
271,Sargent,167,strike-slip,311
271,Sargent,168,strike-slip,462
271,Sargent,169,strike-slip,608
271,Sargent,170,strike-slip,702
271,Sargent,171,strike-slip,726
271,Sargent,172,strike-slip,1149
271,Sargent,173,strike-slip,1256
271,Sargent,174,strike-slip,2254
271,Sargent,175,strike-slip,2618
271,Sargent,176,strike-slip,4309
271,Sargent,177,strike-slip,3049
271,Sargent,178,strike-slip,4534
271,Sargent,179,strike-slip,1331
271,Sargent,180,strike-slip,11132
272,Scodie Lineament (seismicity),0,strike-slip,30
272,Scodie Lineament (seismicity),42,reverse oblique,5
272,Scodie Lineament (seismicity),45,reverse oblique,4
272,Scodie Lineament (seismicity),47,reverse oblique,5
272,Scodie Lineament (seismicity),48,reverse oblique,3
272,Scodie Lineament (seismicity),50,reverse oblique,9
272,Scodie Lineament (seismicity),52,reverse oblique,14
272,Scodie Lineament (seismicity),53,reverse oblique,9
272,Scodie Lineament (seismicity),54,reverse oblique,14
272,Scodie Lineament (seismicity),55,reverse oblique,12
272,Scodie Lineament (seismicity),56,reverse oblique,29
272,Scodie Lineament (seismicity),57,reverse oblique,44
272,Scodie Lineament (seismicity),58,reverse oblique,38
272,Scodie Lineament (seismicity),59,reverse oblique,10
273,Sheephole,180,strike-slip,87
274,Shoreline,92,reverse,6
274,Shoreline,93,reverse,14
274,Shoreline,94,reverse,17
274,Shoreline,95,reverse,13
274,Shoreline,96,reverse,19
274,Shoreline,97,reverse,13
274,Shoreline,98,reverse,14
274,Shoreline,99,reverse,19
274,Shoreline,100,reverse,23
274,Shoreline,101,reverse,17
274,Shoreline,102,reverse,22
274,Shoreline,103,reverse,21
274,Shoreline,104,reverse,25
274,Shoreline,105,reverse,22
274,Shoreline,106,reverse,26
274,Shoreline,107,reverse,27
274,Shoreline,108,reverse,29
274,Shoreline,109,reverse,9
274,Shoreline,110,reverse oblique,37
274,Shoreline,111,reverse oblique,15
274,Shoreline,112,reverse oblique,32
274,Shoreline,113,reverse oblique,18
274,Shoreline,114,reverse oblique,24
274,Shoreline,115,reverse oblique,30
274,Shoreline,116,reverse oblique,9
274,Shoreline,117,reverse oblique,33
274,Shoreline,118,reverse oblique,18
274,Shoreline,119,reverse oblique,24
274,Shoreline,120,reverse oblique,18
274,Shoreline,121,reverse oblique,24
274,Shoreline,122,reverse oblique,26
274,Shoreline,123,reverse oblique,18
274,Shoreline,124,reverse oblique,36
274,Shoreline,125,reverse oblique,15
274,Shoreline,126,reverse oblique,27
274,Shoreline,127,reverse oblique,27
274,Shoreline,128,reverse oblique,21
274,Shoreline,129,reverse oblique,24
274,Shoreline,130,reverse oblique,27
274,Shoreline,131,reverse oblique,27
274,Shoreline,132,reverse oblique,27
274,Shoreline,133,reverse oblique,36
274,Shoreline,134,reverse oblique,33
274,Shoreline,135,reverse oblique,24
274,Shoreline,136,reverse oblique,33
274,Shoreline,137,reverse oblique,24
274,Shoreline,138,reverse oblique,32
274,Shoreline,139,reverse oblique,33
274,Shoreline,140,reverse oblique,30
274,Shoreline,141,reverse oblique,27
274,Shoreline,142,reverse oblique,39
274,Shoreline,143,reverse oblique,21
274,Shoreline,144,reverse oblique,45
274,Shoreline,145,reverse oblique,27
274,Shoreline,146,reverse oblique,36
274,Shoreline,147,reverse oblique,30
274,Shoreline,148,reverse oblique,39
274,Shoreline,149,reverse oblique,27
274,Shoreline,150,reverse oblique,39
274,Shoreline,151,reverse oblique,33
274,Shoreline,152,reverse oblique,36
274,Shoreline,153,reverse oblique,45
274,Shoreline,154,reverse oblique,48
274,Shoreline,155,reverse oblique,36
274,Shoreline,156,reverse oblique,55
274,Shoreline,157,reverse oblique,57
274,Shoreline,158,reverse oblique,63
274,Shoreline,159,reverse oblique,69
274,Shoreline,160,strike-slip,96
274,Shoreline,161,strike-slip,84
274,Shoreline,162,strike-slip,123
274,Shoreline,163,strike-slip,96
274,Shoreline,164,strike-slip,139
274,Shoreline,165,strike-slip,106
274,Shoreline,166,strike-slip,180
274,Shoreline,167,strike-slip,145
274,Shoreline,168,strike-slip,208
274,Shoreline,169,strike-slip,168
274,Shoreline,170,strike-slip,234
274,Shoreline,171,strike-slip,191
274,Shoreline,172,strike-slip,237
274,Shoreline,173,strike-slip,188
274,Shoreline,174,strike-slip,239
274,Shoreline,175,strike-slip,200
274,Shoreline,176,strike-slip,271
274,Shoreline,177,strike-slip,294
274,Shoreline,178,strike-slip,564
274,Shoreline,179,strike-slip,228
274,Shoreline,180,strike-slip,1330
275,Sierra Madre,43,reverse oblique,2
275,Sierra Madre,44,reverse oblique,8
275,Sierra Madre,45,reverse oblique,11
275,Sierra Madre,46,reverse oblique,16
275,Sierra Madre,47,reverse oblique,18
275,Sierra Madre,48,reverse oblique,39
275,Sierra Madre,49,reverse oblique,33
275,Sierra Madre,50,reverse oblique,46
275,Sierra Madre,51,reverse oblique,52
275,Sierra Madre,52,reverse oblique,61
275,Sierra Madre,53,reverse oblique,52
275,Sierra Madre,54,reverse oblique,72
275,Sierra Madre,55,reverse oblique,56
275,Sierra Madre,56,reverse oblique,75
275,Sierra Madre,57,reverse oblique,64
275,Sierra Madre,58,reverse oblique,99
275,Sierra Madre,59,reverse oblique,79
275,Sierra Madre,60,reverse oblique,92
275,Sierra Madre,61,reverse oblique,86
275,Sierra Madre,62,reverse oblique,90
275,Sierra Madre,63,reverse oblique,74
275,Sierra Madre,64,reverse oblique,80
275,Sierra Madre,65,reverse oblique,60
275,Sierra Madre,66,reverse oblique,80
275,Sierra Madre,67,reverse oblique,62
275,Sierra Madre,68,reverse oblique,84
275,Sierra Madre,69,reverse oblique,72
275,Sierra Madre,70,reverse,70
275,Sierra Madre,71,reverse,47
275,Sierra Madre,72,reverse,61
275,Sierra Madre,73,reverse,66
275,Sierra Madre,74,reverse,74
275,Sierra Madre,75,reverse,86
275,Sierra Madre,76,reverse,107
275,Sierra Madre,77,reverse,114
275,Sierra Madre,78,reverse,185
275,Sierra Madre,79,reverse,191
275,Sierra Madre,80,reverse,265
275,Sierra Madre,81,reverse,302
275,Sierra Madre,82,reverse,478
275,Sierra Madre,83,reverse,278
275,Sierra Madre,84,reverse,472
275,Sierra Madre,85,reverse,483
275,Sierra Madre,86,reverse,782
275,Sierra Madre,87,reverse,651
275,Sierra Madre,88,reverse,689
275,Sierra Madre,89,reverse,100
275,Sierra Madre,90,reverse,6281
275,Sierra Madre,91,reverse,72
275,Sierra Madre,92,reverse,123
275,Sierra Madre,93,reverse,207
275,Sierra Madre,94,reverse,390
275,Sierra Madre,95,reverse,333
275,Sierra Madre,96,reverse,278
275,Sierra Madre,97,reverse,260
275,Sierra Madre,98,reverse,254
275,Sierra Madre,99,reverse,277
275,Sierra Madre,100,reverse,269
275,Sierra Madre,101,reverse,187
275,Sierra Madre,102,reverse,267
275,Sierra Madre,103,reverse,216
275,Sierra Madre,104,reverse,186
275,Sierra Madre,105,reverse,127
275,Sierra Madre,106,reverse,199
275,Sierra Madre,107,reverse,115
275,Sierra Madre,108,reverse,201
275,Sierra Madre,109,reverse,178
275,Sierra Madre,110,reverse oblique,128
275,Sierra Madre,111,reverse oblique,89
275,Sierra Madre,112,reverse oblique,166
275,Sierra Madre,113,reverse oblique,119
275,Sierra Madre,114,reverse oblique,211
275,Sierra Madre,115,reverse oblique,144
275,Sierra Madre,116,reverse oblique,169
275,Sierra Madre,117,reverse oblique,114
275,Sierra Madre,118,reverse oblique,175
275,Sierra Madre,119,reverse oblique,181
275,Sierra Madre,120,reverse oblique,126
275,Sierra Madre,121,reverse oblique,133
275,Sierra Madre,122,reverse oblique,204
275,Sierra Madre,123,reverse oblique,151
275,Sierra Madre,124,reverse oblique,234
275,Sierra Madre,125,reverse oblique,148
275,Sierra Madre,126,reverse oblique,257
275,Sierra Madre,127,reverse oblique,224
275,Sierra Madre,128,reverse oblique,282
275,Sierra Madre,129,reverse oblique,152
275,Sierra Madre,130,reverse oblique,290
275,Sierra Madre,131,reverse oblique,207
275,Sierra Madre,132,reverse oblique,258
275,Sierra Madre,133,reverse oblique,241
275,Sierra Madre,134,reverse oblique,227
275,Sierra Madre,135,reverse oblique,232
275,Sierra Madre,136,reverse oblique,208
275,Sierra Madre,137,reverse oblique,204
275,Sierra Madre,138,reverse oblique,174
275,Sierra Madre,139,reverse oblique,237
275,Sierra Madre,140,reverse oblique,184
275,Sierra Madre,141,reverse oblique,214
275,Sierra Madre,142,reverse oblique,203
275,Sierra Madre,143,reverse oblique,159
275,Sierra Madre,144,reverse oblique,227
275,Sierra Madre,145,reverse oblique,199
275,Sierra Madre,146,reverse oblique,188
275,Sierra Madre,147,reverse oblique,166
275,Sierra Madre,148,reverse oblique,212
275,Sierra Madre,149,reverse oblique,206
275,Sierra Madre,150,reverse oblique,218
275,Sierra Madre,151,reverse oblique,166
275,Sierra Madre,152,reverse oblique,301
275,Sierra Madre,153,reverse oblique,185
275,Sierra Madre,154,reverse oblique,276
275,Sierra Madre,155,reverse oblique,159
275,Sierra Madre,156,reverse oblique,226
275,Sierra Madre,157,reverse oblique,156
275,Sierra Madre,158,reverse oblique,181
275,Sierra Madre,159,reverse oblique,106
275,Sierra Madre,160,strike-slip,124
275,Sierra Madre,161,strike-slip,88
275,Sierra Madre,162,strike-slip,76
275,Sierra Madre,163,strike-slip,57
275,Sierra Madre,164,strike-slip,44
275,Sierra Madre,165,strike-slip,40
275,Sierra Madre,166,strike-slip,30
275,Sierra Madre,167,strike-slip,20
275,Sierra Madre,168,strike-slip,12
276,Sierra Madre (San Fernando),55,reverse oblique,2
276,Sierra Madre (San Fernando),59,reverse oblique,3
276,Sierra Madre (San Fernando),62,reverse oblique,2
276,Sierra Madre (San Fernando),66,reverse oblique,5
276,Sierra Madre (San Fernando),67,reverse oblique,3
276,Sierra Madre (San Fernando),69,reverse oblique,6
276,Sierra Madre (San Fernando),70,reverse,6
276,Sierra Madre (San Fernando),71,reverse,5
276,Sierra Madre (San Fernando),72,reverse,23
276,Sierra Madre (San Fernando),73,reverse,17
276,Sierra Madre (San Fernando),74,reverse,38
276,Sierra Madre (San Fernando),75,reverse,42
276,Sierra Madre (San Fernando),76,reverse,58
276,Sierra Madre (San Fernando),77,reverse,59
276,Sierra Madre (San Fernando),78,reverse,132
276,Sierra Madre (San Fernando),79,reverse,129
276,Sierra Madre (San Fernando),80,reverse,194
276,Sierra Madre (San Fernando),81,reverse,205
276,Sierra Madre (San Fernando),82,reverse,314
276,Sierra Madre (San Fernando),83,reverse,166
276,Sierra Madre (San Fernando),84,reverse,300
276,Sierra Madre (San Fernando),85,reverse,335
276,Sierra Madre (San Fernando),86,reverse,553
276,Sierra Madre (San Fernando),87,reverse,424
276,Sierra Madre (San Fernando),88,reverse,483
276,Sierra Madre (San Fernando),89,reverse,54
276,Sierra Madre (San Fernando),90,reverse,5120
276,Sierra Madre (San Fernando),91,reverse,36
276,Sierra Madre (San Fernando),92,reverse,63
276,Sierra Madre (San Fernando),93,reverse,87
276,Sierra Madre (San Fernando),94,reverse,210
276,Sierra Madre (San Fernando),95,reverse,176
276,Sierra Madre (San Fernando),96,reverse,147
276,Sierra Madre (San Fernando),97,reverse,150
276,Sierra Madre (San Fernando),98,reverse,126
276,Sierra Madre (San Fernando),99,reverse,144
276,Sierra Madre (San Fernando),100,reverse,132
276,Sierra Madre (San Fernando),101,reverse,83
276,Sierra Madre (San Fernando),102,reverse,112
276,Sierra Madre (San Fernando),103,reverse,77
276,Sierra Madre (San Fernando),104,reverse,66
276,Sierra Madre (San Fernando),105,reverse,35
276,Sierra Madre (San Fernando),106,reverse,68
276,Sierra Madre (San Fernando),107,reverse,39
276,Sierra Madre (San Fernando),108,reverse,68
276,Sierra Madre (San Fernando),109,reverse,61
276,Sierra Madre (San Fernando),110,reverse oblique,47
276,Sierra Madre (San Fernando),111,reverse oblique,26
276,Sierra Madre (San Fernando),112,reverse oblique,49
276,Sierra Madre (San Fernando),113,reverse oblique,44
276,Sierra Madre (San Fernando),114,reverse oblique,67
276,Sierra Madre (San Fernando),115,reverse oblique,37
276,Sierra Madre (San Fernando),116,reverse oblique,63
276,Sierra Madre (San Fernando),117,reverse oblique,32
276,Sierra Madre (San Fernando),118,reverse oblique,48
276,Sierra Madre (San Fernando),119,reverse oblique,61
276,Sierra Madre (San Fernando),120,reverse oblique,36
276,Sierra Madre (San Fernando),121,reverse oblique,33
276,Sierra Madre (San Fernando),122,reverse oblique,65
276,Sierra Madre (San Fernando),123,reverse oblique,49
276,Sierra Madre (San Fernando),124,reverse oblique,67
276,Sierra Madre (San Fernando),125,reverse oblique,50
276,Sierra Madre (San Fernando),126,reverse oblique,84
276,Sierra Madre (San Fernando),127,reverse oblique,68
276,Sierra Madre (San Fernando),128,reverse oblique,99
276,Sierra Madre (San Fernando),129,reverse oblique,50
276,Sierra Madre (San Fernando),130,reverse oblique,97
276,Sierra Madre (San Fernando),131,reverse oblique,74
276,Sierra Madre (San Fernando),132,reverse oblique,77
276,Sierra Madre (San Fernando),133,reverse oblique,82
276,Sierra Madre (San Fernando),134,reverse oblique,70
276,Sierra Madre (San Fernando),135,reverse oblique,61
276,Sierra Madre (San Fernando),136,reverse oblique,64
276,Sierra Madre (San Fernando),137,reverse oblique,61
276,Sierra Madre (San Fernando),138,reverse oblique,40
276,Sierra Madre (San Fernando),139,reverse oblique,68
276,Sierra Madre (San Fernando),140,reverse oblique,50
276,Sierra Madre (San Fernando),141,reverse oblique,53
276,Sierra Madre (San Fernando),142,reverse oblique,64
276,Sierra Madre (San Fernando),143,reverse oblique,28
276,Sierra Madre (San Fernando),144,reverse oblique,57
276,Sierra Madre (San Fernando),145,reverse oblique,33
276,Sierra Madre (San Fernando),146,reverse oblique,35
276,Sierra Madre (San Fernando),147,reverse oblique,21
276,Sierra Madre (San Fernando),148,reverse oblique,25
276,Sierra Madre (San Fernando),149,reverse oblique,33
276,Sierra Madre (San Fernando),150,reverse oblique,20
276,Sierra Madre (San Fernando),151,reverse oblique,26
276,Sierra Madre (San Fernando),152,reverse oblique,20
276,Sierra Madre (San Fernando),153,reverse oblique,11
276,Sierra Madre (San Fernando),154,reverse oblique,4
276,Sierra Madre (San Fernando),155,reverse oblique,2
277,Sierra Nevada (north),-168,strike-slip,4
277,Sierra Nevada (north),-167,strike-slip,2
277,Sierra Nevada (north),-166,strike-slip,2
277,Sierra Nevada (north),-165,strike-slip,2
277,Sierra Nevada (north),-164,strike-slip,2
277,Sierra Nevada (north),-162,strike-slip,2
277,Sierra Nevada (north),-161,strike-slip,2
277,Sierra Nevada (north),-160,normal oblique,2
277,Sierra Nevada (north),-158,normal oblique,4
277,Sierra Nevada (north),-157,normal oblique,2
277,Sierra Nevada (north),-156,normal oblique,6
277,Sierra Nevada (north),-155,normal oblique,6
277,Sierra Nevada (north),-154,normal oblique,6
277,Sierra Nevada (north),-153,normal oblique,12
277,Sierra Nevada (north),-152,normal oblique,10
277,Sierra Nevada (north),-151,normal oblique,8
277,Sierra Nevada (north),-150,normal oblique,12
277,Sierra Nevada (north),-149,normal oblique,20
277,Sierra Nevada (north),-148,normal oblique,12
277,Sierra Nevada (north),-147,normal oblique,10
277,Sierra Nevada (north),-146,normal oblique,18
277,Sierra Nevada (north),-145,normal oblique,2
277,Sierra Nevada (north),-144,normal oblique,20
277,Sierra Nevada (north),-143,normal oblique,6
277,Sierra Nevada (north),-142,normal oblique,18
277,Sierra Nevada (north),-141,normal oblique,4
277,Sierra Nevada (north),-140,normal oblique,20
277,Sierra Nevada (north),-139,normal oblique,2
277,Sierra Nevada (north),-138,normal oblique,26
277,Sierra Nevada (north),-137,normal oblique,6
277,Sierra Nevada (north),-136,normal oblique,10
277,Sierra Nevada (north),-135,normal oblique,20
277,Sierra Nevada (north),-134,normal oblique,10
277,Sierra Nevada (north),-133,normal oblique,10
277,Sierra Nevada (north),-132,normal oblique,20
277,Sierra Nevada (north),-131,normal oblique,8
277,Sierra Nevada (north),-130,normal oblique,20
277,Sierra Nevada (north),-129,normal oblique,18
277,Sierra Nevada (north),-128,normal oblique,8
277,Sierra Nevada (north),-127,normal oblique,12
277,Sierra Nevada (north),-126,normal oblique,20
277,Sierra Nevada (north),-125,normal oblique,12
277,Sierra Nevada (north),-124,normal oblique,12
277,Sierra Nevada (north),-123,normal oblique,20
277,Sierra Nevada (north),-122,normal oblique,18
277,Sierra Nevada (north),-121,normal oblique,10
277,Sierra Nevada (north),-120,normal oblique,2
277,Sierra Nevada (north),-119,normal oblique,30
277,Sierra Nevada (north),-118,normal oblique,11
277,Sierra Nevada (north),-117,normal oblique,8
277,Sierra Nevada (north),-116,normal oblique,10
277,Sierra Nevada (north),-115,normal oblique,12
277,Sierra Nevada (north),-114,normal oblique,19
277,Sierra Nevada (north),-113,normal oblique,8
277,Sierra Nevada (north),-112,normal oblique,12
277,Sierra Nevada (north),-111,normal oblique,9
277,Sierra Nevada (north),-110,normal,22
277,Sierra Nevada (north),-109,normal,12
277,Sierra Nevada (north),-108,normal,16
277,Sierra Nevada (north),-107,normal,19
277,Sierra Nevada (north),-106,normal,24
277,Sierra Nevada (north),-105,normal,20
277,Sierra Nevada (north),-104,normal,34
277,Sierra Nevada (north),-103,normal,31
277,Sierra Nevada (north),-102,normal,38
277,Sierra Nevada (north),-101,normal,34
277,Sierra Nevada (north),-100,normal,36
277,Sierra Nevada (north),-99,normal,39
277,Sierra Nevada (north),-98,normal,22
277,Sierra Nevada (north),-97,normal,18
277,Sierra Nevada (north),-96,normal,18
277,Sierra Nevada (north),-95,normal,16
277,Sierra Nevada (north),-94,normal,18
277,Sierra Nevada (north),-90,normal,485
278,Sierra Nevada (south),-157,normal oblique,2
278,Sierra Nevada (south),-156,normal oblique,6
278,Sierra Nevada (south),-155,normal oblique,10
278,Sierra Nevada (south),-154,normal oblique,12
278,Sierra Nevada (south),-153,normal oblique,18
278,Sierra Nevada (south),-152,normal oblique,21
278,Sierra Nevada (south),-151,normal oblique,11
278,Sierra Nevada (south),-150,normal oblique,24
278,Sierra Nevada (south),-149,normal oblique,29
278,Sierra Nevada (south),-148,normal oblique,23
278,Sierra Nevada (south),-147,normal oblique,17
278,Sierra Nevada (south),-146,normal oblique,31
278,Sierra Nevada (south),-144,normal oblique,38
278,Sierra Nevada (south),-143,normal oblique,13
278,Sierra Nevada (south),-142,normal oblique,31
278,Sierra Nevada (south),-141,normal oblique,8
278,Sierra Nevada (south),-140,normal oblique,43
278,Sierra Nevada (south),-139,normal oblique,5
278,Sierra Nevada (south),-138,normal oblique,45
278,Sierra Nevada (south),-137,normal oblique,21
278,Sierra Nevada (south),-136,normal oblique,25
278,Sierra Nevada (south),-135,normal oblique,39
278,Sierra Nevada (south),-134,normal oblique,27
278,Sierra Nevada (south),-133,normal oblique,30
278,Sierra Nevada (south),-132,normal oblique,45
278,Sierra Nevada (south),-131,normal oblique,31
278,Sierra Nevada (south),-130,normal oblique,45
278,Sierra Nevada (south),-129,normal oblique,51
278,Sierra Nevada (south),-128,normal oblique,32
278,Sierra Nevada (south),-127,normal oblique,38
278,Sierra Nevada (south),-126,normal oblique,62
278,Sierra Nevada (south),-125,normal oblique,43
278,Sierra Nevada (south),-124,normal oblique,54
278,Sierra Nevada (south),-123,normal oblique,66
278,Sierra Nevada (south),-122,normal oblique,66
278,Sierra Nevada (south),-121,normal oblique,57
278,Sierra Nevada (south),-120,normal oblique,13
278,Sierra Nevada (south),-119,normal oblique,101
278,Sierra Nevada (south),-118,normal oblique,46
278,Sierra Nevada (south),-117,normal oblique,28
278,Sierra Nevada (south),-116,normal oblique,43
278,Sierra Nevada (south),-115,normal oblique,32
278,Sierra Nevada (south),-114,normal oblique,57
278,Sierra Nevada (south),-113,normal oblique,19
278,Sierra Nevada (south),-112,normal oblique,47
278,Sierra Nevada (south),-111,normal oblique,26
278,Sierra Nevada (south),-110,normal,59
278,Sierra Nevada (south),-109,normal,48
278,Sierra Nevada (south),-108,normal,30
278,Sierra Nevada (south),-107,normal,53
278,Sierra Nevada (south),-106,normal,49
278,Sierra Nevada (south),-105,normal,44
278,Sierra Nevada (south),-104,normal,79
278,Sierra Nevada (south),-103,normal,64
278,Sierra Nevada (south),-102,normal,83
278,Sierra Nevada (south),-101,normal,90
278,Sierra Nevada (south),-100,normal,83
278,Sierra Nevada (south),-99,normal,100
278,Sierra Nevada (south),-98,normal,43
278,Sierra Nevada (south),-97,normal,42
278,Sierra Nevada (south),-96,normal,42
278,Sierra Nevada (south),-95,normal,35
278,Sierra Nevada (south),-94,normal,29
278,Sierra Nevada (south),-90,normal,1244
279,Silver Creek,161,strike-slip,2
279,Silver Creek,163,strike-slip,2
279,Silver Creek,166,strike-slip,5
279,Silver Creek,167,strike-slip,5
279,Silver Creek,168,strike-slip,18
279,Silver Creek,169,strike-slip,34
279,Silver Creek,170,strike-slip,33
279,Silver Creek,171,strike-slip,58
279,Silver Creek,172,strike-slip,91
279,Silver Creek,173,strike-slip,53
279,Silver Creek,174,strike-slip,374
279,Silver Creek,175,strike-slip,270
279,Silver Creek,176,strike-slip,337
279,Silver Creek,177,strike-slip,495
279,Silver Creek,178,strike-slip,437
279,Silver Creek,179,strike-slip,429
279,Silver Creek,180,strike-slip,29519
280,Simi - Santa Rosa,30,reverse oblique,77
280,Simi - Santa Rosa,47,reverse oblique,7
280,Simi - Santa Rosa,49,reverse oblique,6
280,Simi - Santa Rosa,52,reverse oblique,5
280,Simi - Santa Rosa,53,reverse oblique,7
280,Simi - Santa Rosa,56,reverse oblique,17
280,Simi - Santa Rosa,57,reverse oblique,7
280,Simi - Santa Rosa,58,reverse oblique,33
280,Simi - Santa Rosa,59,reverse oblique,30
280,Simi - Santa Rosa,60,reverse oblique,9
280,Simi - Santa Rosa,61,reverse oblique,22
280,Simi - Santa Rosa,62,reverse oblique,14
280,Simi - Santa Rosa,63,reverse oblique,27
280,Simi - Santa Rosa,64,reverse oblique,35
280,Simi - Santa Rosa,65,reverse oblique,26
280,Simi - Santa Rosa,66,reverse oblique,33
280,Simi - Santa Rosa,67,reverse oblique,56
280,Simi - Santa Rosa,68,reverse oblique,79
280,Simi - Santa Rosa,69,reverse oblique,59
280,Simi - Santa Rosa,70,reverse,132
280,Simi - Santa Rosa,71,reverse,88
280,Simi - Santa Rosa,72,reverse,140
280,Simi - Santa Rosa,73,reverse,123
280,Simi - Santa Rosa,74,reverse,190
280,Simi - Santa Rosa,75,reverse,173
280,Simi - Santa Rosa,76,reverse,256
280,Simi - Santa Rosa,77,reverse,248
280,Simi - Santa Rosa,78,reverse,396
280,Simi - Santa Rosa,79,reverse,333
280,Simi - Santa Rosa,80,reverse,547
280,Simi - Santa Rosa,81,reverse,528
280,Simi - Santa Rosa,82,reverse,632
280,Simi - Santa Rosa,83,reverse,198
280,Simi - Santa Rosa,84,reverse,171
280,Simi - Santa Rosa,85,reverse,132
280,Simi - Santa Rosa,86,reverse,133
280,Simi - Santa Rosa,87,reverse,59
280,Simi - Santa Rosa,88,reverse,69
280,Simi - Santa Rosa,89,reverse,57
280,Simi - Santa Rosa,90,reverse,47
280,Simi - Santa Rosa,91,reverse,41
280,Simi - Santa Rosa,92,reverse,39
280,Simi - Santa Rosa,93,reverse,29
280,Simi - Santa Rosa,94,reverse,65
280,Simi - Santa Rosa,95,reverse,14
280,Simi - Santa Rosa,96,reverse,54
280,Simi - Santa Rosa,97,reverse,27
280,Simi - Santa Rosa,98,reverse,42
280,Simi - Santa Rosa,99,reverse,39
280,Simi - Santa Rosa,100,reverse,39
280,Simi - Santa Rosa,101,reverse,31
280,Simi - Santa Rosa,102,reverse,37
280,Simi - Santa Rosa,103,reverse,29
280,Simi - Santa Rosa,104,reverse,21
280,Simi - Santa Rosa,105,reverse,18
280,Simi - Santa Rosa,106,reverse,20
280,Simi - Santa Rosa,107,reverse,18
280,Simi - Santa Rosa,108,reverse,20
280,Simi - Santa Rosa,109,reverse,21
280,Simi - Santa Rosa,110,reverse oblique,20
280,Simi - Santa Rosa,111,reverse oblique,10
280,Simi - Santa Rosa,112,reverse oblique,8
280,Simi - Santa Rosa,113,reverse oblique,14
280,Simi - Santa Rosa,114,reverse oblique,19
280,Simi - Santa Rosa,115,reverse oblique,14
280,Simi - Santa Rosa,116,reverse oblique,8
280,Simi - Santa Rosa,117,reverse oblique,15
280,Simi - Santa Rosa,118,reverse oblique,20
280,Simi - Santa Rosa,119,reverse oblique,10
280,Simi - Santa Rosa,120,reverse oblique,17
280,Simi - Santa Rosa,121,reverse oblique,12
280,Simi - Santa Rosa,122,reverse oblique,16
280,Simi - Santa Rosa,123,reverse oblique,8
280,Simi - Santa Rosa,124,reverse oblique,7
280,Simi - Santa Rosa,125,reverse oblique,17
280,Simi - Santa Rosa,126,reverse oblique,6
280,Simi - Santa Rosa,127,reverse oblique,27
280,Simi - Santa Rosa,128,reverse oblique,37
280,Simi - Santa Rosa,129,reverse oblique,29
280,Simi - Santa Rosa,130,reverse oblique,40
280,Simi - Santa Rosa,131,reverse oblique,34
280,Simi - Santa Rosa,132,reverse oblique,44
280,Simi - Santa Rosa,133,reverse oblique,29
280,Simi - Santa Rosa,134,reverse oblique,39
280,Simi - Santa Rosa,135,reverse oblique,25
280,Simi - Santa Rosa,136,reverse oblique,23
280,Simi - Santa Rosa,137,reverse oblique,24
280,Simi - Santa Rosa,138,reverse oblique,24
280,Simi - Santa Rosa,139,reverse oblique,20
280,Simi - Santa Rosa,140,reverse oblique,19
280,Simi - Santa Rosa,141,reverse oblique,11
280,Simi - Santa Rosa,142,reverse oblique,7
281,Sisar,64,reverse oblique,6
281,Sisar,65,reverse oblique,4
281,Sisar,66,reverse oblique,6
281,Sisar,67,reverse oblique,12
281,Sisar,68,reverse oblique,18
281,Sisar,69,reverse oblique,14
281,Sisar,70,reverse,22
281,Sisar,71,reverse,20
281,Sisar,72,reverse,30
281,Sisar,73,reverse,26
281,Sisar,74,reverse,38
281,Sisar,75,reverse,44
281,Sisar,76,reverse,68
281,Sisar,77,reverse,80
281,Sisar,78,reverse,160
281,Sisar,79,reverse,134
281,Sisar,80,reverse,248
281,Sisar,81,reverse,262
281,Sisar,82,reverse,320
281,Sisar,83,reverse,180
281,Sisar,84,reverse,256
281,Sisar,85,reverse,238
281,Sisar,86,reverse,304
281,Sisar,87,reverse,440
281,Sisar,88,reverse,400
281,Sisar,89,reverse,8
281,Sisar,90,reverse,2552
281,Sisar,91,reverse,4
281,Sisar,92,reverse,14
281,Sisar,93,reverse,12
281,Sisar,94,reverse,20
281,Sisar,95,reverse,32
281,Sisar,96,reverse,46
281,Sisar,97,reverse,18
281,Sisar,98,reverse,40
281,Sisar,99,reverse,20
281,Sisar,100,reverse,18
281,Sisar,101,reverse,20
281,Sisar,102,reverse,22
281,Sisar,103,reverse,14
281,Sisar,104,reverse,24
281,Sisar,105,reverse,18
281,Sisar,106,reverse,14
281,Sisar,107,reverse,18
281,Sisar,108,reverse,18
281,Sisar,109,reverse,14
281,Sisar,110,reverse oblique,20
281,Sisar,111,reverse oblique,14
281,Sisar,112,reverse oblique,10
281,Sisar,113,reverse oblique,6
281,Sisar,120,reverse oblique,2
281,Sisar,122,reverse oblique,2
281,Sisar,124,reverse oblique,2
282,Skinner Flat,-135,normal oblique,7
283,Superstition Hills,145,reverse oblique,2
283,Superstition Hills,153,reverse oblique,2
283,Superstition Hills,155,reverse oblique,2
283,Superstition Hills,158,reverse oblique,4
283,Superstition Hills,160,strike-slip,4
283,Superstition Hills,162,strike-slip,4
283,Superstition Hills,164,strike-slip,4
283,Superstition Hills,168,strike-slip,4
283,Superstition Hills,174,strike-slip,4
283,Superstition Hills,175,strike-slip,12
283,Superstition Hills,176,strike-slip,4
283,Superstition Hills,177,strike-slip,4
283,Superstition Hills,180,strike-slip,462
284,Surprise Valley,-90,normal,2048
285,Swain Ravine - Spenceville,-90,normal,665
286,Table Bluff,90,reverse,70
287,Tank Canyon,-143,normal oblique,18
287,Tank Canyon,-142,normal oblique,25
287,Tank Canyon,-141,normal oblique,13
287,Tank Canyon,-140,normal oblique,25
287,Tank Canyon,-139,normal oblique,20
287,Tank Canyon,-138,normal oblique,24
287,Tank Canyon,-137,normal oblique,6
287,Tank Canyon,-136,normal oblique,14
287,Tank Canyon,-135,normal oblique,15
287,Tank Canyon,-134,normal oblique,14
287,Tank Canyon,-133,normal oblique,12
287,Tank Canyon,-132,normal oblique,8
287,Tank Canyon,-131,normal oblique,9
287,Tank Canyon,-130,normal oblique,15
287,Tank Canyon,-129,normal oblique,13
287,Tank Canyon,-128,normal oblique,3
287,Tank Canyon,-127,normal oblique,31
287,Tank Canyon,-125,normal oblique,15
287,Tank Canyon,-124,normal oblique,11
287,Tank Canyon,-123,normal oblique,4
287,Tank Canyon,-122,normal oblique,11
287,Tank Canyon,-120,normal oblique,9
287,Tank Canyon,-119,normal oblique,5
287,Tank Canyon,-118,normal oblique,7
287,Tank Canyon,-116,normal oblique,10
287,Tank Canyon,-113,normal oblique,7
287,Tank Canyon,-112,normal oblique,5
287,Tank Canyon,-110,normal,6
287,Tank Canyon,-107,normal,7
287,Tank Canyon,-90,normal,77
288,Thirty Mile Bank,90,reverse,112
288,Thirty Mile Bank,92,reverse,7
288,Thirty Mile Bank,93,reverse,11
288,Thirty Mile Bank,94,reverse,17
288,Thirty Mile Bank,95,reverse,12
288,Thirty Mile Bank,96,reverse,20
288,Thirty Mile Bank,97,reverse,18
288,Thirty Mile Bank,98,reverse,29
288,Thirty Mile Bank,100,reverse,22
288,Thirty Mile Bank,101,reverse,16
288,Thirty Mile Bank,102,reverse,26
288,Thirty Mile Bank,103,reverse,12
288,Thirty Mile Bank,104,reverse,20
288,Thirty Mile Bank,105,reverse,18
288,Thirty Mile Bank,106,reverse,29
288,Thirty Mile Bank,107,reverse,7
288,Thirty Mile Bank,108,reverse,22
288,Thirty Mile Bank,109,reverse,14
288,Thirty Mile Bank,110,reverse oblique,28
288,Thirty Mile Bank,111,reverse oblique,14
288,Thirty Mile Bank,112,reverse oblique,22
288,Thirty Mile Bank,113,reverse oblique,7
288,Thirty Mile Bank,114,reverse oblique,29
288,Thirty Mile Bank,115,reverse oblique,22
288,Thirty Mile Bank,116,reverse oblique,28
288,Thirty Mile Bank,117,reverse oblique,21
288,Thirty Mile Bank,118,reverse oblique,21
288,Thirty Mile Bank,119,reverse oblique,22
288,Thirty Mile Bank,120,reverse oblique,29
288,Thirty Mile Bank,121,reverse oblique,18
288,Thirty Mile Bank,122,reverse oblique,20
288,Thirty Mile Bank,123,reverse oblique,26
288,Thirty Mile Bank,124,reverse oblique,28
288,Thirty Mile Bank,125,reverse oblique,22
288,Thirty Mile Bank,126,reverse oblique,29
288,Thirty Mile Bank,127,reverse oblique,22
288,Thirty Mile Bank,128,reverse oblique,28
288,Thirty Mile Bank,129,reverse oblique,26
288,Thirty Mile Bank,130,reverse oblique,38
288,Thirty Mile Bank,131,reverse oblique,29
288,Thirty Mile Bank,132,reverse oblique,29
288,Thirty Mile Bank,133,reverse oblique,33
288,Thirty Mile Bank,134,reverse oblique,27
288,Thirty Mile Bank,135,reverse oblique,11
288,Thirty Mile Bank,136,reverse oblique,37
288,Thirty Mile Bank,137,reverse oblique,14
288,Thirty Mile Bank,138,reverse oblique,32
288,Thirty Mile Bank,139,reverse oblique,21
288,Thirty Mile Bank,140,reverse oblique,12
288,Thirty Mile Bank,141,reverse oblique,18
288,Thirty Mile Bank,142,reverse oblique,12
288,Thirty Mile Bank,143,reverse oblique,25
288,Thirty Mile Bank,144,reverse oblique,11
288,Thirty Mile Bank,145,reverse oblique,7
288,Thirty Mile Bank,146,reverse oblique,18
288,Thirty Mile Bank,147,reverse oblique,15
288,Thirty Mile Bank,148,reverse oblique,15
288,Thirty Mile Bank,149,reverse oblique,11
288,Thirty Mile Bank,150,reverse oblique,10
288,Thirty Mile Bank,151,reverse oblique,7
288,Thirty Mile Bank,152,reverse oblique,10
288,Thirty Mile Bank,153,reverse oblique,8
288,Thirty Mile Bank,154,reverse oblique,8
288,Thirty Mile Bank,155,reverse oblique,10
288,Thirty Mile Bank,156,reverse oblique,5
288,Thirty Mile Bank,157,reverse oblique,4
288,Thirty Mile Bank,158,reverse oblique,4
288,Thirty Mile Bank,159,reverse oblique,2
288,Thirty Mile Bank,160,strike-slip,4
288,Thirty Mile Bank,161,strike-slip,2
288,Thirty Mile Bank,162,strike-slip,4
288,Thirty Mile Bank,163,strike-slip,6
289,Tin Mountain,-154,normal oblique,2
289,Tin Mountain,-152,normal oblique,12
289,Tin Mountain,-151,normal oblique,6
289,Tin Mountain,-149,normal oblique,2
289,Tin Mountain,-147,normal oblique,15
289,Tin Mountain,-146,normal oblique,12
289,Tin Mountain,-144,normal oblique,8
289,Tin Mountain,-143,normal oblique,13
289,Tin Mountain,-142,normal oblique,8
289,Tin Mountain,-141,normal oblique,13
289,Tin Mountain,-140,normal oblique,9
289,Tin Mountain,-139,normal oblique,5
289,Tin Mountain,-138,normal oblique,3
289,Tin Mountain,-135,normal oblique,6
289,Tin Mountain,-132,normal oblique,3
289,Tin Mountain,-130,normal oblique,4
289,Tin Mountain,-124,normal oblique,9
289,Tin Mountain,-117,normal oblique,4
289,Tin Mountain,-114,normal oblique,3
289,Tin Mountain,-108,normal,4
289,Tin Mountain,-90,normal,30
290,Towne Pass,-140,normal oblique,2
290,Towne Pass,-139,normal oblique,4
290,Towne Pass,-138,normal oblique,2
290,Towne Pass,-137,normal oblique,5
290,Towne Pass,-136,normal oblique,5
290,Towne Pass,-135,normal oblique,3
290,Towne Pass,-134,normal oblique,5
290,Towne Pass,-133,normal oblique,3
290,Towne Pass,-132,normal oblique,7
290,Towne Pass,-130,normal oblique,14
290,Towne Pass,-128,normal oblique,6
290,Towne Pass,-127,normal oblique,3
290,Towne Pass,-126,normal oblique,7
290,Towne Pass,-125,normal oblique,7
290,Towne Pass,-124,normal oblique,7
290,Towne Pass,-123,normal oblique,4
290,Towne Pass,-122,normal oblique,4
290,Towne Pass,-121,normal oblique,3
290,Towne Pass,-119,normal oblique,2
290,Towne Pass,-117,normal oblique,3
290,Towne Pass,-113,normal oblique,5
290,Towne Pass,-107,normal,3
290,Towne Pass,-90,normal,50
291,Trinidad [1],90,reverse,143
291,Trinidad [1],95,reverse,7
291,Trinidad [1],96,reverse,6
291,Trinidad [1],97,reverse,5
291,Trinidad [1],98,reverse,11
291,Trinidad [1],99,reverse,6
291,Trinidad [1],100,reverse,8
291,Trinidad [1],101,reverse,7
291,Trinidad [1],102,reverse,12
291,Trinidad [1],103,reverse,7
291,Trinidad [1],104,reverse,8
291,Trinidad [1],105,reverse,6
291,Trinidad [1],106,reverse,11
291,Trinidad [1],107,reverse,5
291,Trinidad [1],108,reverse,15
291,Trinidad [1],109,reverse,7
291,Trinidad [1],110,reverse oblique,18
291,Trinidad [1],113,reverse oblique,27
291,Trinidad [1],115,reverse oblique,13
291,Trinidad [1],116,reverse oblique,9
291,Trinidad [1],117,reverse oblique,10
291,Trinidad [1],118,reverse oblique,13
291,Trinidad [1],119,reverse oblique,11
291,Trinidad [1],120,reverse oblique,6
291,Trinidad [1],121,reverse oblique,15
291,Trinidad [1],122,reverse oblique,19
291,Trinidad [1],123,reverse oblique,7
291,Trinidad [1],124,reverse oblique,21
291,Trinidad [1],125,reverse oblique,10
291,Trinidad [1],126,reverse oblique,18
291,Trinidad [1],127,reverse oblique,18
291,Trinidad [1],128,reverse oblique,14
291,Trinidad [1],129,reverse oblique,13
291,Trinidad [1],130,reverse oblique,14
291,Trinidad [1],131,reverse oblique,11
291,Trinidad [1],132,reverse oblique,10
291,Trinidad [1],133,reverse oblique,12
291,Trinidad [1],134,reverse oblique,8
291,Trinidad [1],135,reverse oblique,13
291,Trinidad [1],136,reverse oblique,14
291,Trinidad [1],137,reverse oblique,6
291,Trinidad [1],138,reverse oblique,11
291,Trinidad [1],139,reverse oblique,6
291,Trinidad [1],140,reverse oblique,11
291,Trinidad [1],141,reverse oblique,4
291,Trinidad [1],142,reverse oblique,9
291,Trinidad [1],144,reverse oblique,11
291,Trinidad [1],145,reverse oblique,4
291,Trinidad [1],146,reverse oblique,7
291,Trinidad [1],147,reverse oblique,3
291,Trinidad [1],148,reverse oblique,2
291,Trinidad [1],149,reverse oblique,3
291,Trinidad [1],150,reverse oblique,5
291,Trinidad [1],152,reverse oblique,2
291,Trinidad [1],153,reverse oblique,2
291,Trinidad [1],154,reverse oblique,2
291,Trinidad [1],155,reverse oblique,2
291,Trinidad [1],156,reverse oblique,4
292,Ventura - Pitas Point,57,reverse oblique,2
292,Ventura - Pitas Point,58,reverse oblique,12
292,Ventura - Pitas Point,59,reverse oblique,14
292,Ventura - Pitas Point,60,reverse oblique,112
292,Ventura - Pitas Point,61,reverse oblique,12
292,Ventura - Pitas Point,62,reverse oblique,2
292,Ventura - Pitas Point,63,reverse oblique,14
292,Ventura - Pitas Point,64,reverse oblique,17
292,Ventura - Pitas Point,65,reverse oblique,33
292,Ventura - Pitas Point,66,reverse oblique,29
292,Ventura - Pitas Point,67,reverse oblique,77
292,Ventura - Pitas Point,68,reverse oblique,86
292,Ventura - Pitas Point,69,reverse oblique,60
292,Ventura - Pitas Point,70,reverse,93
292,Ventura - Pitas Point,71,reverse,61
292,Ventura - Pitas Point,72,reverse,90
292,Ventura - Pitas Point,73,reverse,84
292,Ventura - Pitas Point,74,reverse,102
292,Ventura - Pitas Point,75,reverse,107
292,Ventura - Pitas Point,76,reverse,165
292,Ventura - Pitas Point,77,reverse,236
292,Ventura - Pitas Point,78,reverse,380
292,Ventura - Pitas Point,79,reverse,429
292,Ventura - Pitas Point,80,reverse,710
292,Ventura - Pitas Point,81,reverse,785
292,Ventura - Pitas Point,82,reverse,1062
292,Ventura - Pitas Point,83,reverse,972
292,Ventura - Pitas Point,84,reverse,1380
292,Ventura - Pitas Point,85,reverse,1361
292,Ventura - Pitas Point,86,reverse,1408
292,Ventura - Pitas Point,87,reverse,1276
292,Ventura - Pitas Point,88,reverse,729
292,Ventura - Pitas Point,89,reverse,60
292,Ventura - Pitas Point,90,reverse,96
292,Ventura - Pitas Point,91,reverse,90
292,Ventura - Pitas Point,92,reverse,114
292,Ventura - Pitas Point,93,reverse,64
292,Ventura - Pitas Point,94,reverse,106
292,Ventura - Pitas Point,95,reverse,61
292,Ventura - Pitas Point,96,reverse,62
292,Ventura - Pitas Point,97,reverse,53
292,Ventura - Pitas Point,98,reverse,83
292,Ventura - Pitas Point,99,reverse,46
292,Ventura - Pitas Point,100,reverse,59
292,Ventura - Pitas Point,101,reverse,30
292,Ventura - Pitas Point,102,reverse,43
292,Ventura - Pitas Point,103,reverse,31
292,Ventura - Pitas Point,104,reverse,33
292,Ventura - Pitas Point,105,reverse,37
292,Ventura - Pitas Point,106,reverse,27
292,Ventura - Pitas Point,107,reverse,24
292,Ventura - Pitas Point,108,reverse,23
292,Ventura - Pitas Point,109,reverse,13
292,Ventura - Pitas Point,110,reverse oblique,13
292,Ventura - Pitas Point,111,reverse oblique,7
292,Ventura - Pitas Point,112,reverse oblique,9
292,Ventura - Pitas Point,113,reverse oblique,2
292,Ventura - Pitas Point,114,reverse oblique,5
292,Ventura - Pitas Point,117,reverse oblique,2
293,Verdugo,39,reverse oblique,2
293,Verdugo,40,reverse oblique,20
293,Verdugo,41,reverse oblique,14
293,Verdugo,42,reverse oblique,14
293,Verdugo,43,reverse oblique,16
293,Verdugo,44,reverse oblique,28
293,Verdugo,45,reverse oblique,26
293,Verdugo,46,reverse oblique,24
293,Verdugo,47,reverse oblique,12
293,Verdugo,48,reverse oblique,20
293,Verdugo,49,reverse oblique,10
293,Verdugo,50,reverse oblique,16
293,Verdugo,51,reverse oblique,26
293,Verdugo,52,reverse oblique,20
293,Verdugo,53,reverse oblique,12
293,Verdugo,54,reverse oblique,22
293,Verdugo,55,reverse oblique,10
293,Verdugo,56,reverse oblique,22
293,Verdugo,57,reverse oblique,18
293,Verdugo,58,reverse oblique,18
293,Verdugo,59,reverse oblique,18
293,Verdugo,60,reverse oblique,4
293,Verdugo,61,reverse oblique,2
293,Verdugo,62,reverse oblique,12
293,Verdugo,63,reverse oblique,9
293,Verdugo,64,reverse oblique,6
293,Verdugo,65,reverse oblique,8
293,Verdugo,66,reverse oblique,8
293,Verdugo,67,reverse oblique,3
293,Verdugo,68,reverse oblique,6
293,Verdugo,69,reverse oblique,17
293,Verdugo,70,reverse,28
293,Verdugo,71,reverse,10
293,Verdugo,72,reverse,43
293,Verdugo,73,reverse,39
293,Verdugo,74,reverse,68
293,Verdugo,75,reverse,49
293,Verdugo,76,reverse,98
293,Verdugo,77,reverse,58
293,Verdugo,78,reverse,88
293,Verdugo,79,reverse,101
293,Verdugo,80,reverse,129
293,Verdugo,81,reverse,97
293,Verdugo,82,reverse,67
293,Verdugo,83,reverse,70
293,Verdugo,84,reverse,108
293,Verdugo,85,reverse,130
293,Verdugo,86,reverse,137
293,Verdugo,87,reverse,271
293,Verdugo,88,reverse,252
293,Verdugo,90,reverse,1149
293,Verdugo,92,reverse,2
293,Verdugo,93,reverse,16
293,Verdugo,94,reverse,34
293,Verdugo,95,reverse,10
293,Verdugo,96,reverse,28
293,Verdugo,97,reverse,12
293,Verdugo,98,reverse,24
293,Verdugo,99,reverse,11
293,Verdugo,100,reverse,18
293,Verdugo,101,reverse,14
293,Verdugo,102,reverse,11
293,Verdugo,103,reverse,6
293,Verdugo,104,reverse,16
293,Verdugo,105,reverse,12
293,Verdugo,106,reverse,12
293,Verdugo,107,reverse,3
293,Verdugo,108,reverse,16
293,Verdugo,109,reverse,12
293,Verdugo,110,reverse oblique,4
293,Verdugo,111,reverse oblique,16
293,Verdugo,112,reverse oblique,10
293,Verdugo,114,reverse oblique,15
293,Verdugo,115,reverse oblique,6
293,Verdugo,116,reverse oblique,8
293,Verdugo,117,reverse oblique,4
293,Verdugo,118,reverse oblique,2
293,Verdugo,119,reverse oblique,16
293,Verdugo,121,reverse oblique,14
293,Verdugo,122,reverse oblique,8
293,Verdugo,123,reverse oblique,4
293,Verdugo,124,reverse oblique,14
293,Verdugo,126,reverse oblique,14
293,Verdugo,128,reverse oblique,8
293,Verdugo,129,reverse oblique,4
293,Verdugo,131,reverse oblique,4
293,Verdugo,132,reverse oblique,7
293,Verdugo,133,reverse oblique,4
293,Verdugo,134,reverse oblique,11
293,Verdugo,135,reverse oblique,4
293,Verdugo,136,reverse oblique,11
293,Verdugo,138,reverse oblique,11
293,Verdugo,139,reverse oblique,4
293,Verdugo,140,reverse oblique,7
293,Verdugo,141,reverse oblique,12
293,Verdugo,142,reverse oblique,8
293,Verdugo,143,reverse oblique,12
293,Verdugo,144,reverse oblique,14
293,Verdugo,145,reverse oblique,10
293,Verdugo,146,reverse oblique,16
293,Verdugo,147,reverse oblique,12
293,Verdugo,148,reverse oblique,8
293,Verdugo,149,reverse oblique,8
293,Verdugo,150,reverse oblique,7
293,Verdugo,151,reverse oblique,4
293,Verdugo,152,reverse oblique,4
293,Verdugo,153,reverse oblique,2
294,Walker Spring,-123,normal oblique,2
294,Walker Spring,-120,normal oblique,2
294,Walker Spring,-118,normal oblique,3
294,Walker Spring,-117,normal oblique,2
294,Walker Spring,-116,normal oblique,3
294,Walker Spring,-115,normal oblique,4
294,Walker Spring,-112,normal oblique,14
294,Walker Spring,-110,normal,11
294,Walker Spring,-109,normal,4
294,Walker Spring,-108,normal,16
294,Walker Spring,-107,normal,5
294,Walker Spring,-106,normal,7
294,Walker Spring,-105,normal,10
294,Walker Spring,-103,normal,7
294,Walker Spring,-102,normal,5
294,Walker Spring,-101,normal,6
294,Walker Spring,-100,normal,7
294,Walker Spring,-90,normal,77
295,West Napa,140,reverse oblique,4
295,West Napa,141,reverse oblique,2
295,West Napa,142,reverse oblique,2
295,West Napa,143,reverse oblique,3
295,West Napa,144,reverse oblique,7
295,West Napa,145,reverse oblique,8
295,West Napa,146,reverse oblique,9
295,West Napa,147,reverse oblique,15
295,West Napa,148,reverse oblique,11
295,West Napa,149,reverse oblique,22
295,West Napa,150,reverse oblique,27
295,West Napa,151,reverse oblique,28
295,West Napa,152,reverse oblique,46
295,West Napa,153,reverse oblique,44
295,West Napa,154,reverse oblique,70
295,West Napa,155,reverse oblique,60
295,West Napa,156,reverse oblique,82
295,West Napa,157,reverse oblique,59
295,West Napa,158,reverse oblique,86
295,West Napa,159,reverse oblique,46
295,West Napa,160,strike-slip,79
295,West Napa,161,strike-slip,63
295,West Napa,162,strike-slip,79
295,West Napa,163,strike-slip,107
295,West Napa,164,strike-slip,157
295,West Napa,165,strike-slip,153
295,West Napa,166,strike-slip,203
295,West Napa,167,strike-slip,171
295,West Napa,168,strike-slip,180
295,West Napa,169,strike-slip,87
295,West Napa,170,strike-slip,7
295,West Napa,172,strike-slip,2
295,West Napa,173,strike-slip,3
295,West Napa,174,strike-slip,10
295,West Napa,175,strike-slip,58
295,West Napa,176,strike-slip,136
295,West Napa,177,strike-slip,228
295,West Napa,178,strike-slip,971
295,West Napa,179,strike-slip,723
295,West Napa,180,strike-slip,13589
296,West Tahoe,-146,normal oblique,2
296,West Tahoe,-139,normal oblique,2
296,West Tahoe,-135,normal oblique,3
296,West Tahoe,-127,normal oblique,9
296,West Tahoe,-121,normal oblique,5
296,West Tahoe,-120,normal oblique,4
296,West Tahoe,-117,normal oblique,9
296,West Tahoe,-114,normal oblique,5
296,West Tahoe,-113,normal oblique,7
296,West Tahoe,-111,normal oblique,10
296,West Tahoe,-108,normal,7
296,West Tahoe,-107,normal,5
296,West Tahoe,-104,normal,6
296,West Tahoe,-102,normal,7
296,West Tahoe,-90,normal,77
297,White Mountains,-173,strike-slip,68
297,White Mountains,-172,strike-slip,149
297,White Mountains,-171,strike-slip,161
297,White Mountains,-170,strike-slip,171
297,White Mountains,-169,strike-slip,105
297,White Mountains,-168,strike-slip,137
297,White Mountains,-167,strike-slip,88
297,White Mountains,-166,strike-slip,99
297,White Mountains,-165,strike-slip,63
297,White Mountains,-164,strike-slip,46
297,White Mountains,-163,strike-slip,41
297,White Mountains,-162,strike-slip,53
297,White Mountains,-161,strike-slip,21
297,White Mountains,-160,normal oblique,31
297,White Mountains,-159,normal oblique,14
297,White Mountains,-158,normal oblique,43
297,White Mountains,-157,normal oblique,39
297,White Mountains,-156,normal oblique,52
297,White Mountains,-155,normal oblique,22
297,White Mountains,-154,normal oblique,47
297,White Mountains,-153,normal oblique,25
297,White Mountains,-152,normal oblique,37
297,White Mountains,-151,normal oblique,35
297,White Mountains,-150,normal oblique,38
297,White Mountains,-149,normal oblique,22
297,White Mountains,-148,normal oblique,35
297,White Mountains,-147,normal oblique,13
297,White Mountains,-146,normal oblique,35
297,White Mountains,-145,normal oblique,14
297,White Mountains,-144,normal oblique,38
297,White Mountains,-143,normal oblique,9
297,White Mountains,-142,normal oblique,26
297,White Mountains,-141,normal oblique,5
297,White Mountains,-140,normal oblique,51
297,White Mountains,-139,normal oblique,2
297,White Mountains,-138,normal oblique,18
297,White Mountains,-137,normal oblique,21
297,White Mountains,-136,normal oblique,7
297,White Mountains,-135,normal oblique,14
297,White Mountains,-134,normal oblique,26
297,White Mountains,-132,normal oblique,14
297,White Mountains,-131,normal oblique,22
297,White Mountains,-129,normal oblique,10
297,White Mountains,-128,normal oblique,19
297,White Mountains,-127,normal oblique,15
297,White Mountains,-126,normal oblique,5
297,White Mountains,-125,normal oblique,9
297,White Mountains,-124,normal oblique,12
297,White Mountains,-123,normal oblique,6
297,White Mountains,-121,normal oblique,5
297,White Mountains,-120,normal oblique,19
297,White Mountains,-119,normal oblique,2
297,White Mountains,-118,normal oblique,5
297,White Mountains,-116,normal oblique,10
297,White Mountains,-114,normal oblique,3
297,White Mountains,-113,normal oblique,4
297,White Mountains,-112,normal oblique,2
297,White Mountains,-111,normal oblique,6
297,White Mountains,-108,normal,3
297,White Mountains,-106,normal,5
297,White Mountains,-102,normal,2
297,White Mountains,-101,normal,2
297,White Mountains,180,strike-slip,1122
298,White Wolf,-87,normal,10
298,White Wolf,-86,normal,10
298,White Wolf,-85,normal,13
298,White Wolf,-84,normal,9
298,White Wolf,-83,normal,13
298,White Wolf,-82,normal,11
298,White Wolf,-81,normal,3
298,White Wolf,-80,normal,9
298,White Wolf,-79,normal,9
298,White Wolf,-77,normal,11
298,White Wolf,-76,normal,6
298,White Wolf,-75,normal,5
298,White Wolf,-73,normal,15
298,White Wolf,-72,normal,3
298,White Wolf,-70,normal oblique,6
298,White Wolf,-69,normal oblique,8
298,White Wolf,-68,normal oblique,10
298,White Wolf,-66,normal oblique,2
298,White Wolf,-65,normal oblique,16
298,White Wolf,-64,normal oblique,8
298,White Wolf,-63,normal oblique,4
298,White Wolf,-59,normal oblique,11
298,White Wolf,-58,normal oblique,9
298,White Wolf,-54,normal oblique,4
298,White Wolf,-53,normal oblique,9
298,White Wolf,-50,normal oblique,5
298,White Wolf,-42,normal oblique,3
298,White Wolf,-39,normal oblique,4
298,White Wolf,-37,normal oblique,5
298,White Wolf,-36,normal oblique,6
298,White Wolf,-20,strike-slip,7
298,White Wolf,-19,strike-slip,6
298,White Wolf,-17,strike-slip,5
298,White Wolf,-14,strike-slip,4
298,White Wolf,-6,strike-slip,8
298,White Wolf,-2,strike-slip,7
298,White Wolf,0,strike-slip,2
298,White Wolf,2,strike-slip,6
298,White Wolf,6,strike-slip,9
298,White Wolf,8,strike-slip,5
298,White Wolf,10,strike-slip,8
298,White Wolf,16,strike-slip,7
298,White Wolf,19,strike-slip,9
298,White Wolf,22,reverse oblique,6
298,White Wolf,25,reverse oblique,8
298,White Wolf,30,reverse oblique,3
298,White Wolf,31,reverse oblique,16
298,White Wolf,36,reverse oblique,8
298,White Wolf,40,reverse oblique,9
298,White Wolf,41,reverse oblique,4
298,White Wolf,46,reverse oblique,5
298,White Wolf,49,reverse oblique,6
298,White Wolf,51,reverse oblique,7
298,White Wolf,52,reverse oblique,8
298,White Wolf,53,reverse oblique,9
298,White Wolf,55,reverse oblique,2
298,White Wolf,56,reverse oblique,14
298,White Wolf,57,reverse oblique,53
298,White Wolf,58,reverse oblique,72
298,White Wolf,59,reverse oblique,35
298,White Wolf,60,reverse oblique,420
299,White Wolf (extension),42,reverse oblique,2
299,White Wolf (extension),45,reverse oblique,2
299,White Wolf (extension),47,reverse oblique,3
299,White Wolf (extension),48,reverse oblique,2
299,White Wolf (extension),50,reverse oblique,7
299,White Wolf (extension),52,reverse oblique,14
299,White Wolf (extension),53,reverse oblique,11
299,White Wolf (extension),54,reverse oblique,20
299,White Wolf (extension),55,reverse oblique,19
299,White Wolf (extension),56,reverse oblique,50
299,White Wolf (extension),57,reverse oblique,76
299,White Wolf (extension),58,reverse oblique,91
299,White Wolf (extension),59,reverse oblique,35
299,White Wolf (extension),60,reverse oblique,293
300,Whittier [1],49,reverse oblique,4
300,Whittier [1],50,reverse oblique,8
300,Whittier [1],51,reverse oblique,7
300,Whittier [1],52,reverse oblique,23
300,Whittier [1],53,reverse oblique,22
300,Whittier [1],54,reverse oblique,41
300,Whittier [1],55,reverse oblique,41
300,Whittier [1],56,reverse oblique,65
300,Whittier [1],57,reverse oblique,41
300,Whittier [1],58,reverse oblique,75
300,Whittier [1],59,reverse oblique,57
300,Whittier [1],60,reverse oblique,86
300,Whittier [1],61,reverse oblique,74
300,Whittier [1],62,reverse oblique,108
300,Whittier [1],63,reverse oblique,92
300,Whittier [1],64,reverse oblique,108
300,Whittier [1],65,reverse oblique,72
300,Whittier [1],66,reverse oblique,92
300,Whittier [1],67,reverse oblique,85
300,Whittier [1],68,reverse oblique,82
300,Whittier [1],69,reverse oblique,67
300,Whittier [1],70,reverse,101
300,Whittier [1],71,reverse,55
300,Whittier [1],72,reverse,93
300,Whittier [1],73,reverse,55
300,Whittier [1],74,reverse,94
300,Whittier [1],75,reverse,64
300,Whittier [1],76,reverse,89
300,Whittier [1],77,reverse,86
300,Whittier [1],78,reverse,83
300,Whittier [1],79,reverse,107
300,Whittier [1],80,reverse,106
300,Whittier [1],81,reverse,48
300,Whittier [1],82,reverse,95
300,Whittier [1],83,reverse,69
300,Whittier [1],84,reverse,108
300,Whittier [1],85,reverse,65
300,Whittier [1],86,reverse,91
300,Whittier [1],87,reverse,38
300,Whittier [1],88,reverse,99
300,Whittier [1],89,reverse,61
300,Whittier [1],90,reverse,76
300,Whittier [1],91,reverse,59
300,Whittier [1],92,reverse,86
300,Whittier [1],93,reverse,59
300,Whittier [1],94,reverse,73
300,Whittier [1],95,reverse,65
300,Whittier [1],96,reverse,82
300,Whittier [1],97,reverse,96
300,Whittier [1],98,reverse,52
300,Whittier [1],99,reverse,80
300,Whittier [1],100,reverse,65
300,Whittier [1],101,reverse,78
300,Whittier [1],102,reverse,96
300,Whittier [1],103,reverse,74
300,Whittier [1],104,reverse,94
300,Whittier [1],105,reverse,79
300,Whittier [1],106,reverse,95
300,Whittier [1],107,reverse,39
300,Whittier [1],108,reverse,115
300,Whittier [1],109,reverse,64
300,Whittier [1],110,reverse oblique,92
300,Whittier [1],111,reverse oblique,78
300,Whittier [1],112,reverse oblique,88
300,Whittier [1],113,reverse oblique,81
300,Whittier [1],114,reverse oblique,83
300,Whittier [1],115,reverse oblique,87
300,Whittier [1],116,reverse oblique,112
300,Whittier [1],117,reverse oblique,83
300,Whittier [1],118,reverse oblique,95
300,Whittier [1],119,reverse oblique,94
300,Whittier [1],120,reverse oblique,113
300,Whittier [1],121,reverse oblique,96
300,Whittier [1],122,reverse oblique,93
300,Whittier [1],123,reverse oblique,95
300,Whittier [1],124,reverse oblique,115
300,Whittier [1],125,reverse oblique,72
300,Whittier [1],126,reverse oblique,140
300,Whittier [1],127,reverse oblique,81
300,Whittier [1],128,reverse oblique,94
300,Whittier [1],129,reverse oblique,88
300,Whittier [1],130,reverse oblique,107
300,Whittier [1],131,reverse oblique,105
300,Whittier [1],132,reverse oblique,113
300,Whittier [1],133,reverse oblique,57
300,Whittier [1],134,reverse oblique,106
300,Whittier [1],135,reverse oblique,98
300,Whittier [1],136,reverse oblique,161
300,Whittier [1],137,reverse oblique,88
300,Whittier [1],138,reverse oblique,109
300,Whittier [1],139,reverse oblique,113
300,Whittier [1],140,reverse oblique,124
300,Whittier [1],141,reverse oblique,113
300,Whittier [1],142,reverse oblique,114
300,Whittier [1],143,reverse oblique,133
300,Whittier [1],144,reverse oblique,86
300,Whittier [1],145,reverse oblique,91
300,Whittier [1],146,reverse oblique,141
300,Whittier [1],147,reverse oblique,150
300,Whittier [1],148,reverse oblique,125
300,Whittier [1],149,reverse oblique,117
300,Whittier [1],150,reverse oblique,317
300,Whittier [1],151,reverse oblique,129
300,Whittier [1],152,reverse oblique,155
300,Whittier [1],153,reverse oblique,156
300,Whittier [1],154,reverse oblique,186
300,Whittier [1],155,reverse oblique,165
300,Whittier [1],156,reverse oblique,244
300,Whittier [1],157,reverse oblique,192
300,Whittier [1],158,reverse oblique,243
300,Whittier [1],159,reverse oblique,205
300,Whittier [1],160,strike-slip,238
300,Whittier [1],161,strike-slip,204
300,Whittier [1],162,strike-slip,230
300,Whittier [1],163,strike-slip,137
300,Whittier [1],164,strike-slip,168
300,Whittier [1],165,strike-slip,112
300,Whittier [1],166,strike-slip,121
300,Whittier [1],167,strike-slip,146
300,Whittier [1],168,strike-slip,150
300,Whittier [1],169,strike-slip,148
300,Whittier [1],170,strike-slip,197
300,Whittier [1],171,strike-slip,131
300,Whittier [1],172,strike-slip,160
300,Whittier [1],173,strike-slip,120
300,Whittier [1],174,strike-slip,229
300,Whittier [1],175,strike-slip,202
300,Whittier [1],176,strike-slip,213
300,Whittier [1],177,strike-slip,127
300,Whittier [1],178,strike-slip,64
300,Whittier [1],179,strike-slip,2
302,Wight Way,-90,normal,7
303,Yorba Linda,74,reverse,17
303,Yorba Linda,75,reverse,20
303,Yorba Linda,76,reverse,20
303,Yorba Linda,77,reverse,10
303,Yorba Linda,78,reverse,13
303,Yorba Linda,79,reverse,12
303,Yorba Linda,80,reverse,13
303,Yorba Linda,81,reverse,5
303,Yorba Linda,82,reverse,5
303,Yorba Linda,84,reverse,2
303,Yorba Linda,86,reverse,9
303,Yorba Linda,87,reverse,2
303,Yorba Linda,88,reverse,2
303,Yorba Linda,89,reverse,2
303,Yorba Linda,90,reverse,38
303,Yorba Linda,91,reverse,2
303,Yorba Linda,92,reverse,2
303,Yorba Linda,93,reverse,4
303,Yorba Linda,94,reverse,7
303,Yorba Linda,95,reverse,12
303,Yorba Linda,96,reverse,6
303,Yorba Linda,97,reverse,8
303,Yorba Linda,98,reverse,6
303,Yorba Linda,99,reverse,8
303,Yorba Linda,100,reverse,6
303,Yorba Linda,101,reverse,8
303,Yorba Linda,102,reverse,8
303,Yorba Linda,103,reverse,2
303,Yorba Linda,104,reverse,10
303,Yorba Linda,105,reverse,8
303,Yorba Linda,106,reverse,8
303,Yorba Linda,107,reverse,6
303,Yorba Linda,108,reverse,12
303,Yorba Linda,109,reverse,2
303,Yorba Linda,110,reverse oblique,10
303,Yorba Linda,111,reverse oblique,2
303,Yorba Linda,112,reverse oblique,10
303,Yorba Linda,113,reverse oblique,6
303,Yorba Linda,114,reverse oblique,2
303,Yorba Linda,115,reverse oblique,8
303,Yorba Linda,116,reverse oblique,4
303,Yorba Linda,117,reverse oblique,8
303,Yorba Linda,118,reverse oblique,2
303,Yorba Linda,119,reverse oblique,4
303,Yorba Linda,120,reverse oblique,12
303,Yorba Linda,121,reverse oblique,4
303,Yorba Linda,122,reverse oblique,4
303,Yorba Linda,123,reverse oblique,10
303,Yorba Linda,124,reverse oblique,2
303,Yorba Linda,125,reverse oblique,8
303,Yorba Linda,126,reverse oblique,10
303,Yorba Linda,127,reverse oblique,4
303,Yorba Linda,128,reverse oblique,6
303,Yorba Linda,130,reverse oblique,8
303,Yorba Linda,131,reverse oblique,6
303,Yorba Linda,132,reverse oblique,10
303,Yorba Linda,134,reverse oblique,8
303,Yorba Linda,135,reverse oblique,2
303,Yorba Linda,136,reverse oblique,8
303,Yorba Linda,137,reverse oblique,6
303,Yorba Linda,138,reverse oblique,6
303,Yorba Linda,139,reverse oblique,4
303,Yorba Linda,140,reverse oblique,4
303,Yorba Linda,141,reverse oblique,6
303,Yorba Linda,142,reverse oblique,4
303,Yorba Linda,144,reverse oblique,10
303,Yorba Linda,145,reverse oblique,2
303,Yorba Linda,146,reverse oblique,6
303,Yorba Linda,147,reverse oblique,6
303,Yorba Linda,148,reverse oblique,8
303,Yorba Linda,149,reverse oblique,2
303,Yorba Linda,150,reverse oblique,8
303,Yorba Linda,152,reverse oblique,8
303,Yorba Linda,153,reverse oblique,6
303,Yorba Linda,154,reverse oblique,6
303,Yorba Linda,155,reverse oblique,6
303,Yorba Linda,156,reverse oblique,2
303,Yorba Linda,157,reverse oblique,4
303,Yorba Linda,158,reverse oblique,4
303,Yorba Linda,159,reverse oblique,4
303,Yorba Linda,160,strike-slip,4
303,Yorba Linda,161,strike-slip,4
303,Yorba Linda,169,strike-slip,2
303,Yorba Linda,170,strike-slip,2
303,Yorba Linda,174,strike-slip,8
304,Zayante - Vergeles [1],138,reverse oblique,2
304,Zayante - Vergeles [1],140,reverse oblique,5
304,Zayante - Vergeles [1],141,reverse oblique,9
304,Zayante - Vergeles [1],142,reverse oblique,20
304,Zayante - Vergeles [1],143,reverse oblique,25
304,Zayante - Vergeles [1],144,reverse oblique,48
304,Zayante - Vergeles [1],145,reverse oblique,67
304,Zayante - Vergeles [1],146,reverse oblique,200
304,Zayante - Vergeles [1],147,reverse oblique,279
304,Zayante - Vergeles [1],148,reverse oblique,350
304,Zayante - Vergeles [1],149,reverse oblique,299
304,Zayante - Vergeles [1],150,reverse oblique,551
304,Zayante - Vergeles [1],151,reverse oblique,329
304,Zayante - Vergeles [1],152,reverse oblique,494
304,Zayante - Vergeles [1],153,reverse oblique,524
304,Zayante - Vergeles [1],154,reverse oblique,759
304,Zayante - Vergeles [1],155,reverse oblique,662
304,Zayante - Vergeles [1],156,reverse oblique,1016
304,Zayante - Vergeles [1],157,reverse oblique,965
304,Zayante - Vergeles [1],158,reverse oblique,1253
304,Zayante - Vergeles [1],159,reverse oblique,1120
304,Zayante - Vergeles [1],160,strike-slip,1398
304,Zayante - Vergeles [1],161,strike-slip,1203
304,Zayante - Vergeles [1],162,strike-slip,1706
304,Zayante - Vergeles [1],163,strike-slip,1513
304,Zayante - Vergeles [1],164,strike-slip,2112
304,Zayante - Vergeles [1],165,strike-slip,1913
304,Zayante - Vergeles [1],166,strike-slip,2807
304,Zayante - Vergeles [1],167,strike-slip,2726
304,Zayante - Vergeles [1],168,strike-slip,4091
304,Zayante - Vergeles [1],169,strike-slip,3917
304,Zayante - Vergeles [1],170,strike-slip,6221
304,Zayante - Vergeles [1],171,strike-slip,5381
304,Zayante - Vergeles [1],172,strike-slip,5908
304,Zayante - Vergeles [1],173,strike-slip,5359
304,Zayante - Vergeles [1],174,strike-slip,5536
304,Zayante - Vergeles [1],175,strike-slip,1374
304,Zayante - Vergeles [1],176,strike-slip,1224
304,Zayante - Vergeles [1],177,strike-slip,646
304,Zayante - Vergeles [1],178,strike-slip,463
700,San Andreas (Coachella),0,strike-slip,5
700,San Andreas (Coachella),136,reverse oblique,5
700,San Andreas (Coachella),137,reverse oblique,4
700,San Andreas (Coachella),138,reverse oblique,10
700,San Andreas (Coachella),139,reverse oblique,10
700,San Andreas (Coachella),140,reverse oblique,12
700,San Andreas (Coachella),141,reverse oblique,14
700,San Andreas (Coachella),142,reverse oblique,41
700,San Andreas (Coachella),143,reverse oblique,27
700,San Andreas (Coachella),144,reverse oblique,53
700,San Andreas (Coachella),145,reverse oblique,41
700,San Andreas (Coachella),146,reverse oblique,56
700,San Andreas (Coachella),147,reverse oblique,38
700,San Andreas (Coachella),148,reverse oblique,82
700,San Andreas (Coachella),149,reverse oblique,66
700,San Andreas (Coachella),150,reverse oblique,81
700,San Andreas (Coachella),151,reverse oblique,48
700,San Andreas (Coachella),152,reverse oblique,190
700,San Andreas (Coachella),153,reverse oblique,58
700,San Andreas (Coachella),154,reverse oblique,279
700,San Andreas (Coachella),155,reverse oblique,96
700,San Andreas (Coachella),156,reverse oblique,205
700,San Andreas (Coachella),157,reverse oblique,184
700,San Andreas (Coachella),158,reverse oblique,223
700,San Andreas (Coachella),159,reverse oblique,103
700,San Andreas (Coachella),160,strike-slip,237
700,San Andreas (Coachella),161,strike-slip,168
700,San Andreas (Coachella),162,strike-slip,191
700,San Andreas (Coachella),163,strike-slip,331
700,San Andreas (Coachella),164,strike-slip,341
700,San Andreas (Coachella),165,strike-slip,368
700,San Andreas (Coachella),166,strike-slip,533
700,San Andreas (Coachella),167,strike-slip,575
700,San Andreas (Coachella),168,strike-slip,586
700,San Andreas (Coachella),169,strike-slip,304
700,San Andreas (Coachella),170,strike-slip,481
700,San Andreas (Coachella),171,strike-slip,448
700,San Andreas (Coachella),172,strike-slip,992
700,San Andreas (Coachella),173,strike-slip,1582
700,San Andreas (Coachella),174,strike-slip,1579
700,San Andreas (Coachella),175,strike-slip,1317
700,San Andreas (Coachella),176,strike-slip,1824
700,San Andreas (Coachella),177,strike-slip,1898
700,San Andreas (Coachella),178,strike-slip,3706
700,San Andreas (Coachella),179,strike-slip,18281
700,San Andreas (Coachella),180,strike-slip,127467
701,San Andreas (San Gorgonio Pass - Garnet Hill),0,strike-slip,7
701,San Andreas (San Gorgonio Pass - Garnet Hill),109,reverse,4
701,San Andreas (San Gorgonio Pass - Garnet Hill),110,reverse oblique,2
701,San Andreas (San Gorgonio Pass - Garnet Hill),112,reverse oblique,4
701,San Andreas (San Gorgonio Pass - Garnet Hill),113,reverse oblique,2
701,San Andreas (San Gorgonio Pass - Garnet Hill),114,reverse oblique,5
701,San Andreas (San Gorgonio Pass - Garnet Hill),115,reverse oblique,7
701,San Andreas (San Gorgonio Pass - Garnet Hill),116,reverse oblique,7
701,San Andreas (San Gorgonio Pass - Garnet Hill),117,reverse oblique,5
701,San Andreas (San Gorgonio Pass - Garnet Hill),118,reverse oblique,9
701,San Andreas (San Gorgonio Pass - Garnet Hill),120,reverse oblique,11
701,San Andreas (San Gorgonio Pass - Garnet Hill),122,reverse oblique,8
701,San Andreas (San Gorgonio Pass - Garnet Hill),123,reverse oblique,7
701,San Andreas (San Gorgonio Pass - Garnet Hill),124,reverse oblique,9
701,San Andreas (San Gorgonio Pass - Garnet Hill),125,reverse oblique,10
701,San Andreas (San Gorgonio Pass - Garnet Hill),126,reverse oblique,7
701,San Andreas (San Gorgonio Pass - Garnet Hill),127,reverse oblique,2
701,San Andreas (San Gorgonio Pass - Garnet Hill),128,reverse oblique,12
701,San Andreas (San Gorgonio Pass - Garnet Hill),129,reverse oblique,2
701,San Andreas (San Gorgonio Pass - Garnet Hill),130,reverse oblique,16
701,San Andreas (San Gorgonio Pass - Garnet Hill),131,reverse oblique,5
701,San Andreas (San Gorgonio Pass - Garnet Hill),132,reverse oblique,22
701,San Andreas (San Gorgonio Pass - Garnet Hill),133,reverse oblique,5
701,San Andreas (San Gorgonio Pass - Garnet Hill),134,reverse oblique,24
701,San Andreas (San Gorgonio Pass - Garnet Hill),135,reverse oblique,4
701,San Andreas (San Gorgonio Pass - Garnet Hill),136,reverse oblique,48
701,San Andreas (San Gorgonio Pass - Garnet Hill),137,reverse oblique,18
701,San Andreas (San Gorgonio Pass - Garnet Hill),138,reverse oblique,41
701,San Andreas (San Gorgonio Pass - Garnet Hill),139,reverse oblique,25
701,San Andreas (San Gorgonio Pass - Garnet Hill),140,reverse oblique,38
701,San Andreas (San Gorgonio Pass - Garnet Hill),141,reverse oblique,33
701,San Andreas (San Gorgonio Pass - Garnet Hill),142,reverse oblique,69
701,San Andreas (San Gorgonio Pass - Garnet Hill),143,reverse oblique,35
701,San Andreas (San Gorgonio Pass - Garnet Hill),144,reverse oblique,60
701,San Andreas (San Gorgonio Pass - Garnet Hill),145,reverse oblique,55
701,San Andreas (San Gorgonio Pass - Garnet Hill),146,reverse oblique,34
701,San Andreas (San Gorgonio Pass - Garnet Hill),147,reverse oblique,51
701,San Andreas (San Gorgonio Pass - Garnet Hill),148,reverse oblique,66
701,San Andreas (San Gorgonio Pass - Garnet Hill),149,reverse oblique,50
701,San Andreas (San Gorgonio Pass - Garnet Hill),150,reverse oblique,72
701,San Andreas (San Gorgonio Pass - Garnet Hill),151,reverse oblique,48
701,San Andreas (San Gorgonio Pass - Garnet Hill),152,reverse oblique,165
701,San Andreas (San Gorgonio Pass - Garnet Hill),153,reverse oblique,35
701,San Andreas (San Gorgonio Pass - Garnet Hill),154,reverse oblique,147
701,San Andreas (San Gorgonio Pass - Garnet Hill),155,reverse oblique,67
701,San Andreas (San Gorgonio Pass - Garnet Hill),156,reverse oblique,99
701,San Andreas (San Gorgonio Pass - Garnet Hill),157,reverse oblique,157
701,San Andreas (San Gorgonio Pass - Garnet Hill),158,reverse oblique,122
701,San Andreas (San Gorgonio Pass - Garnet Hill),159,reverse oblique,100
701,San Andreas (San Gorgonio Pass - Garnet Hill),160,strike-slip,172
701,San Andreas (San Gorgonio Pass - Garnet Hill),161,strike-slip,110
701,San Andreas (San Gorgonio Pass - Garnet Hill),162,strike-slip,186
701,San Andreas (San Gorgonio Pass - Garnet Hill),163,strike-slip,278
701,San Andreas (San Gorgonio Pass - Garnet Hill),164,strike-slip,332
701,San Andreas (San Gorgonio Pass - Garnet Hill),165,strike-slip,277
701,San Andreas (San Gorgonio Pass - Garnet Hill),166,strike-slip,462
701,San Andreas (San Gorgonio Pass - Garnet Hill),167,strike-slip,518
701,San Andreas (San Gorgonio Pass - Garnet Hill),168,strike-slip,630
701,San Andreas (San Gorgonio Pass - Garnet Hill),169,strike-slip,459
701,San Andreas (San Gorgonio Pass - Garnet Hill),170,strike-slip,732
701,San Andreas (San Gorgonio Pass - Garnet Hill),171,strike-slip,714
701,San Andreas (San Gorgonio Pass - Garnet Hill),172,strike-slip,1241
701,San Andreas (San Gorgonio Pass - Garnet Hill),173,strike-slip,1292
701,San Andreas (San Gorgonio Pass - Garnet Hill),174,strike-slip,2642
701,San Andreas (San Gorgonio Pass - Garnet Hill),175,strike-slip,1694
701,San Andreas (San Gorgonio Pass - Garnet Hill),176,strike-slip,988
701,San Andreas (San Gorgonio Pass - Garnet Hill),177,strike-slip,1368
701,San Andreas (San Gorgonio Pass - Garnet Hill),178,strike-slip,1713
701,San Andreas (San Gorgonio Pass - Garnet Hill),179,strike-slip,9788
701,San Andreas (San Gorgonio Pass - Garnet Hill),180,strike-slip,56938
702,"San Andreas (San Bernardino, south)",0,strike-slip,218
702,"San Andreas (San Bernardino, south)",93,reverse,4
702,"San Andreas (San Bernardino, south)",94,reverse,5
702,"San Andreas (San Bernardino, south)",95,reverse,2
702,"San Andreas (San Bernardino, south)",96,reverse,10
702,"San Andreas (San Bernardino, south)",97,reverse,11
702,"San Andreas (San Bernardino, south)",98,reverse,10
702,"San Andreas (San Bernardino, south)",99,reverse,27
702,"San Andreas (San Bernardino, south)",100,reverse,41
702,"San Andreas (San Bernardino, south)",101,reverse,33
702,"San Andreas (San Bernardino, south)",102,reverse,60
702,"San Andreas (San Bernardino, south)",103,reverse,56
702,"San Andreas (San Bernardino, south)",104,reverse,54
702,"San Andreas (San Bernardino, south)",105,reverse,21
702,"San Andreas (San Bernardino, south)",106,reverse,34
702,"San Andreas (San Bernardino, south)",107,reverse,13
702,"San Andreas (San Bernardino, south)",108,reverse,21
702,"San Andreas (San Bernardino, south)",109,reverse,35
702,"San Andreas (San Bernardino, south)",110,reverse oblique,19
702,"San Andreas (San Bernardino, south)",111,reverse oblique,20
702,"San Andreas (San Bernardino, south)",112,reverse oblique,23
702,"San Andreas (San Bernardino, south)",113,reverse oblique,17
702,"San Andreas (San Bernardino, south)",114,reverse oblique,30
702,"San Andreas (San Bernardino, south)",115,reverse oblique,39
702,"San Andreas (San Bernardino, south)",116,reverse oblique,14
702,"San Andreas (San Bernardino, south)",117,reverse oblique,21
702,"San Andreas (San Bernardino, south)",118,reverse oblique,34
702,"San Andreas (San Bernardino, south)",119,reverse oblique,14
702,"San Andreas (San Bernardino, south)",120,reverse oblique,38
702,"San Andreas (San Bernardino, south)",121,reverse oblique,4
702,"San Andreas (San Bernardino, south)",122,reverse oblique,33
702,"San Andreas (San Bernardino, south)",123,reverse oblique,20
702,"San Andreas (San Bernardino, south)",124,reverse oblique,23
702,"San Andreas (San Bernardino, south)",125,reverse oblique,35
702,"San Andreas (San Bernardino, south)",126,reverse oblique,22
702,"San Andreas (San Bernardino, south)",127,reverse oblique,17
702,"San Andreas (San Bernardino, south)",128,reverse oblique,35
702,"San Andreas (San Bernardino, south)",129,reverse oblique,13
702,"San Andreas (San Bernardino, south)",130,reverse oblique,43
702,"San Andreas (San Bernardino, south)",131,reverse oblique,25
702,"San Andreas (San Bernardino, south)",132,reverse oblique,32
702,"San Andreas (San Bernardino, south)",133,reverse oblique,20
702,"San Andreas (San Bernardino, south)",134,reverse oblique,51
702,"San Andreas (San Bernardino, south)",135,reverse oblique,19
702,"San Andreas (San Bernardino, south)",136,reverse oblique,42
702,"San Andreas (San Bernardino, south)",137,reverse oblique,47
702,"San Andreas (San Bernardino, south)",138,reverse oblique,48
702,"San Andreas (San Bernardino, south)",139,reverse oblique,28
702,"San Andreas (San Bernardino, south)",140,reverse oblique,47
702,"San Andreas (San Bernardino, south)",141,reverse oblique,44
702,"San Andreas (San Bernardino, south)",142,reverse oblique,63
702,"San Andreas (San Bernardino, south)",143,reverse oblique,41
702,"San Andreas (San Bernardino, south)",144,reverse oblique,58
702,"San Andreas (San Bernardino, south)",145,reverse oblique,65
702,"San Andreas (San Bernardino, south)",146,reverse oblique,34
702,"San Andreas (San Bernardino, south)",147,reverse oblique,66
702,"San Andreas (San Bernardino, south)",148,reverse oblique,58
702,"San Andreas (San Bernardino, south)",149,reverse oblique,47
702,"San Andreas (San Bernardino, south)",150,reverse oblique,69
702,"San Andreas (San Bernardino, south)",151,reverse oblique,44
702,"San Andreas (San Bernardino, south)",152,reverse oblique,126
702,"San Andreas (San Bernardino, south)",153,reverse oblique,21
702,"San Andreas (San Bernardino, south)",154,reverse oblique,118
702,"San Andreas (San Bernardino, south)",155,reverse oblique,44
702,"San Andreas (San Bernardino, south)",156,reverse oblique,71
702,"San Andreas (San Bernardino, south)",157,reverse oblique,112
702,"San Andreas (San Bernardino, south)",158,reverse oblique,57
702,"San Andreas (San Bernardino, south)",159,reverse oblique,38
702,"San Andreas (San Bernardino, south)",160,strike-slip,49
702,"San Andreas (San Bernardino, south)",161,strike-slip,30
702,"San Andreas (San Bernardino, south)",162,strike-slip,71
702,"San Andreas (San Bernardino, south)",163,strike-slip,85
702,"San Andreas (San Bernardino, south)",164,strike-slip,75
702,"San Andreas (San Bernardino, south)",165,strike-slip,50
702,"San Andreas (San Bernardino, south)",166,strike-slip,89
702,"San Andreas (San Bernardino, south)",167,strike-slip,131
702,"San Andreas (San Bernardino, south)",168,strike-slip,178
702,"San Andreas (San Bernardino, south)",169,strike-slip,199
702,"San Andreas (San Bernardino, south)",170,strike-slip,452
702,"San Andreas (San Bernardino, south)",171,strike-slip,537
702,"San Andreas (San Bernardino, south)",172,strike-slip,1213
702,"San Andreas (San Bernardino, south)",173,strike-slip,2394
702,"San Andreas (San Bernardino, south)",174,strike-slip,4452
702,"San Andreas (San Bernardino, south)",175,strike-slip,1814
702,"San Andreas (San Bernardino, south)",176,strike-slip,2100
702,"San Andreas (San Bernardino, south)",177,strike-slip,2904
702,"San Andreas (San Bernardino, south)",178,strike-slip,3146
702,"San Andreas (San Bernardino, south)",179,strike-slip,14080
702,"San Andreas (San Bernardino, south)",180,strike-slip,66718
703,"San Andreas (San Bernardino, north)",0,strike-slip,875
703,"San Andreas (San Bernardino, north)",79,reverse,2
703,"San Andreas (San Bernardino, north)",81,reverse,2
703,"San Andreas (San Bernardino, north)",82,reverse,5
703,"San Andreas (San Bernardino, north)",85,reverse,9
703,"San Andreas (San Bernardino, north)",86,reverse,5
703,"San Andreas (San Bernardino, north)",87,reverse,2
703,"San Andreas (San Bernardino, north)",88,reverse,23
703,"San Andreas (San Bernardino, north)",89,reverse,7
703,"San Andreas (San Bernardino, north)",90,reverse,18
703,"San Andreas (San Bernardino, north)",91,reverse,15
703,"San Andreas (San Bernardino, north)",92,reverse,20
703,"San Andreas (San Bernardino, north)",93,reverse,36
703,"San Andreas (San Bernardino, north)",94,reverse,49
703,"San Andreas (San Bernardino, north)",95,reverse,47
703,"San Andreas (San Bernardino, north)",96,reverse,66
703,"San Andreas (San Bernardino, north)",97,reverse,55
703,"San Andreas (San Bernardino, north)",98,reverse,44
703,"San Andreas (San Bernardino, north)",99,reverse,52
703,"San Andreas (San Bernardino, north)",100,reverse,79
703,"San Andreas (San Bernardino, north)",101,reverse,62
703,"San Andreas (San Bernardino, north)",102,reverse,86
703,"San Andreas (San Bernardino, north)",103,reverse,76
703,"San Andreas (San Bernardino, north)",104,reverse,63
703,"San Andreas (San Bernardino, north)",105,reverse,34
703,"San Andreas (San Bernardino, north)",106,reverse,55
703,"San Andreas (San Bernardino, north)",107,reverse,34
703,"San Andreas (San Bernardino, north)",108,reverse,30
703,"San Andreas (San Bernardino, north)",109,reverse,54
703,"San Andreas (San Bernardino, north)",110,reverse oblique,35
703,"San Andreas (San Bernardino, north)",111,reverse oblique,30
703,"San Andreas (San Bernardino, north)",112,reverse oblique,39
703,"San Andreas (San Bernardino, north)",113,reverse oblique,42
703,"San Andreas (San Bernardino, north)",114,reverse oblique,35
703,"San Andreas (San Bernardino, north)",115,reverse oblique,43
703,"San Andreas (San Bernardino, north)",116,reverse oblique,25
703,"San Andreas (San Bernardino, north)",117,reverse oblique,40
703,"San Andreas (San Bernardino, north)",118,reverse oblique,55
703,"San Andreas (San Bernardino, north)",119,reverse oblique,20
703,"San Andreas (San Bernardino, north)",120,reverse oblique,40
703,"San Andreas (San Bernardino, north)",121,reverse oblique,15
703,"San Andreas (San Bernardino, north)",122,reverse oblique,59
703,"San Andreas (San Bernardino, north)",123,reverse oblique,30
703,"San Andreas (San Bernardino, north)",124,reverse oblique,30
703,"San Andreas (San Bernardino, north)",125,reverse oblique,40
703,"San Andreas (San Bernardino, north)",126,reverse oblique,35
703,"San Andreas (San Bernardino, north)",127,reverse oblique,30
703,"San Andreas (San Bernardino, north)",128,reverse oblique,50
703,"San Andreas (San Bernardino, north)",129,reverse oblique,25
703,"San Andreas (San Bernardino, north)",130,reverse oblique,54
703,"San Andreas (San Bernardino, north)",131,reverse oblique,30
703,"San Andreas (San Bernardino, north)",132,reverse oblique,50
703,"San Andreas (San Bernardino, north)",133,reverse oblique,28
703,"San Andreas (San Bernardino, north)",134,reverse oblique,60
703,"San Andreas (San Bernardino, north)",135,reverse oblique,45
703,"San Andreas (San Bernardino, north)",136,reverse oblique,40
703,"San Andreas (San Bernardino, north)",137,reverse oblique,47
703,"San Andreas (San Bernardino, north)",138,reverse oblique,60
703,"San Andreas (San Bernardino, north)",139,reverse oblique,45
703,"San Andreas (San Bernardino, north)",140,reverse oblique,60
703,"San Andreas (San Bernardino, north)",141,reverse oblique,59
703,"San Andreas (San Bernardino, north)",142,reverse oblique,63
703,"San Andreas (San Bernardino, north)",143,reverse oblique,55
703,"San Andreas (San Bernardino, north)",144,reverse oblique,79
703,"San Andreas (San Bernardino, north)",145,reverse oblique,90
703,"San Andreas (San Bernardino, north)",146,reverse oblique,59
703,"San Andreas (San Bernardino, north)",147,reverse oblique,93
703,"San Andreas (San Bernardino, north)",148,reverse oblique,83
703,"San Andreas (San Bernardino, north)",149,reverse oblique,94
703,"San Andreas (San Bernardino, north)",150,reverse oblique,89
703,"San Andreas (San Bernardino, north)",151,reverse oblique,74
703,"San Andreas (San Bernardino, north)",152,reverse oblique,135
703,"San Andreas (San Bernardino, north)",153,reverse oblique,64
703,"San Andreas (San Bernardino, north)",154,reverse oblique,201
703,"San Andreas (San Bernardino, north)",155,reverse oblique,80
703,"San Andreas (San Bernardino, north)",156,reverse oblique,171
703,"San Andreas (San Bernardino, north)",157,reverse oblique,143
703,"San Andreas (San Bernardino, north)",158,reverse oblique,166
703,"San Andreas (San Bernardino, north)",159,reverse oblique,107
703,"San Andreas (San Bernardino, north)",160,strike-slip,154
703,"San Andreas (San Bernardino, north)",161,strike-slip,158
703,"San Andreas (San Bernardino, north)",162,strike-slip,191
703,"San Andreas (San Bernardino, north)",163,strike-slip,176
703,"San Andreas (San Bernardino, north)",164,strike-slip,273
703,"San Andreas (San Bernardino, north)",165,strike-slip,260
703,"San Andreas (San Bernardino, north)",166,strike-slip,406
703,"San Andreas (San Bernardino, north)",167,strike-slip,534
703,"San Andreas (San Bernardino, north)",168,strike-slip,730
703,"San Andreas (San Bernardino, north)",169,strike-slip,719
703,"San Andreas (San Bernardino, north)",170,strike-slip,1287
703,"San Andreas (San Bernardino, north)",171,strike-slip,1389
703,"San Andreas (San Bernardino, north)",172,strike-slip,3432
703,"San Andreas (San Bernardino, north)",173,strike-slip,6111
703,"San Andreas (San Bernardino, north)",174,strike-slip,9638
703,"San Andreas (San Bernardino, north)",175,strike-slip,5356
703,"San Andreas (San Bernardino, north)",176,strike-slip,5123
703,"San Andreas (San Bernardino, north)",177,strike-slip,7214
703,"San Andreas (San Bernardino, north)",178,strike-slip,7419
703,"San Andreas (San Bernardino, north)",179,strike-slip,35013
703,"San Andreas (San Bernardino, north)",180,strike-slip,153570
704,"San Andreas (Mojave, south)",0,strike-slip,6750
704,"San Andreas (Mojave, south)",134,reverse oblique,4
704,"San Andreas (Mojave, south)",137,reverse oblique,3
704,"San Andreas (Mojave, south)",138,reverse oblique,3
704,"San Andreas (Mojave, south)",140,reverse oblique,8
704,"San Andreas (Mojave, south)",141,reverse oblique,2
704,"San Andreas (Mojave, south)",142,reverse oblique,5
704,"San Andreas (Mojave, south)",143,reverse oblique,5
704,"San Andreas (Mojave, south)",144,reverse oblique,3
704,"San Andreas (Mojave, south)",145,reverse oblique,12
704,"San Andreas (Mojave, south)",146,reverse oblique,4
704,"San Andreas (Mojave, south)",147,reverse oblique,14
704,"San Andreas (Mojave, south)",148,reverse oblique,4
704,"San Andreas (Mojave, south)",149,reverse oblique,21
704,"San Andreas (Mojave, south)",150,reverse oblique,14
704,"San Andreas (Mojave, south)",151,reverse oblique,18
704,"San Andreas (Mojave, south)",152,reverse oblique,27
704,"San Andreas (Mojave, south)",153,reverse oblique,20
704,"San Andreas (Mojave, south)",154,reverse oblique,47
704,"San Andreas (Mojave, south)",155,reverse oblique,18
704,"San Andreas (Mojave, south)",156,reverse oblique,75
704,"San Andreas (Mojave, south)",157,reverse oblique,62
704,"San Andreas (Mojave, south)",158,reverse oblique,89
704,"San Andreas (Mojave, south)",159,reverse oblique,74
704,"San Andreas (Mojave, south)",160,strike-slip,108
704,"San Andreas (Mojave, south)",161,strike-slip,121
704,"San Andreas (Mojave, south)",162,strike-slip,215
704,"San Andreas (Mojave, south)",163,strike-slip,174
704,"San Andreas (Mojave, south)",164,strike-slip,375
704,"San Andreas (Mojave, south)",165,strike-slip,345
704,"San Andreas (Mojave, south)",166,strike-slip,650
704,"San Andreas (Mojave, south)",167,strike-slip,934
704,"San Andreas (Mojave, south)",168,strike-slip,1726
704,"San Andreas (Mojave, south)",169,strike-slip,2564
704,"San Andreas (Mojave, south)",170,strike-slip,5182
704,"San Andreas (Mojave, south)",171,strike-slip,6935
704,"San Andreas (Mojave, south)",172,strike-slip,15096
704,"San Andreas (Mojave, south)",173,strike-slip,21085
704,"San Andreas (Mojave, south)",174,strike-slip,32972
704,"San Andreas (Mojave, south)",175,strike-slip,20325
704,"San Andreas (Mojave, south)",176,strike-slip,21862
704,"San Andreas (Mojave, south)",177,strike-slip,29060
704,"San Andreas (Mojave, south)",178,strike-slip,31647
704,"San Andreas (Mojave, south)",179,strike-slip,141302
704,"San Andreas (Mojave, south)",180,strike-slip,564898
705,"San Andreas (Mojave, north)",0,strike-slip,3763
705,"San Andreas (Mojave, north)",106,reverse,2
705,"San Andreas (Mojave, north)",107,reverse,2
705,"San Andreas (Mojave, north)",111,reverse oblique,2
705,"San Andreas (Mojave, north)",113,reverse oblique,3
705,"San Andreas (Mojave, north)",114,reverse oblique,3
705,"San Andreas (Mojave, north)",117,reverse oblique,2
705,"San Andreas (Mojave, north)",119,reverse oblique,3
705,"San Andreas (Mojave, north)",120,reverse oblique,4
705,"San Andreas (Mojave, north)",121,reverse oblique,4
705,"San Andreas (Mojave, north)",122,reverse oblique,1
705,"San Andreas (Mojave, north)",123,reverse oblique,2
705,"San Andreas (Mojave, north)",125,reverse oblique,3
705,"San Andreas (Mojave, north)",126,reverse oblique,8
705,"San Andreas (Mojave, north)",127,reverse oblique,16
705,"San Andreas (Mojave, north)",128,reverse oblique,2
705,"San Andreas (Mojave, north)",129,reverse oblique,3
705,"San Andreas (Mojave, north)",130,reverse oblique,1
705,"San Andreas (Mojave, north)",132,reverse oblique,2
705,"San Andreas (Mojave, north)",133,reverse oblique,9
705,"San Andreas (Mojave, north)",134,reverse oblique,13
705,"San Andreas (Mojave, north)",135,reverse oblique,8
705,"San Andreas (Mojave, north)",137,reverse oblique,9
705,"San Andreas (Mojave, north)",138,reverse oblique,17
705,"San Andreas (Mojave, north)",139,reverse oblique,4
705,"San Andreas (Mojave, north)",140,reverse oblique,12
705,"San Andreas (Mojave, north)",141,reverse oblique,13
705,"San Andreas (Mojave, north)",142,reverse oblique,17
705,"San Andreas (Mojave, north)",143,reverse oblique,10
705,"San Andreas (Mojave, north)",144,reverse oblique,6
705,"San Andreas (Mojave, north)",145,reverse oblique,17
705,"San Andreas (Mojave, north)",146,reverse oblique,21
705,"San Andreas (Mojave, north)",147,reverse oblique,15
705,"San Andreas (Mojave, north)",148,reverse oblique,14
705,"San Andreas (Mojave, north)",149,reverse oblique,34
705,"San Andreas (Mojave, north)",150,reverse oblique,15
705,"San Andreas (Mojave, north)",151,reverse oblique,21
705,"San Andreas (Mojave, north)",152,reverse oblique,35
705,"San Andreas (Mojave, north)",153,reverse oblique,25
705,"San Andreas (Mojave, north)",154,reverse oblique,55
705,"San Andreas (Mojave, north)",155,reverse oblique,12
705,"San Andreas (Mojave, north)",156,reverse oblique,63
705,"San Andreas (Mojave, north)",157,reverse oblique,56
705,"San Andreas (Mojave, north)",158,reverse oblique,66
705,"San Andreas (Mojave, north)",159,reverse oblique,63
705,"San Andreas (Mojave, north)",160,strike-slip,82
705,"San Andreas (Mojave, north)",161,strike-slip,87
705,"San Andreas (Mojave, north)",162,strike-slip,130
705,"San Andreas (Mojave, north)",163,strike-slip,116
705,"San Andreas (Mojave, north)",164,strike-slip,206
705,"San Andreas (Mojave, north)",165,strike-slip,179
705,"San Andreas (Mojave, north)",166,strike-slip,421
705,"San Andreas (Mojave, north)",167,strike-slip,607
705,"San Andreas (Mojave, north)",168,strike-slip,1062
705,"San Andreas (Mojave, north)",169,strike-slip,1459
705,"San Andreas (Mojave, north)",170,strike-slip,2834
705,"San Andreas (Mojave, north)",171,strike-slip,3486
705,"San Andreas (Mojave, north)",172,strike-slip,6740
705,"San Andreas (Mojave, north)",173,strike-slip,8997
705,"San Andreas (Mojave, north)",174,strike-slip,13060
705,"San Andreas (Mojave, north)",175,strike-slip,8670
705,"San Andreas (Mojave, north)",176,strike-slip,10152
705,"San Andreas (Mojave, north)",177,strike-slip,12216
705,"San Andreas (Mojave, north)",178,strike-slip,14045
705,"San Andreas (Mojave, north)",179,strike-slip,53045
705,"San Andreas (Mojave, north)",180,strike-slip,197778
706,San Andreas (Big Bend),88,reverse,10
706,San Andreas (Big Bend),89,reverse,2
706,San Andreas (Big Bend),106,reverse,4
706,San Andreas (Big Bend),110,reverse oblique,2
706,San Andreas (Big Bend),113,reverse oblique,2
706,San Andreas (Big Bend),115,reverse oblique,2
706,San Andreas (Big Bend),118,reverse oblique,3
706,San Andreas (Big Bend),120,reverse oblique,2
706,San Andreas (Big Bend),123,reverse oblique,2
706,San Andreas (Big Bend),125,reverse oblique,6
706,San Andreas (Big Bend),126,reverse oblique,11
706,San Andreas (Big Bend),127,reverse oblique,2
706,San Andreas (Big Bend),129,reverse oblique,2
706,San Andreas (Big Bend),132,reverse oblique,5
706,San Andreas (Big Bend),133,reverse oblique,2
706,San Andreas (Big Bend),134,reverse oblique,8
706,San Andreas (Big Bend),135,reverse oblique,2
706,San Andreas (Big Bend),137,reverse oblique,10
706,San Andreas (Big Bend),138,reverse oblique,13
706,San Andreas (Big Bend),139,reverse oblique,2
706,San Andreas (Big Bend),140,reverse oblique,2
706,San Andreas (Big Bend),141,reverse oblique,2
706,San Andreas (Big Bend),142,reverse oblique,15
706,San Andreas (Big Bend),143,reverse oblique,2
706,San Andreas (Big Bend),145,reverse oblique,14
706,San Andreas (Big Bend),146,reverse oblique,19
706,San Andreas (Big Bend),147,reverse oblique,8
706,San Andreas (Big Bend),148,reverse oblique,4
706,San Andreas (Big Bend),149,reverse oblique,22
706,San Andreas (Big Bend),150,reverse oblique,11
706,San Andreas (Big Bend),151,reverse oblique,6
706,San Andreas (Big Bend),152,reverse oblique,23
706,San Andreas (Big Bend),153,reverse oblique,14
706,San Andreas (Big Bend),154,reverse oblique,35
706,San Andreas (Big Bend),155,reverse oblique,6
706,San Andreas (Big Bend),156,reverse oblique,43
706,San Andreas (Big Bend),157,reverse oblique,34
706,San Andreas (Big Bend),158,reverse oblique,37
706,San Andreas (Big Bend),159,reverse oblique,49
706,San Andreas (Big Bend),160,strike-slip,73
706,San Andreas (Big Bend),161,strike-slip,82
706,San Andreas (Big Bend),162,strike-slip,132
706,San Andreas (Big Bend),163,strike-slip,175
706,San Andreas (Big Bend),164,strike-slip,253
706,San Andreas (Big Bend),165,strike-slip,334
706,San Andreas (Big Bend),166,strike-slip,624
706,San Andreas (Big Bend),167,strike-slip,853
706,San Andreas (Big Bend),168,strike-slip,1563
706,San Andreas (Big Bend),169,strike-slip,2049
706,San Andreas (Big Bend),170,strike-slip,3820
706,San Andreas (Big Bend),171,strike-slip,4709
706,San Andreas (Big Bend),172,strike-slip,9074
706,San Andreas (Big Bend),173,strike-slip,11871
706,San Andreas (Big Bend),174,strike-slip,17184
706,San Andreas (Big Bend),175,strike-slip,12955
706,San Andreas (Big Bend),176,strike-slip,17220
706,San Andreas (Big Bend),177,strike-slip,20499
706,San Andreas (Big Bend),178,strike-slip,25774
706,San Andreas (Big Bend),179,strike-slip,79365
706,San Andreas (Big Bend),180,strike-slip,277236
707,San Andreas (Carrizo),118,reverse oblique,2
707,San Andreas (Carrizo),126,reverse oblique,2
707,San Andreas (Carrizo),131,reverse oblique,4
707,San Andreas (Carrizo),136,reverse oblique,2
707,San Andreas (Carrizo),137,reverse oblique,2
707,San Andreas (Carrizo),138,reverse oblique,2
707,San Andreas (Carrizo),139,reverse oblique,2
707,San Andreas (Carrizo),140,reverse oblique,2
707,San Andreas (Carrizo),142,reverse oblique,8
707,San Andreas (Carrizo),144,reverse oblique,4
707,San Andreas (Carrizo),146,reverse oblique,8
707,San Andreas (Carrizo),147,reverse oblique,2
707,San Andreas (Carrizo),148,reverse oblique,2
707,San Andreas (Carrizo),149,reverse oblique,12
707,San Andreas (Carrizo),150,reverse oblique,9
707,San Andreas (Carrizo),151,reverse oblique,2
707,San Andreas (Carrizo),152,reverse oblique,17
707,San Andreas (Carrizo),153,reverse oblique,7
707,San Andreas (Carrizo),154,reverse oblique,29
707,San Andreas (Carrizo),155,reverse oblique,14
707,San Andreas (Carrizo),156,reverse oblique,60
707,San Andreas (Carrizo),157,reverse oblique,76
707,San Andreas (Carrizo),158,reverse oblique,101
707,San Andreas (Carrizo),159,reverse oblique,136
707,San Andreas (Carrizo),160,strike-slip,215
707,San Andreas (Carrizo),161,strike-slip,238
707,San Andreas (Carrizo),162,strike-slip,359
707,San Andreas (Carrizo),163,strike-slip,404
707,San Andreas (Carrizo),164,strike-slip,639
707,San Andreas (Carrizo),165,strike-slip,805
707,San Andreas (Carrizo),166,strike-slip,1460
707,San Andreas (Carrizo),167,strike-slip,1770
707,San Andreas (Carrizo),168,strike-slip,2958
707,San Andreas (Carrizo),169,strike-slip,3722
707,San Andreas (Carrizo),170,strike-slip,6446
707,San Andreas (Carrizo),171,strike-slip,7477
707,San Andreas (Carrizo),172,strike-slip,13720
707,San Andreas (Carrizo),173,strike-slip,16885
707,San Andreas (Carrizo),174,strike-slip,25692
707,San Andreas (Carrizo),175,strike-slip,19413
707,San Andreas (Carrizo),176,strike-slip,24899
707,San Andreas (Carrizo),177,strike-slip,26663
707,San Andreas (Carrizo),178,strike-slip,36896
707,San Andreas (Carrizo),179,strike-slip,94914
707,San Andreas (Carrizo),180,strike-slip,327074
708,San Andreas (Cholame),131,reverse oblique,2
708,San Andreas (Cholame),136,reverse oblique,3
708,San Andreas (Cholame),139,reverse oblique,2
708,San Andreas (Cholame),140,reverse oblique,4
708,San Andreas (Cholame),144,reverse oblique,8
708,San Andreas (Cholame),147,reverse oblique,6
708,San Andreas (Cholame),148,reverse oblique,4
708,San Andreas (Cholame),149,reverse oblique,12
708,San Andreas (Cholame),150,reverse oblique,22
708,San Andreas (Cholame),151,reverse oblique,34
708,San Andreas (Cholame),152,reverse oblique,85
708,San Andreas (Cholame),153,reverse oblique,100
708,San Andreas (Cholame),154,reverse oblique,158
708,San Andreas (Cholame),155,reverse oblique,169
708,San Andreas (Cholame),156,reverse oblique,283
708,San Andreas (Cholame),157,reverse oblique,331
708,San Andreas (Cholame),158,reverse oblique,469
708,San Andreas (Cholame),159,reverse oblique,522
708,San Andreas (Cholame),160,strike-slip,812
708,San Andreas (Cholame),161,strike-slip,876
708,San Andreas (Cholame),162,strike-slip,1288
708,San Andreas (Cholame),163,strike-slip,1273
708,San Andreas (Cholame),164,strike-slip,1910
708,San Andreas (Cholame),165,strike-slip,1996
708,San Andreas (Cholame),166,strike-slip,3188
708,San Andreas (Cholame),167,strike-slip,3467
708,San Andreas (Cholame),168,strike-slip,5471
708,San Andreas (Cholame),169,strike-slip,6625
708,San Andreas (Cholame),170,strike-slip,10862
708,San Andreas (Cholame),171,strike-slip,12291
708,San Andreas (Cholame),172,strike-slip,20907
708,San Andreas (Cholame),173,strike-slip,24588
708,San Andreas (Cholame),174,strike-slip,38277
708,San Andreas (Cholame),175,strike-slip,30712
708,San Andreas (Cholame),176,strike-slip,41279
708,San Andreas (Cholame),177,strike-slip,44924
708,San Andreas (Cholame),178,strike-slip,62682
708,San Andreas (Cholame),179,strike-slip,136499
708,San Andreas (Cholame),180,strike-slip,469514
709,San Andreas (Parkfield),147,reverse oblique,20
709,San Andreas (Parkfield),148,reverse oblique,59
709,San Andreas (Parkfield),149,reverse oblique,76
709,San Andreas (Parkfield),150,reverse oblique,138
709,San Andreas (Parkfield),151,reverse oblique,138
709,San Andreas (Parkfield),152,reverse oblique,235
709,San Andreas (Parkfield),153,reverse oblique,224
709,San Andreas (Parkfield),154,reverse oblique,324
709,San Andreas (Parkfield),155,reverse oblique,370
709,San Andreas (Parkfield),156,reverse oblique,611
709,San Andreas (Parkfield),157,reverse oblique,704
709,San Andreas (Parkfield),158,reverse oblique,974
709,San Andreas (Parkfield),159,reverse oblique,1104
709,San Andreas (Parkfield),160,strike-slip,1609
709,San Andreas (Parkfield),161,strike-slip,1555
709,San Andreas (Parkfield),162,strike-slip,2096
709,San Andreas (Parkfield),163,strike-slip,2015
709,San Andreas (Parkfield),164,strike-slip,2719
709,San Andreas (Parkfield),165,strike-slip,2579
709,San Andreas (Parkfield),166,strike-slip,3941
709,San Andreas (Parkfield),167,strike-slip,4010
709,San Andreas (Parkfield),168,strike-slip,6206
709,San Andreas (Parkfield),169,strike-slip,6922
709,San Andreas (Parkfield),170,strike-slip,10649
709,San Andreas (Parkfield),171,strike-slip,10924
709,San Andreas (Parkfield),172,strike-slip,17119
709,San Andreas (Parkfield),173,strike-slip,19228
709,San Andreas (Parkfield),174,strike-slip,30737
709,San Andreas (Parkfield),175,strike-slip,26414
709,San Andreas (Parkfield),176,strike-slip,37796
709,San Andreas (Parkfield),177,strike-slip,39825
709,San Andreas (Parkfield),178,strike-slip,57693
709,San Andreas (Parkfield),179,strike-slip,104504
709,San Andreas (Parkfield),180,strike-slip,380038
710,San Andreas (Creeping),144,reverse oblique,2
710,San Andreas (Creeping),145,reverse oblique,14
710,San Andreas (Creeping),146,reverse oblique,197
710,San Andreas (Creeping),147,reverse oblique,454
710,San Andreas (Creeping),148,reverse oblique,803
710,San Andreas (Creeping),149,reverse oblique,774
710,San Andreas (Creeping),150,reverse oblique,1171
710,San Andreas (Creeping),151,reverse oblique,1015
710,San Andreas (Creeping),152,reverse oblique,1410
710,San Andreas (Creeping),153,reverse oblique,1484
710,San Andreas (Creeping),154,reverse oblique,2499
710,San Andreas (Creeping),155,reverse oblique,2489
710,San Andreas (Creeping),156,reverse oblique,3745
710,San Andreas (Creeping),157,reverse oblique,3835
710,San Andreas (Creeping),158,reverse oblique,5082
710,San Andreas (Creeping),159,reverse oblique,4969
710,San Andreas (Creeping),160,strike-slip,6492
710,San Andreas (Creeping),161,strike-slip,5748
710,San Andreas (Creeping),162,strike-slip,8012
710,San Andreas (Creeping),163,strike-slip,7390
710,San Andreas (Creeping),164,strike-slip,9759
710,San Andreas (Creeping),165,strike-slip,9199
710,San Andreas (Creeping),166,strike-slip,14264
710,San Andreas (Creeping),167,strike-slip,14617
710,San Andreas (Creeping),168,strike-slip,21335
710,San Andreas (Creeping),169,strike-slip,20843
710,San Andreas (Creeping),170,strike-slip,32246
710,San Andreas (Creeping),171,strike-slip,31108
710,San Andreas (Creeping),172,strike-slip,45822
710,San Andreas (Creeping),173,strike-slip,49837
710,San Andreas (Creeping),174,strike-slip,79352
710,San Andreas (Creeping),175,strike-slip,78547
710,San Andreas (Creeping),176,strike-slip,118682
710,San Andreas (Creeping),177,strike-slip,123906
710,San Andreas (Creeping),178,strike-slip,178029
710,San Andreas (Creeping),179,strike-slip,285051
710,San Andreas (Creeping),180,strike-slip,873931
711,San Andreas (Santa Cruz Mountains),117,reverse oblique,2
711,San Andreas (Santa Cruz Mountains),121,reverse oblique,2
711,San Andreas (Santa Cruz Mountains),124,reverse oblique,3
711,San Andreas (Santa Cruz Mountains),127,reverse oblique,4
711,San Andreas (Santa Cruz Mountains),128,reverse oblique,3
711,San Andreas (Santa Cruz Mountains),129,reverse oblique,6
711,San Andreas (Santa Cruz Mountains),132,reverse oblique,4
711,San Andreas (Santa Cruz Mountains),133,reverse oblique,5
711,San Andreas (Santa Cruz Mountains),134,reverse oblique,16
711,San Andreas (Santa Cruz Mountains),135,reverse oblique,5
711,San Andreas (Santa Cruz Mountains),136,reverse oblique,9
711,San Andreas (Santa Cruz Mountains),137,reverse oblique,12
711,San Andreas (Santa Cruz Mountains),138,reverse oblique,21
711,San Andreas (Santa Cruz Mountains),139,reverse oblique,17
711,San Andreas (Santa Cruz Mountains),140,reverse oblique,25
711,San Andreas (Santa Cruz Mountains),141,reverse oblique,28
711,San Andreas (Santa Cruz Mountains),142,reverse oblique,35
711,San Andreas (Santa Cruz Mountains),143,reverse oblique,44
711,San Andreas (Santa Cruz Mountains),144,reverse oblique,65
711,San Andreas (Santa Cruz Mountains),145,reverse oblique,75
711,San Andreas (Santa Cruz Mountains),146,reverse oblique,107
711,San Andreas (Santa Cruz Mountains),147,reverse oblique,129
711,San Andreas (Santa Cruz Mountains),148,reverse oblique,320
711,San Andreas (Santa Cruz Mountains),149,reverse oblique,290
711,San Andreas (Santa Cruz Mountains),150,reverse oblique,424
711,San Andreas (Santa Cruz Mountains),151,reverse oblique,375
711,San Andreas (Santa Cruz Mountains),152,reverse oblique,554
711,San Andreas (Santa Cruz Mountains),153,reverse oblique,545
711,San Andreas (Santa Cruz Mountains),154,reverse oblique,828
711,San Andreas (Santa Cruz Mountains),155,reverse oblique,861
711,San Andreas (Santa Cruz Mountains),156,reverse oblique,1189
711,San Andreas (Santa Cruz Mountains),157,reverse oblique,1189
711,San Andreas (Santa Cruz Mountains),158,reverse oblique,1534
711,San Andreas (Santa Cruz Mountains),159,reverse oblique,1518
711,San Andreas (Santa Cruz Mountains),160,strike-slip,1853
711,San Andreas (Santa Cruz Mountains),161,strike-slip,1623
711,San Andreas (Santa Cruz Mountains),162,strike-slip,2264
711,San Andreas (Santa Cruz Mountains),163,strike-slip,2098
711,San Andreas (Santa Cruz Mountains),164,strike-slip,2765
711,San Andreas (Santa Cruz Mountains),165,strike-slip,2698
711,San Andreas (Santa Cruz Mountains),166,strike-slip,4117
711,San Andreas (Santa Cruz Mountains),167,strike-slip,4130
711,San Andreas (Santa Cruz Mountains),168,strike-slip,5632
711,San Andreas (Santa Cruz Mountains),169,strike-slip,5001
711,San Andreas (Santa Cruz Mountains),170,strike-slip,7438
711,San Andreas (Santa Cruz Mountains),171,strike-slip,7600
711,San Andreas (Santa Cruz Mountains),172,strike-slip,12514
711,San Andreas (Santa Cruz Mountains),173,strike-slip,14242
711,San Andreas (Santa Cruz Mountains),174,strike-slip,24974
711,San Andreas (Santa Cruz Mountains),175,strike-slip,33268
711,San Andreas (Santa Cruz Mountains),176,strike-slip,53485
711,San Andreas (Santa Cruz Mountains),177,strike-slip,56813
711,San Andreas (Santa Cruz Mountains),178,strike-slip,78735
711,San Andreas (Santa Cruz Mountains),179,strike-slip,112351
711,San Andreas (Santa Cruz Mountains),180,strike-slip,279005
712,San Andreas (Peninsula),100,reverse,4
712,San Andreas (Peninsula),101,reverse,2
712,San Andreas (Peninsula),102,reverse,2
712,San Andreas (Peninsula),103,reverse,2
712,San Andreas (Peninsula),104,reverse,2
712,San Andreas (Peninsula),105,reverse,5
712,San Andreas (Peninsula),106,reverse,10
712,San Andreas (Peninsula),107,reverse,3
712,San Andreas (Peninsula),108,reverse,4
712,San Andreas (Peninsula),109,reverse,7
712,San Andreas (Peninsula),110,reverse oblique,15
712,San Andreas (Peninsula),111,reverse oblique,4
712,San Andreas (Peninsula),112,reverse oblique,5
712,San Andreas (Peninsula),113,reverse oblique,7
712,San Andreas (Peninsula),114,reverse oblique,16
712,San Andreas (Peninsula),115,reverse oblique,5
712,San Andreas (Peninsula),116,reverse oblique,18
712,San Andreas (Peninsula),117,reverse oblique,2
712,San Andreas (Peninsula),118,reverse oblique,20
712,San Andreas (Peninsula),119,reverse oblique,23
712,San Andreas (Peninsula),120,reverse oblique,12
712,San Andreas (Peninsula),121,reverse oblique,21
712,San Andreas (Peninsula),122,reverse oblique,12
712,San Andreas (Peninsula),123,reverse oblique,22
712,San Andreas (Peninsula),124,reverse oblique,19
712,San Andreas (Peninsula),125,reverse oblique,42
712,San Andreas (Peninsula),126,reverse oblique,87
712,San Andreas (Peninsula),127,reverse oblique,6
712,San Andreas (Peninsula),128,reverse oblique,73
712,San Andreas (Peninsula),129,reverse oblique,57
712,San Andreas (Peninsula),130,reverse oblique,88
712,San Andreas (Peninsula),131,reverse oblique,71
712,San Andreas (Peninsula),132,reverse oblique,45
712,San Andreas (Peninsula),133,reverse oblique,88
712,San Andreas (Peninsula),134,reverse oblique,115
712,San Andreas (Peninsula),135,reverse oblique,51
712,San Andreas (Peninsula),136,reverse oblique,105
712,San Andreas (Peninsula),137,reverse oblique,65
712,San Andreas (Peninsula),138,reverse oblique,152
712,San Andreas (Peninsula),139,reverse oblique,88
712,San Andreas (Peninsula),140,reverse oblique,145
712,San Andreas (Peninsula),141,reverse oblique,156
712,San Andreas (Peninsula),142,reverse oblique,158
712,San Andreas (Peninsula),143,reverse oblique,247
712,San Andreas (Peninsula),144,reverse oblique,229
712,San Andreas (Peninsula),145,reverse oblique,298
712,San Andreas (Peninsula),146,reverse oblique,339
712,San Andreas (Peninsula),147,reverse oblique,255
712,San Andreas (Peninsula),148,reverse oblique,507
712,San Andreas (Peninsula),149,reverse oblique,336
712,San Andreas (Peninsula),150,reverse oblique,438
712,San Andreas (Peninsula),151,reverse oblique,431
712,San Andreas (Peninsula),152,reverse oblique,598
712,San Andreas (Peninsula),153,reverse oblique,468
712,San Andreas (Peninsula),154,reverse oblique,823
712,San Andreas (Peninsula),155,reverse oblique,701
712,San Andreas (Peninsula),156,reverse oblique,1089
712,San Andreas (Peninsula),157,reverse oblique,999
712,San Andreas (Peninsula),158,reverse oblique,1409
712,San Andreas (Peninsula),159,reverse oblique,1355
712,San Andreas (Peninsula),160,strike-slip,1600
712,San Andreas (Peninsula),161,strike-slip,1493
712,San Andreas (Peninsula),162,strike-slip,1834
712,San Andreas (Peninsula),163,strike-slip,1917
712,San Andreas (Peninsula),164,strike-slip,2225
712,San Andreas (Peninsula),165,strike-slip,2127
712,San Andreas (Peninsula),166,strike-slip,2840
712,San Andreas (Peninsula),167,strike-slip,2688
712,San Andreas (Peninsula),168,strike-slip,3778
712,San Andreas (Peninsula),169,strike-slip,3834
712,San Andreas (Peninsula),170,strike-slip,5573
712,San Andreas (Peninsula),171,strike-slip,5720
712,San Andreas (Peninsula),172,strike-slip,10308
712,San Andreas (Peninsula),173,strike-slip,12750
712,San Andreas (Peninsula),174,strike-slip,24186
712,San Andreas (Peninsula),175,strike-slip,34352
712,San Andreas (Peninsula),176,strike-slip,48688
712,San Andreas (Peninsula),177,strike-slip,51082
712,San Andreas (Peninsula),178,strike-slip,92666
712,San Andreas (Peninsula),179,strike-slip,162290
712,San Andreas (Peninsula),180,strike-slip,357915
713,San Andreas (North Coast),115,reverse oblique,2
713,San Andreas (North Coast),121,reverse oblique,2
713,San Andreas (North Coast),125,reverse oblique,3
713,San Andreas (North Coast),128,reverse oblique,2
713,San Andreas (North Coast),132,reverse oblique,3
713,San Andreas (North Coast),133,reverse oblique,4
713,San Andreas (North Coast),140,reverse oblique,14
713,San Andreas (North Coast),141,reverse oblique,2
713,San Andreas (North Coast),145,reverse oblique,8
713,San Andreas (North Coast),146,reverse oblique,7
713,San Andreas (North Coast),147,reverse oblique,3
713,San Andreas (North Coast),148,reverse oblique,6
713,San Andreas (North Coast),149,reverse oblique,7
713,San Andreas (North Coast),150,reverse oblique,3
713,San Andreas (North Coast),151,reverse oblique,15
713,San Andreas (North Coast),152,reverse oblique,23
713,San Andreas (North Coast),153,reverse oblique,19
713,San Andreas (North Coast),154,reverse oblique,17
713,San Andreas (North Coast),155,reverse oblique,33
713,San Andreas (North Coast),156,reverse oblique,46
713,San Andreas (North Coast),157,reverse oblique,60
713,San Andreas (North Coast),158,reverse oblique,70
713,San Andreas (North Coast),159,reverse oblique,84
713,San Andreas (North Coast),160,strike-slip,133
713,San Andreas (North Coast),161,strike-slip,136
713,San Andreas (North Coast),162,strike-slip,227
713,San Andreas (North Coast),163,strike-slip,356
713,San Andreas (North Coast),164,strike-slip,955
713,San Andreas (North Coast),165,strike-slip,1408
713,San Andreas (North Coast),166,strike-slip,3201
713,San Andreas (North Coast),167,strike-slip,4391
713,San Andreas (North Coast),168,strike-slip,9185
713,San Andreas (North Coast),169,strike-slip,11362
713,San Andreas (North Coast),170,strike-slip,20929
713,San Andreas (North Coast),171,strike-slip,18727
713,San Andreas (North Coast),172,strike-slip,23899
713,San Andreas (North Coast),173,strike-slip,30526
713,San Andreas (North Coast),174,strike-slip,63312
713,San Andreas (North Coast),175,strike-slip,86045
713,San Andreas (North Coast),176,strike-slip,153359
713,San Andreas (North Coast),177,strike-slip,175990
713,San Andreas (North Coast),178,strike-slip,286793
713,San Andreas (North Coast),179,strike-slip,269816
713,San Andreas (North Coast),180,strike-slip,864677
714,San Andreas (Offshore),110,reverse oblique,4
714,San Andreas (Offshore),116,reverse oblique,4
714,San Andreas (Offshore),119,reverse oblique,6
714,San Andreas (Offshore),124,reverse oblique,2
714,San Andreas (Offshore),127,reverse oblique,14
714,San Andreas (Offshore),130,reverse oblique,2
714,San Andreas (Offshore),131,reverse oblique,6
714,San Andreas (Offshore),133,reverse oblique,5
714,San Andreas (Offshore),135,reverse oblique,6
714,San Andreas (Offshore),136,reverse oblique,10
714,San Andreas (Offshore),138,reverse oblique,12
714,San Andreas (Offshore),139,reverse oblique,5
714,San Andreas (Offshore),140,reverse oblique,10
714,San Andreas (Offshore),141,reverse oblique,10
714,San Andreas (Offshore),142,reverse oblique,9
714,San Andreas (Offshore),143,reverse oblique,6
714,San Andreas (Offshore),144,reverse oblique,12
714,San Andreas (Offshore),145,reverse oblique,8
714,San Andreas (Offshore),146,reverse oblique,28
714,San Andreas (Offshore),147,reverse oblique,8
714,San Andreas (Offshore),148,reverse oblique,21
714,San Andreas (Offshore),149,reverse oblique,13
714,San Andreas (Offshore),150,reverse oblique,33
714,San Andreas (Offshore),151,reverse oblique,18
714,San Andreas (Offshore),152,reverse oblique,35
714,San Andreas (Offshore),153,reverse oblique,35
714,San Andreas (Offshore),154,reverse oblique,37
714,San Andreas (Offshore),155,reverse oblique,39
714,San Andreas (Offshore),156,reverse oblique,66
714,San Andreas (Offshore),157,reverse oblique,45
714,San Andreas (Offshore),158,reverse oblique,66
714,San Andreas (Offshore),159,reverse oblique,55
714,San Andreas (Offshore),160,strike-slip,92
714,San Andreas (Offshore),161,strike-slip,106
714,San Andreas (Offshore),162,strike-slip,108
714,San Andreas (Offshore),163,strike-slip,150
714,San Andreas (Offshore),164,strike-slip,179
714,San Andreas (Offshore),165,strike-slip,195
714,San Andreas (Offshore),166,strike-slip,286
714,San Andreas (Offshore),167,strike-slip,266
714,San Andreas (Offshore),168,strike-slip,384
714,San Andreas (Offshore),169,strike-slip,772
714,San Andreas (Offshore),170,strike-slip,4341
714,San Andreas (Offshore),171,strike-slip,6596
714,San Andreas (Offshore),172,strike-slip,5498
714,San Andreas (Offshore),173,strike-slip,5205
714,San Andreas (Offshore),174,strike-slip,9481
714,San Andreas (Offshore),175,strike-slip,16685
714,San Andreas (Offshore),176,strike-slip,44825
714,San Andreas (Offshore),177,strike-slip,47729
714,San Andreas (Offshore),178,strike-slip,85568
714,San Andreas (Offshore),179,strike-slip,108252
714,San Andreas (Offshore),180,strike-slip,363345
800,San Jacinto (Superstition Mountain),136,reverse oblique,2
800,San Jacinto (Superstition Mountain),137,reverse oblique,9
800,San Jacinto (Superstition Mountain),138,reverse oblique,14
800,San Jacinto (Superstition Mountain),139,reverse oblique,16
800,San Jacinto (Superstition Mountain),140,reverse oblique,24
800,San Jacinto (Superstition Mountain),141,reverse oblique,24
800,San Jacinto (Superstition Mountain),142,reverse oblique,27
800,San Jacinto (Superstition Mountain),143,reverse oblique,6
800,San Jacinto (Superstition Mountain),144,reverse oblique,18
800,San Jacinto (Superstition Mountain),145,reverse oblique,5
800,San Jacinto (Superstition Mountain),151,reverse oblique,10
800,San Jacinto (Superstition Mountain),152,reverse oblique,31
800,San Jacinto (Superstition Mountain),153,reverse oblique,26
800,San Jacinto (Superstition Mountain),154,reverse oblique,17
800,San Jacinto (Superstition Mountain),155,reverse oblique,10
800,San Jacinto (Superstition Mountain),156,reverse oblique,20
800,San Jacinto (Superstition Mountain),157,reverse oblique,17
800,San Jacinto (Superstition Mountain),158,reverse oblique,35
800,San Jacinto (Superstition Mountain),159,reverse oblique,22
800,San Jacinto (Superstition Mountain),160,strike-slip,28
800,San Jacinto (Superstition Mountain),161,strike-slip,10
800,San Jacinto (Superstition Mountain),162,strike-slip,20
800,San Jacinto (Superstition Mountain),163,strike-slip,18
800,San Jacinto (Superstition Mountain),164,strike-slip,20
800,San Jacinto (Superstition Mountain),165,strike-slip,18
800,San Jacinto (Superstition Mountain),166,strike-slip,4
800,San Jacinto (Superstition Mountain),167,strike-slip,24
800,San Jacinto (Superstition Mountain),168,strike-slip,38
800,San Jacinto (Superstition Mountain),169,strike-slip,28
800,San Jacinto (Superstition Mountain),171,strike-slip,18
800,San Jacinto (Superstition Mountain),172,strike-slip,38
800,San Jacinto (Superstition Mountain),173,strike-slip,20
800,San Jacinto (Superstition Mountain),174,strike-slip,162
800,San Jacinto (Superstition Mountain),175,strike-slip,166
800,San Jacinto (Superstition Mountain),176,strike-slip,94
800,San Jacinto (Superstition Mountain),177,strike-slip,94
800,San Jacinto (Superstition Mountain),178,strike-slip,107
800,San Jacinto (Superstition Mountain),179,strike-slip,126
800,San Jacinto (Superstition Mountain),180,strike-slip,5637
801,San Jacinto (Borrego),129,reverse oblique,2
801,San Jacinto (Borrego),130,reverse oblique,17
801,San Jacinto (Borrego),131,reverse oblique,6
801,San Jacinto (Borrego),132,reverse oblique,12
801,San Jacinto (Borrego),133,reverse oblique,8
801,San Jacinto (Borrego),134,reverse oblique,16
801,San Jacinto (Borrego),135,reverse oblique,14
801,San Jacinto (Borrego),136,reverse oblique,17
801,San Jacinto (Borrego),137,reverse oblique,32
801,San Jacinto (Borrego),138,reverse oblique,28
801,San Jacinto (Borrego),139,reverse oblique,54
801,San Jacinto (Borrego),140,reverse oblique,64
801,San Jacinto (Borrego),141,reverse oblique,60
801,San Jacinto (Borrego),142,reverse oblique,54
801,San Jacinto (Borrego),143,reverse oblique,12
801,San Jacinto (Borrego),144,reverse oblique,24
801,San Jacinto (Borrego),145,reverse oblique,6
801,San Jacinto (Borrego),146,reverse oblique,2
801,San Jacinto (Borrego),149,reverse oblique,18
801,San Jacinto (Borrego),150,reverse oblique,28
801,San Jacinto (Borrego),151,reverse oblique,58
801,San Jacinto (Borrego),152,reverse oblique,84
801,San Jacinto (Borrego),153,reverse oblique,46
801,San Jacinto (Borrego),154,reverse oblique,44
801,San Jacinto (Borrego),155,reverse oblique,41
801,San Jacinto (Borrego),156,reverse oblique,60
801,San Jacinto (Borrego),157,reverse oblique,46
801,San Jacinto (Borrego),158,reverse oblique,70
801,San Jacinto (Borrego),159,reverse oblique,60
801,San Jacinto (Borrego),160,strike-slip,52
801,San Jacinto (Borrego),161,strike-slip,48
801,San Jacinto (Borrego),162,strike-slip,36
801,San Jacinto (Borrego),163,strike-slip,33
801,San Jacinto (Borrego),164,strike-slip,36
801,San Jacinto (Borrego),165,strike-slip,31
801,San Jacinto (Borrego),166,strike-slip,45
801,San Jacinto (Borrego),167,strike-slip,36
801,San Jacinto (Borrego),168,strike-slip,60
801,San Jacinto (Borrego),169,strike-slip,48
801,San Jacinto (Borrego),171,strike-slip,36
801,San Jacinto (Borrego),172,strike-slip,72
801,San Jacinto (Borrego),173,strike-slip,110
801,San Jacinto (Borrego),174,strike-slip,514
801,San Jacinto (Borrego),175,strike-slip,466
801,San Jacinto (Borrego),176,strike-slip,219
801,San Jacinto (Borrego),177,strike-slip,231
801,San Jacinto (Borrego),178,strike-slip,408
801,San Jacinto (Borrego),179,strike-slip,838
801,San Jacinto (Borrego),180,strike-slip,16476
802,San Jacinto (Coyote Creek),122,reverse oblique,2
802,San Jacinto (Coyote Creek),123,reverse oblique,5
802,San Jacinto (Coyote Creek),124,reverse oblique,9
802,San Jacinto (Coyote Creek),125,reverse oblique,7
802,San Jacinto (Coyote Creek),126,reverse oblique,20
802,San Jacinto (Coyote Creek),127,reverse oblique,23
802,San Jacinto (Coyote Creek),128,reverse oblique,27
802,San Jacinto (Coyote Creek),129,reverse oblique,25
802,San Jacinto (Coyote Creek),130,reverse oblique,53
802,San Jacinto (Coyote Creek),131,reverse oblique,50
802,San Jacinto (Coyote Creek),132,reverse oblique,44
802,San Jacinto (Coyote Creek),133,reverse oblique,36
802,San Jacinto (Coyote Creek),134,reverse oblique,58
802,San Jacinto (Coyote Creek),135,reverse oblique,52
802,San Jacinto (Coyote Creek),136,reverse oblique,49
802,San Jacinto (Coyote Creek),137,reverse oblique,64
802,San Jacinto (Coyote Creek),138,reverse oblique,42
802,San Jacinto (Coyote Creek),139,reverse oblique,74
802,San Jacinto (Coyote Creek),140,reverse oblique,80
802,San Jacinto (Coyote Creek),141,reverse oblique,71
802,San Jacinto (Coyote Creek),142,reverse oblique,65
802,San Jacinto (Coyote Creek),143,reverse oblique,24
802,San Jacinto (Coyote Creek),144,reverse oblique,55
802,San Jacinto (Coyote Creek),145,reverse oblique,31
802,San Jacinto (Coyote Creek),146,reverse oblique,31
802,San Jacinto (Coyote Creek),147,reverse oblique,37
802,San Jacinto (Coyote Creek),148,reverse oblique,35
802,San Jacinto (Coyote Creek),149,reverse oblique,66
802,San Jacinto (Coyote Creek),150,reverse oblique,68
802,San Jacinto (Coyote Creek),151,reverse oblique,94
802,San Jacinto (Coyote Creek),152,reverse oblique,129
802,San Jacinto (Coyote Creek),153,reverse oblique,66
802,San Jacinto (Coyote Creek),154,reverse oblique,82
802,San Jacinto (Coyote Creek),155,reverse oblique,68
802,San Jacinto (Coyote Creek),156,reverse oblique,92
802,San Jacinto (Coyote Creek),157,reverse oblique,66
802,San Jacinto (Coyote Creek),158,reverse oblique,92
802,San Jacinto (Coyote Creek),159,reverse oblique,84
802,San Jacinto (Coyote Creek),160,strike-slip,73
802,San Jacinto (Coyote Creek),161,strike-slip,65
802,San Jacinto (Coyote Creek),162,strike-slip,52
802,San Jacinto (Coyote Creek),163,strike-slip,50
802,San Jacinto (Coyote Creek),164,strike-slip,58
802,San Jacinto (Coyote Creek),165,strike-slip,42
802,San Jacinto (Coyote Creek),166,strike-slip,54
802,San Jacinto (Coyote Creek),167,strike-slip,36
802,San Jacinto (Coyote Creek),168,strike-slip,60
802,San Jacinto (Coyote Creek),169,strike-slip,48
802,San Jacinto (Coyote Creek),171,strike-slip,46
802,San Jacinto (Coyote Creek),172,strike-slip,138
802,San Jacinto (Coyote Creek),173,strike-slip,326
802,San Jacinto (Coyote Creek),174,strike-slip,891
802,San Jacinto (Coyote Creek),175,strike-slip,639
802,San Jacinto (Coyote Creek),176,strike-slip,354
802,San Jacinto (Coyote Creek),177,strike-slip,401
802,San Jacinto (Coyote Creek),178,strike-slip,833
802,San Jacinto (Coyote Creek),179,strike-slip,2866
802,San Jacinto (Coyote Creek),180,strike-slip,28558
803,San Jacinto (Clark),120,reverse oblique,3
803,San Jacinto (Clark),122,reverse oblique,12
803,San Jacinto (Clark),123,reverse oblique,7
803,San Jacinto (Clark),124,reverse oblique,20
803,San Jacinto (Clark),125,reverse oblique,21
803,San Jacinto (Clark),126,reverse oblique,44
803,San Jacinto (Clark),127,reverse oblique,36
803,San Jacinto (Clark),128,reverse oblique,59
803,San Jacinto (Clark),129,reverse oblique,42
803,San Jacinto (Clark),130,reverse oblique,58
803,San Jacinto (Clark),131,reverse oblique,39
803,San Jacinto (Clark),132,reverse oblique,61
803,San Jacinto (Clark),133,reverse oblique,55
803,San Jacinto (Clark),134,reverse oblique,46
803,San Jacinto (Clark),135,reverse oblique,38
803,San Jacinto (Clark),136,reverse oblique,36
803,San Jacinto (Clark),137,reverse oblique,34
803,San Jacinto (Clark),138,reverse oblique,23
803,San Jacinto (Clark),139,reverse oblique,14
803,San Jacinto (Clark),140,reverse oblique,9
803,San Jacinto (Clark),141,reverse oblique,7
803,San Jacinto (Clark),142,reverse oblique,18
803,San Jacinto (Clark),143,reverse oblique,24
803,San Jacinto (Clark),144,reverse oblique,27
803,San Jacinto (Clark),145,reverse oblique,39
803,San Jacinto (Clark),146,reverse oblique,38
803,San Jacinto (Clark),147,reverse oblique,33
803,San Jacinto (Clark),148,reverse oblique,54
803,San Jacinto (Clark),149,reverse oblique,38
803,San Jacinto (Clark),150,reverse oblique,33
803,San Jacinto (Clark),151,reverse oblique,22
803,San Jacinto (Clark),152,reverse oblique,27
803,San Jacinto (Clark),153,reverse oblique,44
803,San Jacinto (Clark),154,reverse oblique,16
803,San Jacinto (Clark),155,reverse oblique,32
803,San Jacinto (Clark),156,reverse oblique,14
803,San Jacinto (Clark),157,reverse oblique,18
803,San Jacinto (Clark),158,reverse oblique,8
803,San Jacinto (Clark),159,reverse oblique,12
803,San Jacinto (Clark),160,strike-slip,26
803,San Jacinto (Clark),161,strike-slip,5
803,San Jacinto (Clark),162,strike-slip,22
803,San Jacinto (Clark),163,strike-slip,14
803,San Jacinto (Clark),164,strike-slip,18
803,San Jacinto (Clark),165,strike-slip,18
803,San Jacinto (Clark),166,strike-slip,20
803,San Jacinto (Clark),167,strike-slip,12
803,San Jacinto (Clark),168,strike-slip,6
803,San Jacinto (Clark),169,strike-slip,8
803,San Jacinto (Clark),170,strike-slip,22
803,San Jacinto (Clark),171,strike-slip,30
803,San Jacinto (Clark),172,strike-slip,82
803,San Jacinto (Clark),173,strike-slip,194
803,San Jacinto (Clark),174,strike-slip,404
803,San Jacinto (Clark),175,strike-slip,508
803,San Jacinto (Clark),176,strike-slip,166
803,San Jacinto (Clark),177,strike-slip,200
803,San Jacinto (Clark),178,strike-slip,368
803,San Jacinto (Clark),179,strike-slip,2443
803,San Jacinto (Clark),180,strike-slip,9012
804,San Jacinto (Anza),112,reverse oblique,2
804,San Jacinto (Anza),113,reverse oblique,12
804,San Jacinto (Anza),114,reverse oblique,22
804,San Jacinto (Anza),115,reverse oblique,13
804,San Jacinto (Anza),116,reverse oblique,27
804,San Jacinto (Anza),117,reverse oblique,28
804,San Jacinto (Anza),118,reverse oblique,35
804,San Jacinto (Anza),119,reverse oblique,68
804,San Jacinto (Anza),120,reverse oblique,52
804,San Jacinto (Anza),121,reverse oblique,35
804,San Jacinto (Anza),122,reverse oblique,74
804,San Jacinto (Anza),123,reverse oblique,66
804,San Jacinto (Anza),124,reverse oblique,96
804,San Jacinto (Anza),125,reverse oblique,83
804,San Jacinto (Anza),126,reverse oblique,140
804,San Jacinto (Anza),127,reverse oblique,135
804,San Jacinto (Anza),128,reverse oblique,177
804,San Jacinto (Anza),129,reverse oblique,100
804,San Jacinto (Anza),130,reverse oblique,173
804,San Jacinto (Anza),131,reverse oblique,143
804,San Jacinto (Anza),132,reverse oblique,147
804,San Jacinto (Anza),133,reverse oblique,166
804,San Jacinto (Anza),134,reverse oblique,148
804,San Jacinto (Anza),135,reverse oblique,138
804,San Jacinto (Anza),136,reverse oblique,133
804,San Jacinto (Anza),137,reverse oblique,132
804,San Jacinto (Anza),138,reverse oblique,104
804,San Jacinto (Anza),139,reverse oblique,150
804,San Jacinto (Anza),140,reverse oblique,118
804,San Jacinto (Anza),141,reverse oblique,142
804,San Jacinto (Anza),142,reverse oblique,120
804,San Jacinto (Anza),143,reverse oblique,97
804,San Jacinto (Anza),144,reverse oblique,152
804,San Jacinto (Anza),145,reverse oblique,126
804,San Jacinto (Anza),146,reverse oblique,128
804,San Jacinto (Anza),147,reverse oblique,104
804,San Jacinto (Anza),148,reverse oblique,144
804,San Jacinto (Anza),149,reverse oblique,130
804,San Jacinto (Anza),150,reverse oblique,154
804,San Jacinto (Anza),151,reverse oblique,126
804,San Jacinto (Anza),152,reverse oblique,193
804,San Jacinto (Anza),153,reverse oblique,154
804,San Jacinto (Anza),154,reverse oblique,118
804,San Jacinto (Anza),155,reverse oblique,119
804,San Jacinto (Anza),156,reverse oblique,132
804,San Jacinto (Anza),157,reverse oblique,104
804,San Jacinto (Anza),158,reverse oblique,118
804,San Jacinto (Anza),159,reverse oblique,108
804,San Jacinto (Anza),160,strike-slip,126
804,San Jacinto (Anza),161,strike-slip,72
804,San Jacinto (Anza),162,strike-slip,102
804,San Jacinto (Anza),163,strike-slip,78
804,San Jacinto (Anza),164,strike-slip,84
804,San Jacinto (Anza),165,strike-slip,66
804,San Jacinto (Anza),166,strike-slip,82
804,San Jacinto (Anza),167,strike-slip,54
804,San Jacinto (Anza),168,strike-slip,88
804,San Jacinto (Anza),169,strike-slip,80
804,San Jacinto (Anza),170,strike-slip,98
804,San Jacinto (Anza),171,strike-slip,208
804,San Jacinto (Anza),172,strike-slip,514
804,San Jacinto (Anza),173,strike-slip,834
804,San Jacinto (Anza),174,strike-slip,1774
804,San Jacinto (Anza),175,strike-slip,1580
804,San Jacinto (Anza),176,strike-slip,912
804,San Jacinto (Anza),177,strike-slip,992
804,San Jacinto (Anza),178,strike-slip,1808
804,San Jacinto (Anza),179,strike-slip,10052
804,San Jacinto (Anza),180,strike-slip,55022
805,San Jacinto (stepover),0,strike-slip,2
805,San Jacinto (stepover),96,reverse,4
805,San Jacinto (stepover),97,reverse,2
805,San Jacinto (stepover),98,reverse,2
805,San Jacinto (stepover),99,reverse,5
805,San Jacinto (stepover),100,reverse,5
805,San Jacinto (stepover),101,reverse,5
805,San Jacinto (stepover),102,reverse,12
805,San Jacinto (stepover),103,reverse,9
805,San Jacinto (stepover),104,reverse,9
805,San Jacinto (stepover),105,reverse,7
805,San Jacinto (stepover),106,reverse,22
805,San Jacinto (stepover),107,reverse,12
805,San Jacinto (stepover),108,reverse,38
805,San Jacinto (stepover),109,reverse,38
805,San Jacinto (stepover),110,reverse oblique,25
805,San Jacinto (stepover),111,reverse oblique,14
805,San Jacinto (stepover),112,reverse oblique,22
805,San Jacinto (stepover),113,reverse oblique,40
805,San Jacinto (stepover),114,reverse oblique,52
805,San Jacinto (stepover),115,reverse oblique,28
805,San Jacinto (stepover),116,reverse oblique,62
805,San Jacinto (stepover),117,reverse oblique,38
805,San Jacinto (stepover),118,reverse oblique,44
805,San Jacinto (stepover),119,reverse oblique,80
805,San Jacinto (stepover),120,reverse oblique,51
805,San Jacinto (stepover),121,reverse oblique,59
805,San Jacinto (stepover),122,reverse oblique,74
805,San Jacinto (stepover),123,reverse oblique,68
805,San Jacinto (stepover),124,reverse oblique,109
805,San Jacinto (stepover),125,reverse oblique,62
805,San Jacinto (stepover),126,reverse oblique,140
805,San Jacinto (stepover),127,reverse oblique,96
805,San Jacinto (stepover),128,reverse oblique,143
805,San Jacinto (stepover),129,reverse oblique,75
805,San Jacinto (stepover),130,reverse oblique,131
805,San Jacinto (stepover),131,reverse oblique,104
805,San Jacinto (stepover),132,reverse oblique,126
805,San Jacinto (stepover),133,reverse oblique,128
805,San Jacinto (stepover),134,reverse oblique,108
805,San Jacinto (stepover),135,reverse oblique,118
805,San Jacinto (stepover),136,reverse oblique,104
805,San Jacinto (stepover),137,reverse oblique,100
805,San Jacinto (stepover),138,reverse oblique,80
805,San Jacinto (stepover),139,reverse oblique,118
805,San Jacinto (stepover),140,reverse oblique,86
805,San Jacinto (stepover),141,reverse oblique,108
805,San Jacinto (stepover),142,reverse oblique,84
805,San Jacinto (stepover),143,reverse oblique,75
805,San Jacinto (stepover),144,reverse oblique,104
805,San Jacinto (stepover),145,reverse oblique,96
805,San Jacinto (stepover),146,reverse oblique,92
805,San Jacinto (stepover),147,reverse oblique,78
805,San Jacinto (stepover),148,reverse oblique,100
805,San Jacinto (stepover),149,reverse oblique,96
805,San Jacinto (stepover),150,reverse oblique,108
805,San Jacinto (stepover),151,reverse oblique,84
805,San Jacinto (stepover),152,reverse oblique,132
805,San Jacinto (stepover),153,reverse oblique,104
805,San Jacinto (stepover),154,reverse oblique,84
805,San Jacinto (stepover),155,reverse oblique,84
805,San Jacinto (stepover),156,reverse oblique,88
805,San Jacinto (stepover),157,reverse oblique,72
805,San Jacinto (stepover),158,reverse oblique,80
805,San Jacinto (stepover),159,reverse oblique,72
805,San Jacinto (stepover),160,strike-slip,84
805,San Jacinto (stepover),161,strike-slip,52
805,San Jacinto (stepover),162,strike-slip,74
805,San Jacinto (stepover),163,strike-slip,52
805,San Jacinto (stepover),164,strike-slip,68
805,San Jacinto (stepover),165,strike-slip,50
805,San Jacinto (stepover),166,strike-slip,78
805,San Jacinto (stepover),167,strike-slip,62
805,San Jacinto (stepover),168,strike-slip,100
805,San Jacinto (stepover),169,strike-slip,90
805,San Jacinto (stepover),170,strike-slip,151
805,San Jacinto (stepover),171,strike-slip,196
805,San Jacinto (stepover),172,strike-slip,410
805,San Jacinto (stepover),173,strike-slip,626
805,San Jacinto (stepover),174,strike-slip,1346
805,San Jacinto (stepover),175,strike-slip,1146
805,San Jacinto (stepover),176,strike-slip,718
805,San Jacinto (stepover),177,strike-slip,863
805,San Jacinto (stepover),178,strike-slip,1434
805,San Jacinto (stepover),179,strike-slip,8880
805,San Jacinto (stepover),180,strike-slip,43760
806,San Jacinto (San Jacinto Valley),0,strike-slip,46
806,San Jacinto (San Jacinto Valley),80,reverse,2
806,San Jacinto (San Jacinto Valley),81,reverse,4
806,San Jacinto (San Jacinto Valley),82,reverse,2
806,San Jacinto (San Jacinto Valley),83,reverse,5
806,San Jacinto (San Jacinto Valley),84,reverse,10
806,San Jacinto (San Jacinto Valley),85,reverse,3
806,San Jacinto (San Jacinto Valley),86,reverse,5
806,San Jacinto (San Jacinto Valley),87,reverse,10
806,San Jacinto (San Jacinto Valley),88,reverse,2
806,San Jacinto (San Jacinto Valley),89,reverse,5
806,San Jacinto (San Jacinto Valley),90,reverse,5
806,San Jacinto (San Jacinto Valley),91,reverse,5
806,San Jacinto (San Jacinto Valley),92,reverse,10
806,San Jacinto (San Jacinto Valley),93,reverse,3
806,San Jacinto (San Jacinto Valley),94,reverse,3
806,San Jacinto (San Jacinto Valley),95,reverse,3
806,San Jacinto (San Jacinto Valley),96,reverse,9
806,San Jacinto (San Jacinto Valley),97,reverse,3
806,San Jacinto (San Jacinto Valley),98,reverse,7
806,San Jacinto (San Jacinto Valley),99,reverse,11
806,San Jacinto (San Jacinto Valley),100,reverse,9
806,San Jacinto (San Jacinto Valley),101,reverse,11
806,San Jacinto (San Jacinto Valley),102,reverse,28
806,San Jacinto (San Jacinto Valley),103,reverse,34
806,San Jacinto (San Jacinto Valley),104,reverse,26
806,San Jacinto (San Jacinto Valley),105,reverse,15
806,San Jacinto (San Jacinto Valley),106,reverse,41
806,San Jacinto (San Jacinto Valley),107,reverse,21
806,San Jacinto (San Jacinto Valley),108,reverse,54
806,San Jacinto (San Jacinto Valley),109,reverse,46
806,San Jacinto (San Jacinto Valley),110,reverse oblique,33
806,San Jacinto (San Jacinto Valley),111,reverse oblique,21
806,San Jacinto (San Jacinto Valley),112,reverse oblique,41
806,San Jacinto (San Jacinto Valley),113,reverse oblique,33
806,San Jacinto (San Jacinto Valley),114,reverse oblique,65
806,San Jacinto (San Jacinto Valley),115,reverse oblique,45
806,San Jacinto (San Jacinto Valley),116,reverse oblique,57
806,San Jacinto (San Jacinto Valley),117,reverse oblique,36
806,San Jacinto (San Jacinto Valley),118,reverse oblique,46
806,San Jacinto (San Jacinto Valley),119,reverse oblique,69
806,San Jacinto (San Jacinto Valley),120,reverse oblique,39
806,San Jacinto (San Jacinto Valley),121,reverse oblique,61
806,San Jacinto (San Jacinto Valley),122,reverse oblique,63
806,San Jacinto (San Jacinto Valley),123,reverse oblique,57
806,San Jacinto (San Jacinto Valley),124,reverse oblique,97
806,San Jacinto (San Jacinto Valley),125,reverse oblique,48
806,San Jacinto (San Jacinto Valley),126,reverse oblique,108
806,San Jacinto (San Jacinto Valley),127,reverse oblique,85
806,San Jacinto (San Jacinto Valley),128,reverse oblique,108
806,San Jacinto (San Jacinto Valley),129,reverse oblique,57
806,San Jacinto (San Jacinto Valley),130,reverse oblique,108
806,San Jacinto (San Jacinto Valley),131,reverse oblique,80
806,San Jacinto (San Jacinto Valley),132,reverse oblique,96
806,San Jacinto (San Jacinto Valley),133,reverse oblique,99
806,San Jacinto (San Jacinto Valley),134,reverse oblique,84
806,San Jacinto (San Jacinto Valley),135,reverse oblique,92
806,San Jacinto (San Jacinto Valley),136,reverse oblique,83
806,San Jacinto (San Jacinto Valley),137,reverse oblique,75
806,San Jacinto (San Jacinto Valley),138,reverse oblique,60
806,San Jacinto (San Jacinto Valley),139,reverse oblique,96
806,San Jacinto (San Jacinto Valley),140,reverse oblique,66
806,San Jacinto (San Jacinto Valley),141,reverse oblique,81
806,San Jacinto (San Jacinto Valley),142,reverse oblique,63
806,San Jacinto (San Jacinto Valley),143,reverse oblique,57
806,San Jacinto (San Jacinto Valley),144,reverse oblique,78
806,San Jacinto (San Jacinto Valley),145,reverse oblique,75
806,San Jacinto (San Jacinto Valley),146,reverse oblique,69
806,San Jacinto (San Jacinto Valley),147,reverse oblique,60
806,San Jacinto (San Jacinto Valley),148,reverse oblique,75
806,San Jacinto (San Jacinto Valley),149,reverse oblique,72
806,San Jacinto (San Jacinto Valley),150,reverse oblique,81
806,San Jacinto (San Jacinto Valley),151,reverse oblique,63
806,San Jacinto (San Jacinto Valley),152,reverse oblique,99
806,San Jacinto (San Jacinto Valley),153,reverse oblique,78
806,San Jacinto (San Jacinto Valley),154,reverse oblique,67
806,San Jacinto (San Jacinto Valley),155,reverse oblique,63
806,San Jacinto (San Jacinto Valley),156,reverse oblique,66
806,San Jacinto (San Jacinto Valley),157,reverse oblique,60
806,San Jacinto (San Jacinto Valley),158,reverse oblique,60
806,San Jacinto (San Jacinto Valley),159,reverse oblique,54
806,San Jacinto (San Jacinto Valley),160,strike-slip,67
806,San Jacinto (San Jacinto Valley),161,strike-slip,42
806,San Jacinto (San Jacinto Valley),162,strike-slip,71
806,San Jacinto (San Jacinto Valley),163,strike-slip,45
806,San Jacinto (San Jacinto Valley),164,strike-slip,64
806,San Jacinto (San Jacinto Valley),165,strike-slip,49
806,San Jacinto (San Jacinto Valley),166,strike-slip,73
806,San Jacinto (San Jacinto Valley),167,strike-slip,64
806,San Jacinto (San Jacinto Valley),168,strike-slip,94
806,San Jacinto (San Jacinto Valley),169,strike-slip,90
806,San Jacinto (San Jacinto Valley),170,strike-slip,129
806,San Jacinto (San Jacinto Valley),171,strike-slip,157
806,San Jacinto (San Jacinto Valley),172,strike-slip,322
806,San Jacinto (San Jacinto Valley),173,strike-slip,487
806,San Jacinto (San Jacinto Valley),174,strike-slip,1053
806,San Jacinto (San Jacinto Valley),175,strike-slip,900
806,San Jacinto (San Jacinto Valley),176,strike-slip,582
806,San Jacinto (San Jacinto Valley),177,strike-slip,771
806,San Jacinto (San Jacinto Valley),178,strike-slip,1197
806,San Jacinto (San Jacinto Valley),179,strike-slip,7724
806,San Jacinto (San Jacinto Valley),180,strike-slip,36226
807,San Jacinto (San Bernardino),0,strike-slip,194
807,San Jacinto (San Bernardino),74,reverse,4
807,San Jacinto (San Bernardino),75,reverse,6
807,San Jacinto (San Bernardino),76,reverse,2
807,San Jacinto (San Bernardino),77,reverse,4
807,San Jacinto (San Bernardino),78,reverse,2
807,San Jacinto (San Bernardino),79,reverse,2
807,San Jacinto (San Bernardino),80,reverse,4
807,San Jacinto (San Bernardino),81,reverse,6
807,San Jacinto (San Bernardino),82,reverse,8
807,San Jacinto (San Bernardino),83,reverse,6
807,San Jacinto (San Bernardino),84,reverse,10
807,San Jacinto (San Bernardino),85,reverse,8
807,San Jacinto (San Bernardino),86,reverse,6
807,San Jacinto (San Bernardino),87,reverse,8
807,San Jacinto (San Bernardino),88,reverse,6
807,San Jacinto (San Bernardino),89,reverse,6
807,San Jacinto (San Bernardino),90,reverse,6
807,San Jacinto (San Bernardino),91,reverse,6
807,San Jacinto (San Bernardino),92,reverse,8
807,San Jacinto (San Bernardino),93,reverse,12
807,San Jacinto (San Bernardino),94,reverse,30
807,San Jacinto (San Bernardino),95,reverse,17
807,San Jacinto (San Bernardino),96,reverse,27
807,San Jacinto (San Bernardino),97,reverse,16
807,San Jacinto (San Bernardino),98,reverse,38
807,San Jacinto (San Bernardino),99,reverse,45
807,San Jacinto (San Bernardino),100,reverse,37
807,San Jacinto (San Bernardino),101,reverse,32
807,San Jacinto (San Bernardino),102,reverse,51
807,San Jacinto (San Bernardino),103,reverse,49
807,San Jacinto (San Bernardino),104,reverse,40
807,San Jacinto (San Bernardino),105,reverse,38
807,San Jacinto (San Bernardino),106,reverse,58
807,San Jacinto (San Bernardino),107,reverse,33
807,San Jacinto (San Bernardino),108,reverse,74
807,San Jacinto (San Bernardino),109,reverse,51
807,San Jacinto (San Bernardino),110,reverse oblique,35
807,San Jacinto (San Bernardino),111,reverse oblique,25
807,San Jacinto (San Bernardino),112,reverse oblique,61
807,San Jacinto (San Bernardino),113,reverse oblique,31
807,San Jacinto (San Bernardino),114,reverse oblique,81
807,San Jacinto (San Bernardino),115,reverse oblique,50
807,San Jacinto (San Bernardino),116,reverse oblique,60
807,San Jacinto (San Bernardino),117,reverse oblique,33
807,San Jacinto (San Bernardino),118,reverse oblique,44
807,San Jacinto (San Bernardino),119,reverse oblique,71
807,San Jacinto (San Bernardino),120,reverse oblique,32
807,San Jacinto (San Bernardino),121,reverse oblique,64
807,San Jacinto (San Bernardino),122,reverse oblique,62
807,San Jacinto (San Bernardino),123,reverse oblique,58
807,San Jacinto (San Bernardino),124,reverse oblique,96
807,San Jacinto (San Bernardino),125,reverse oblique,41
807,San Jacinto (San Bernardino),126,reverse oblique,105
807,San Jacinto (San Bernardino),127,reverse oblique,89
807,San Jacinto (San Bernardino),128,reverse oblique,102
807,San Jacinto (San Bernardino),129,reverse oblique,47
807,San Jacinto (San Bernardino),130,reverse oblique,102
807,San Jacinto (San Bernardino),131,reverse oblique,72
807,San Jacinto (San Bernardino),132,reverse oblique,91
807,San Jacinto (San Bernardino),133,reverse oblique,102
807,San Jacinto (San Bernardino),134,reverse oblique,79
807,San Jacinto (San Bernardino),135,reverse oblique,89
807,San Jacinto (San Bernardino),136,reverse oblique,86
807,San Jacinto (San Bernardino),137,reverse oblique,77
807,San Jacinto (San Bernardino),138,reverse oblique,52
807,San Jacinto (San Bernardino),139,reverse oblique,100
807,San Jacinto (San Bernardino),140,reverse oblique,56
807,San Jacinto (San Bernardino),141,reverse oblique,75
807,San Jacinto (San Bernardino),142,reverse oblique,59
807,San Jacinto (San Bernardino),143,reverse oblique,53
807,San Jacinto (San Bernardino),144,reverse oblique,79
807,San Jacinto (San Bernardino),145,reverse oblique,71
807,San Jacinto (San Bernardino),146,reverse oblique,70
807,San Jacinto (San Bernardino),147,reverse oblique,68
807,San Jacinto (San Bernardino),148,reverse oblique,79
807,San Jacinto (San Bernardino),149,reverse oblique,78
807,San Jacinto (San Bernardino),150,reverse oblique,84
807,San Jacinto (San Bernardino),151,reverse oblique,63
807,San Jacinto (San Bernardino),152,reverse oblique,110
807,San Jacinto (San Bernardino),153,reverse oblique,84
807,San Jacinto (San Bernardino),154,reverse oblique,76
807,San Jacinto (San Bernardino),155,reverse oblique,66
807,San Jacinto (San Bernardino),156,reverse oblique,90
807,San Jacinto (San Bernardino),157,reverse oblique,74
807,San Jacinto (San Bernardino),158,reverse oblique,74
807,San Jacinto (San Bernardino),159,reverse oblique,63
807,San Jacinto (San Bernardino),160,strike-slip,79
807,San Jacinto (San Bernardino),161,strike-slip,58
807,San Jacinto (San Bernardino),162,strike-slip,88
807,San Jacinto (San Bernardino),163,strike-slip,64
807,San Jacinto (San Bernardino),164,strike-slip,91
807,San Jacinto (San Bernardino),165,strike-slip,69
807,San Jacinto (San Bernardino),166,strike-slip,98
807,San Jacinto (San Bernardino),167,strike-slip,91
807,San Jacinto (San Bernardino),168,strike-slip,133
807,San Jacinto (San Bernardino),169,strike-slip,126
807,San Jacinto (San Bernardino),170,strike-slip,175
807,San Jacinto (San Bernardino),171,strike-slip,196
807,San Jacinto (San Bernardino),172,strike-slip,420
807,San Jacinto (San Bernardino),173,strike-slip,666
807,San Jacinto (San Bernardino),174,strike-slip,1387
807,San Jacinto (San Bernardino),175,strike-slip,1232
807,San Jacinto (San Bernardino),176,strike-slip,745
807,San Jacinto (San Bernardino),177,strike-slip,1082
807,San Jacinto (San Bernardino),178,strike-slip,1518
807,San Jacinto (San Bernardino),179,strike-slip,10173
807,San Jacinto (San Bernardino),180,strike-slip,46932
840,Elsinore (Coyote Mountains),136,reverse oblique,5
840,Elsinore (Coyote Mountains),137,reverse oblique,4
840,Elsinore (Coyote Mountains),138,reverse oblique,13
840,Elsinore (Coyote Mountains),143,reverse oblique,2
840,Elsinore (Coyote Mountains),144,reverse oblique,5
840,Elsinore (Coyote Mountains),145,reverse oblique,11
840,Elsinore (Coyote Mountains),147,reverse oblique,4
840,Elsinore (Coyote Mountains),148,reverse oblique,7
840,Elsinore (Coyote Mountains),149,reverse oblique,10
840,Elsinore (Coyote Mountains),150,reverse oblique,12
840,Elsinore (Coyote Mountains),151,reverse oblique,2
840,Elsinore (Coyote Mountains),152,reverse oblique,5
840,Elsinore (Coyote Mountains),153,reverse oblique,17
840,Elsinore (Coyote Mountains),154,reverse oblique,20
840,Elsinore (Coyote Mountains),155,reverse oblique,34
840,Elsinore (Coyote Mountains),156,reverse oblique,42
840,Elsinore (Coyote Mountains),157,reverse oblique,36
840,Elsinore (Coyote Mountains),158,reverse oblique,38
840,Elsinore (Coyote Mountains),159,reverse oblique,36
840,Elsinore (Coyote Mountains),160,strike-slip,61
840,Elsinore (Coyote Mountains),161,strike-slip,60
840,Elsinore (Coyote Mountains),162,strike-slip,68
840,Elsinore (Coyote Mountains),163,strike-slip,31
840,Elsinore (Coyote Mountains),164,strike-slip,31
840,Elsinore (Coyote Mountains),165,strike-slip,28
840,Elsinore (Coyote Mountains),166,strike-slip,14
840,Elsinore (Coyote Mountains),167,strike-slip,18
840,Elsinore (Coyote Mountains),168,strike-slip,15
840,Elsinore (Coyote Mountains),169,strike-slip,13
840,Elsinore (Coyote Mountains),170,strike-slip,38
840,Elsinore (Coyote Mountains),171,strike-slip,20
840,Elsinore (Coyote Mountains),172,strike-slip,14
840,Elsinore (Coyote Mountains),173,strike-slip,26
840,Elsinore (Coyote Mountains),174,strike-slip,22
840,Elsinore (Coyote Mountains),175,strike-slip,43
840,Elsinore (Coyote Mountains),176,strike-slip,60
840,Elsinore (Coyote Mountains),177,strike-slip,101
840,Elsinore (Coyote Mountains),178,strike-slip,104
840,Elsinore (Coyote Mountains),179,strike-slip,26
840,Elsinore (Coyote Mountains),180,strike-slip,410
841,Elsinore (Julian),117,reverse oblique,2
841,Elsinore (Julian),120,reverse oblique,2
841,Elsinore (Julian),121,reverse oblique,5
841,Elsinore (Julian),122,reverse oblique,2
841,Elsinore (Julian),123,reverse oblique,5
841,Elsinore (Julian),124,reverse oblique,3
841,Elsinore (Julian),125,reverse oblique,8
841,Elsinore (Julian),126,reverse oblique,9
841,Elsinore (Julian),127,reverse oblique,6
841,Elsinore (Julian),128,reverse oblique,9
841,Elsinore (Julian),129,reverse oblique,5
841,Elsinore (Julian),130,reverse oblique,18
841,Elsinore (Julian),131,reverse oblique,9
841,Elsinore (Julian),132,reverse oblique,22
841,Elsinore (Julian),133,reverse oblique,2
841,Elsinore (Julian),134,reverse oblique,25
841,Elsinore (Julian),135,reverse oblique,11
841,Elsinore (Julian),136,reverse oblique,41
841,Elsinore (Julian),137,reverse oblique,25
841,Elsinore (Julian),138,reverse oblique,41
841,Elsinore (Julian),139,reverse oblique,16
841,Elsinore (Julian),140,reverse oblique,40
841,Elsinore (Julian),141,reverse oblique,33
841,Elsinore (Julian),142,reverse oblique,29
841,Elsinore (Julian),143,reverse oblique,39
841,Elsinore (Julian),144,reverse oblique,43
841,Elsinore (Julian),145,reverse oblique,47
841,Elsinore (Julian),146,reverse oblique,55
841,Elsinore (Julian),147,reverse oblique,63
841,Elsinore (Julian),148,reverse oblique,65
841,Elsinore (Julian),149,reverse oblique,57
841,Elsinore (Julian),150,reverse oblique,97
841,Elsinore (Julian),151,reverse oblique,63
841,Elsinore (Julian),152,reverse oblique,109
841,Elsinore (Julian),153,reverse oblique,92
841,Elsinore (Julian),154,reverse oblique,118
841,Elsinore (Julian),155,reverse oblique,142
841,Elsinore (Julian),156,reverse oblique,158
841,Elsinore (Julian),157,reverse oblique,135
841,Elsinore (Julian),158,reverse oblique,163
841,Elsinore (Julian),159,reverse oblique,152
841,Elsinore (Julian),160,strike-slip,183
841,Elsinore (Julian),161,strike-slip,154
841,Elsinore (Julian),162,strike-slip,177
841,Elsinore (Julian),163,strike-slip,94
841,Elsinore (Julian),164,strike-slip,108
841,Elsinore (Julian),165,strike-slip,90
841,Elsinore (Julian),166,strike-slip,62
841,Elsinore (Julian),167,strike-slip,84
841,Elsinore (Julian),168,strike-slip,75
841,Elsinore (Julian),169,strike-slip,75
841,Elsinore (Julian),170,strike-slip,130
841,Elsinore (Julian),171,strike-slip,79
841,Elsinore (Julian),172,strike-slip,105
841,Elsinore (Julian),173,strike-slip,95
841,Elsinore (Julian),174,strike-slip,193
841,Elsinore (Julian),175,strike-slip,208
841,Elsinore (Julian),176,strike-slip,362
841,Elsinore (Julian),177,strike-slip,409
841,Elsinore (Julian),178,strike-slip,351
841,Elsinore (Julian),179,strike-slip,75
841,Elsinore (Julian),180,strike-slip,1220
842,Elsinore (Temecula),94,reverse,2
842,Elsinore (Temecula),97,reverse,2
842,Elsinore (Temecula),98,reverse,2
842,Elsinore (Temecula),99,reverse,2
842,Elsinore (Temecula),101,reverse,2
842,Elsinore (Temecula),102,reverse,2
842,Elsinore (Temecula),103,reverse,4
842,Elsinore (Temecula),104,reverse,2
842,Elsinore (Temecula),105,reverse,4
842,Elsinore (Temecula),106,reverse,10
842,Elsinore (Temecula),108,reverse,9
842,Elsinore (Temecula),109,reverse,9
842,Elsinore (Temecula),110,reverse oblique,12
842,Elsinore (Temecula),111,reverse oblique,9
842,Elsinore (Temecula),112,reverse oblique,20
842,Elsinore (Temecula),113,reverse oblique,14
842,Elsinore (Temecula),114,reverse oblique,20
842,Elsinore (Temecula),115,reverse oblique,31
842,Elsinore (Temecula),116,reverse oblique,25
842,Elsinore (Temecula),117,reverse oblique,27
842,Elsinore (Temecula),118,reverse oblique,26
842,Elsinore (Temecula),119,reverse oblique,23
842,Elsinore (Temecula),120,reverse oblique,37
842,Elsinore (Temecula),121,reverse oblique,42
842,Elsinore (Temecula),122,reverse oblique,38
842,Elsinore (Temecula),123,reverse oblique,46
842,Elsinore (Temecula),124,reverse oblique,43
842,Elsinore (Temecula),125,reverse oblique,47
842,Elsinore (Temecula),126,reverse oblique,66
842,Elsinore (Temecula),127,reverse oblique,40
842,Elsinore (Temecula),128,reverse oblique,47
842,Elsinore (Temecula),129,reverse oblique,35
842,Elsinore (Temecula),130,reverse oblique,68
842,Elsinore (Temecula),131,reverse oblique,37
842,Elsinore (Temecula),132,reverse oblique,61
842,Elsinore (Temecula),133,reverse oblique,22
842,Elsinore (Temecula),134,reverse oblique,54
842,Elsinore (Temecula),135,reverse oblique,42
842,Elsinore (Temecula),136,reverse oblique,80
842,Elsinore (Temecula),137,reverse oblique,63
842,Elsinore (Temecula),138,reverse oblique,74
842,Elsinore (Temecula),139,reverse oblique,60
842,Elsinore (Temecula),140,reverse oblique,81
842,Elsinore (Temecula),141,reverse oblique,80
842,Elsinore (Temecula),142,reverse oblique,66
842,Elsinore (Temecula),143,reverse oblique,69
842,Elsinore (Temecula),144,reverse oblique,77
842,Elsinore (Temecula),145,reverse oblique,63
842,Elsinore (Temecula),146,reverse oblique,89
842,Elsinore (Temecula),147,reverse oblique,102
842,Elsinore (Temecula),148,reverse oblique,93
842,Elsinore (Temecula),149,reverse oblique,81
842,Elsinore (Temecula),150,reverse oblique,121
842,Elsinore (Temecula),151,reverse oblique,91
842,Elsinore (Temecula),152,reverse oblique,124
842,Elsinore (Temecula),153,reverse oblique,106
842,Elsinore (Temecula),154,reverse oblique,147
842,Elsinore (Temecula),155,reverse oblique,132
842,Elsinore (Temecula),156,reverse oblique,166
842,Elsinore (Temecula),157,reverse oblique,136
842,Elsinore (Temecula),158,reverse oblique,175
842,Elsinore (Temecula),159,reverse oblique,150
842,Elsinore (Temecula),160,strike-slip,173
842,Elsinore (Temecula),161,strike-slip,145
842,Elsinore (Temecula),162,strike-slip,169
842,Elsinore (Temecula),163,strike-slip,99
842,Elsinore (Temecula),164,strike-slip,126
842,Elsinore (Temecula),165,strike-slip,84
842,Elsinore (Temecula),166,strike-slip,69
842,Elsinore (Temecula),167,strike-slip,108
842,Elsinore (Temecula),168,strike-slip,106
842,Elsinore (Temecula),169,strike-slip,118
842,Elsinore (Temecula),170,strike-slip,174
842,Elsinore (Temecula),171,strike-slip,119
842,Elsinore (Temecula),172,strike-slip,181
842,Elsinore (Temecula),173,strike-slip,157
842,Elsinore (Temecula),174,strike-slip,270
842,Elsinore (Temecula),175,strike-slip,252
842,Elsinore (Temecula),176,strike-slip,409
842,Elsinore (Temecula),177,strike-slip,405
842,Elsinore (Temecula),178,strike-slip,336
842,Elsinore (Temecula),179,strike-slip,66
842,Elsinore (Temecula),180,strike-slip,834
843,Elsinore (stepover),94,reverse,2
843,Elsinore (stepover),96,reverse,2
843,Elsinore (stepover),97,reverse,4
843,Elsinore (stepover),98,reverse,4
843,Elsinore (stepover),99,reverse,4
843,Elsinore (stepover),100,reverse,2
843,Elsinore (stepover),101,reverse,4
843,Elsinore (stepover),102,reverse,4
843,Elsinore (stepover),103,reverse,8
843,Elsinore (stepover),104,reverse,4
843,Elsinore (stepover),105,reverse,8
843,Elsinore (stepover),106,reverse,12
843,Elsinore (stepover),107,reverse,2
843,Elsinore (stepover),108,reverse,10
843,Elsinore (stepover),109,reverse,10
843,Elsinore (stepover),110,reverse oblique,12
843,Elsinore (stepover),111,reverse oblique,10
843,Elsinore (stepover),112,reverse oblique,16
843,Elsinore (stepover),113,reverse oblique,14
843,Elsinore (stepover),114,reverse oblique,12
843,Elsinore (stepover),115,reverse oblique,20
843,Elsinore (stepover),116,reverse oblique,16
843,Elsinore (stepover),117,reverse oblique,18
843,Elsinore (stepover),118,reverse oblique,18
843,Elsinore (stepover),119,reverse oblique,14
843,Elsinore (stepover),120,reverse oblique,22
843,Elsinore (stepover),121,reverse oblique,22
843,Elsinore (stepover),122,reverse oblique,18
843,Elsinore (stepover),123,reverse oblique,26
843,Elsinore (stepover),124,reverse oblique,22
843,Elsinore (stepover),125,reverse oblique,20
843,Elsinore (stepover),126,reverse oblique,32
843,Elsinore (stepover),127,reverse oblique,20
843,Elsinore (stepover),128,reverse oblique,20
843,Elsinore (stepover),129,reverse oblique,14
843,Elsinore (stepover),130,reverse oblique,30
843,Elsinore (stepover),131,reverse oblique,20
843,Elsinore (stepover),132,reverse oblique,24
843,Elsinore (stepover),133,reverse oblique,14
843,Elsinore (stepover),134,reverse oblique,22
843,Elsinore (stepover),135,reverse oblique,20
843,Elsinore (stepover),136,reverse oblique,34
843,Elsinore (stepover),137,reverse oblique,26
843,Elsinore (stepover),138,reverse oblique,28
843,Elsinore (stepover),139,reverse oblique,26
843,Elsinore (stepover),140,reverse oblique,30
843,Elsinore (stepover),141,reverse oblique,34
843,Elsinore (stepover),142,reverse oblique,26
843,Elsinore (stepover),143,reverse oblique,28
843,Elsinore (stepover),144,reverse oblique,28
843,Elsinore (stepover),145,reverse oblique,22
843,Elsinore (stepover),146,reverse oblique,36
843,Elsinore (stepover),147,reverse oblique,40
843,Elsinore (stepover),148,reverse oblique,38
843,Elsinore (stepover),149,reverse oblique,28
843,Elsinore (stepover),150,reverse oblique,46
843,Elsinore (stepover),151,reverse oblique,34
843,Elsinore (stepover),152,reverse oblique,44
843,Elsinore (stepover),153,reverse oblique,46
843,Elsinore (stepover),154,reverse oblique,54
843,Elsinore (stepover),155,reverse oblique,46
843,Elsinore (stepover),156,reverse oblique,62
843,Elsinore (stepover),157,reverse oblique,48
843,Elsinore (stepover),158,reverse oblique,64
843,Elsinore (stepover),159,reverse oblique,52
843,Elsinore (stepover),160,strike-slip,62
843,Elsinore (stepover),161,strike-slip,52
843,Elsinore (stepover),162,strike-slip,58
843,Elsinore (stepover),163,strike-slip,36
843,Elsinore (stepover),164,strike-slip,48
843,Elsinore (stepover),165,strike-slip,30
843,Elsinore (stepover),166,strike-slip,32
843,Elsinore (stepover),167,strike-slip,44
843,Elsinore (stepover),168,strike-slip,46
843,Elsinore (stepover),169,strike-slip,50
843,Elsinore (stepover),170,strike-slip,70
843,Elsinore (stepover),171,strike-slip,50
843,Elsinore (stepover),172,strike-slip,72
843,Elsinore (stepover),173,strike-slip,62
843,Elsinore (stepover),174,strike-slip,94
843,Elsinore (stepover),175,strike-slip,90
843,Elsinore (stepover),176,strike-slip,140
843,Elsinore (stepover),177,strike-slip,136
843,Elsinore (stepover),178,strike-slip,112
843,Elsinore (stepover),179,strike-slip,22
843,Elsinore (stepover),180,strike-slip,176
844,Elsinore (Glen Ivy),81,reverse,2
844,Elsinore (Glen Ivy),83,reverse,2
844,Elsinore (Glen Ivy),84,reverse,6
844,Elsinore (Glen Ivy),85,reverse,2
844,Elsinore (Glen Ivy),86,reverse,12
844,Elsinore (Glen Ivy),87,reverse,5
844,Elsinore (Glen Ivy),88,reverse,19
844,Elsinore (Glen Ivy),89,reverse,9
844,Elsinore (Glen Ivy),90,reverse,13
844,Elsinore (Glen Ivy),91,reverse,15
844,Elsinore (Glen Ivy),92,reverse,16
844,Elsinore (Glen Ivy),93,reverse,18
844,Elsinore (Glen Ivy),94,reverse,15
844,Elsinore (Glen Ivy),95,reverse,15
844,Elsinore (Glen Ivy),96,reverse,26
844,Elsinore (Glen Ivy),97,reverse,26
844,Elsinore (Glen Ivy),98,reverse,13
844,Elsinore (Glen Ivy),99,reverse,26
844,Elsinore (Glen Ivy),100,reverse,22
844,Elsinore (Glen Ivy),101,reverse,24
844,Elsinore (Glen Ivy),102,reverse,26
844,Elsinore (Glen Ivy),103,reverse,31
844,Elsinore (Glen Ivy),104,reverse,26
844,Elsinore (Glen Ivy),105,reverse,30
844,Elsinore (Glen Ivy),106,reverse,42
844,Elsinore (Glen Ivy),107,reverse,9
844,Elsinore (Glen Ivy),108,reverse,37
844,Elsinore (Glen Ivy),109,reverse,34
844,Elsinore (Glen Ivy),110,reverse oblique,40
844,Elsinore (Glen Ivy),111,reverse oblique,26
844,Elsinore (Glen Ivy),112,reverse oblique,45
844,Elsinore (Glen Ivy),113,reverse oblique,40
844,Elsinore (Glen Ivy),114,reverse oblique,33
844,Elsinore (Glen Ivy),115,reverse oblique,46
844,Elsinore (Glen Ivy),116,reverse oblique,45
844,Elsinore (Glen Ivy),117,reverse oblique,42
844,Elsinore (Glen Ivy),118,reverse oblique,46
844,Elsinore (Glen Ivy),119,reverse oblique,41
844,Elsinore (Glen Ivy),120,reverse oblique,51
844,Elsinore (Glen Ivy),121,reverse oblique,50
844,Elsinore (Glen Ivy),122,reverse oblique,48
844,Elsinore (Glen Ivy),123,reverse oblique,54
844,Elsinore (Glen Ivy),124,reverse oblique,55
844,Elsinore (Glen Ivy),125,reverse oblique,44
844,Elsinore (Glen Ivy),126,reverse oblique,73
844,Elsinore (Glen Ivy),127,reverse oblique,43
844,Elsinore (Glen Ivy),128,reverse oblique,48
844,Elsinore (Glen Ivy),129,reverse oblique,37
844,Elsinore (Glen Ivy),130,reverse oblique,66
844,Elsinore (Glen Ivy),131,reverse oblique,42
844,Elsinore (Glen Ivy),132,reverse oblique,63
844,Elsinore (Glen Ivy),133,reverse oblique,28
844,Elsinore (Glen Ivy),134,reverse oblique,54
844,Elsinore (Glen Ivy),135,reverse oblique,49
844,Elsinore (Glen Ivy),136,reverse oblique,86
844,Elsinore (Glen Ivy),137,reverse oblique,56
844,Elsinore (Glen Ivy),138,reverse oblique,60
844,Elsinore (Glen Ivy),139,reverse oblique,60
844,Elsinore (Glen Ivy),140,reverse oblique,68
844,Elsinore (Glen Ivy),141,reverse oblique,71
844,Elsinore (Glen Ivy),142,reverse oblique,66
844,Elsinore (Glen Ivy),143,reverse oblique,71
844,Elsinore (Glen Ivy),144,reverse oblique,56
844,Elsinore (Glen Ivy),145,reverse oblique,52
844,Elsinore (Glen Ivy),146,reverse oblique,86
844,Elsinore (Glen Ivy),147,reverse oblique,84
844,Elsinore (Glen Ivy),148,reverse oblique,76
844,Elsinore (Glen Ivy),149,reverse oblique,64
844,Elsinore (Glen Ivy),150,reverse oblique,98
844,Elsinore (Glen Ivy),151,reverse oblique,68
844,Elsinore (Glen Ivy),152,reverse oblique,96
844,Elsinore (Glen Ivy),153,reverse oblique,92
844,Elsinore (Glen Ivy),154,reverse oblique,108
844,Elsinore (Glen Ivy),155,reverse oblique,92
844,Elsinore (Glen Ivy),156,reverse oblique,128
844,Elsinore (Glen Ivy),157,reverse oblique,100
844,Elsinore (Glen Ivy),158,reverse oblique,137
844,Elsinore (Glen Ivy),159,reverse oblique,114
844,Elsinore (Glen Ivy),160,strike-slip,138
844,Elsinore (Glen Ivy),161,strike-slip,122
844,Elsinore (Glen Ivy),162,strike-slip,134
844,Elsinore (Glen Ivy),163,strike-slip,90
844,Elsinore (Glen Ivy),164,strike-slip,110
844,Elsinore (Glen Ivy),165,strike-slip,76
844,Elsinore (Glen Ivy),166,strike-slip,80
844,Elsinore (Glen Ivy),167,strike-slip,96
844,Elsinore (Glen Ivy),168,strike-slip,105
844,Elsinore (Glen Ivy),169,strike-slip,103
844,Elsinore (Glen Ivy),170,strike-slip,144
844,Elsinore (Glen Ivy),171,strike-slip,107
844,Elsinore (Glen Ivy),172,strike-slip,144
844,Elsinore (Glen Ivy),173,strike-slip,128
844,Elsinore (Glen Ivy),174,strike-slip,188
844,Elsinore (Glen Ivy),175,strike-slip,180
844,Elsinore (Glen Ivy),176,strike-slip,280
844,Elsinore (Glen Ivy),177,strike-slip,272
844,Elsinore (Glen Ivy),178,strike-slip,224
844,Elsinore (Glen Ivy),179,strike-slip,44
844,Elsinore (Glen Ivy),180,strike-slip,214
880,Garlock (west),-3,strike-slip,30
880,Garlock (west),-2,strike-slip,30
880,Garlock (west),0,strike-slip,14641
880,Garlock (west),180,strike-slip,19167
881,Garlock (center),-148,normal oblique,6
881,Garlock (center),-147,normal oblique,4
881,Garlock (center),-146,normal oblique,10
881,Garlock (center),-145,normal oblique,8
881,Garlock (center),-144,normal oblique,8
881,Garlock (center),-143,normal oblique,5
881,Garlock (center),-142,normal oblique,12
881,Garlock (center),-140,normal oblique,14
881,Garlock (center),-139,normal oblique,8
881,Garlock (center),-138,normal oblique,8
881,Garlock (center),-137,normal oblique,9
881,Garlock (center),-136,normal oblique,9
881,Garlock (center),-135,normal oblique,10
881,Garlock (center),-134,normal oblique,10
881,Garlock (center),-132,normal oblique,13
881,Garlock (center),-131,normal oblique,11
881,Garlock (center),-129,normal oblique,12
881,Garlock (center),-126,normal oblique,13
881,Garlock (center),-123,normal oblique,14
881,Garlock (center),-121,normal oblique,2
881,Garlock (center),-120,normal oblique,15
881,Garlock (center),-115,normal oblique,3
881,Garlock (center),-93,normal,3
881,Garlock (center),-92,normal,2
881,Garlock (center),-64,normal oblique,4
881,Garlock (center),-52,normal oblique,3
881,Garlock (center),-44,normal oblique,5
881,Garlock (center),-32,normal oblique,10
881,Garlock (center),-25,normal oblique,7
881,Garlock (center),-22,normal oblique,5
881,Garlock (center),-20,strike-slip,8
881,Garlock (center),-17,strike-slip,15
881,Garlock (center),-15,strike-slip,10
881,Garlock (center),-14,strike-slip,7
881,Garlock (center),-13,strike-slip,11
881,Garlock (center),-12,strike-slip,20
881,Garlock (center),-10,strike-slip,36
881,Garlock (center),-9,strike-slip,25
881,Garlock (center),-8,strike-slip,44
881,Garlock (center),-7,strike-slip,49
881,Garlock (center),-6,strike-slip,47
881,Garlock (center),-5,strike-slip,15
881,Garlock (center),-3,strike-slip,60
881,Garlock (center),-2,strike-slip,60
881,Garlock (center),0,strike-slip,21413
881,Garlock (center),180,strike-slip,20244
882,Garlock (east),0,strike-slip,2935
882,Garlock (east),180,strike-slip,2894
900,"Hayward (south, extension)",135,reverse oblique,77
900,"Hayward (south, extension)",159,reverse oblique,7
900,"Hayward (south, extension)",161,strike-slip,19
900,"Hayward (south, extension)",162,strike-slip,7
900,"Hayward (south, extension)",163,strike-slip,23
900,"Hayward (south, extension)",164,strike-slip,20
900,"Hayward (south, extension)",165,strike-slip,31
900,"Hayward (south, extension)",166,strike-slip,50
900,"Hayward (south, extension)",167,strike-slip,40
900,"Hayward (south, extension)",168,strike-slip,71
900,"Hayward (south, extension)",169,strike-slip,64
900,"Hayward (south, extension)",170,strike-slip,107
900,"Hayward (south, extension)",171,strike-slip,114
900,"Hayward (south, extension)",172,strike-slip,200
900,"Hayward (south, extension)",173,strike-slip,167
900,"Hayward (south, extension)",174,strike-slip,322
900,"Hayward (south, extension)",175,strike-slip,449
900,"Hayward (south, extension)",176,strike-slip,1046
900,"Hayward (south, extension)",177,strike-slip,1716
900,"Hayward (south, extension)",178,strike-slip,2439
900,"Hayward (south, extension)",179,strike-slip,1333
900,"Hayward (south, extension)",180,strike-slip,92
901,Hayward (south),165,strike-slip,2
901,Hayward (south),166,strike-slip,2
901,Hayward (south),168,strike-slip,6
901,Hayward (south),169,strike-slip,4
901,Hayward (south),170,strike-slip,29
901,Hayward (south),171,strike-slip,66
901,Hayward (south),172,strike-slip,64
901,Hayward (south),173,strike-slip,83
901,Hayward (south),174,strike-slip,164
901,Hayward (south),175,strike-slip,232
901,Hayward (south),176,strike-slip,521
901,Hayward (south),177,strike-slip,1109
901,Hayward (south),178,strike-slip,1558
901,Hayward (south),179,strike-slip,1694
901,Hayward (south),180,strike-slip,55270
902,Hayward (north),171,strike-slip,14
902,Hayward (north),172,strike-slip,30
902,Hayward (north),173,strike-slip,9
902,Hayward (north),174,strike-slip,45
902,Hayward (north),175,strike-slip,32
902,Hayward (north),176,strike-slip,145
902,Hayward (north),177,strike-slip,559
902,Hayward (north),178,strike-slip,1578
902,Hayward (north),179,strike-slip,2015
902,Hayward (north),180,strike-slip,56989
903,Rodgers Creek - Healdsburg,176,strike-slip,27
903,Rodgers Creek - Healdsburg,177,strike-slip,35
903,Rodgers Creek - Healdsburg,178,strike-slip,603
903,Rodgers Creek - Healdsburg,179,strike-slip,656
903,Rodgers Creek - Healdsburg,180,strike-slip,21192
920,"Calaveras (south, Paicines)",153,reverse oblique,2
920,"Calaveras (south, Paicines)",154,reverse oblique,4
920,"Calaveras (south, Paicines)",155,reverse oblique,2
920,"Calaveras (south, Paicines)",156,reverse oblique,2
920,"Calaveras (south, Paicines)",158,reverse oblique,2
920,"Calaveras (south, Paicines)",160,strike-slip,4
920,"Calaveras (south, Paicines)",161,strike-slip,12
920,"Calaveras (south, Paicines)",162,strike-slip,14
920,"Calaveras (south, Paicines)",163,strike-slip,12
920,"Calaveras (south, Paicines)",164,strike-slip,14
920,"Calaveras (south, Paicines)",165,strike-slip,43
920,"Calaveras (south, Paicines)",166,strike-slip,143
920,"Calaveras (south, Paicines)",167,strike-slip,108
920,"Calaveras (south, Paicines)",168,strike-slip,284
920,"Calaveras (south, Paicines)",169,strike-slip,616
920,"Calaveras (south, Paicines)",170,strike-slip,864
920,"Calaveras (south, Paicines)",171,strike-slip,987
920,"Calaveras (south, Paicines)",172,strike-slip,1623
920,"Calaveras (south, Paicines)",173,strike-slip,1675
920,"Calaveras (south, Paicines)",174,strike-slip,3327
920,"Calaveras (south, Paicines)",175,strike-slip,1588
920,"Calaveras (south, Paicines)",176,strike-slip,1042
920,"Calaveras (south, Paicines)",177,strike-slip,1073
920,"Calaveras (south, Paicines)",178,strike-slip,565
920,"Calaveras (south, Paicines)",179,strike-slip,632
920,"Calaveras (south, Paicines)",180,strike-slip,155941
921,Calaveras (south),165,strike-slip,4
921,Calaveras (south),166,strike-slip,66
921,Calaveras (south),167,strike-slip,42
921,Calaveras (south),168,strike-slip,124
921,Calaveras (south),169,strike-slip,351
921,Calaveras (south),170,strike-slip,475
921,Calaveras (south),171,strike-slip,543
921,Calaveras (south),172,strike-slip,920
921,Calaveras (south),173,strike-slip,861
921,Calaveras (south),174,strike-slip,1947
921,Calaveras (south),175,strike-slip,1210
921,Calaveras (south),176,strike-slip,931
921,Calaveras (south),177,strike-slip,1011
921,Calaveras (south),178,strike-slip,511
921,Calaveras (south),179,strike-slip,474
921,Calaveras (south),180,strike-slip,116532
922,Calaveras (center),159,reverse oblique,2
922,Calaveras (center),161,strike-slip,4
922,Calaveras (center),162,strike-slip,2
922,Calaveras (center),163,strike-slip,6
922,Calaveras (center),164,strike-slip,6
922,Calaveras (center),165,strike-slip,8
922,Calaveras (center),166,strike-slip,26
922,Calaveras (center),167,strike-slip,49
922,Calaveras (center),168,strike-slip,125
922,Calaveras (center),169,strike-slip,370
922,Calaveras (center),170,strike-slip,534
922,Calaveras (center),171,strike-slip,498
922,Calaveras (center),172,strike-slip,1023
922,Calaveras (center),173,strike-slip,713
922,Calaveras (center),174,strike-slip,2303
922,Calaveras (center),175,strike-slip,1744
922,Calaveras (center),176,strike-slip,1319
922,Calaveras (center),177,strike-slip,1357
922,Calaveras (center),178,strike-slip,789
922,Calaveras (center),179,strike-slip,698
922,Calaveras (center),180,strike-slip,165329
923,Calaveras (north),168,strike-slip,4
923,Calaveras (north),169,strike-slip,6
923,Calaveras (north),170,strike-slip,85
923,Calaveras (north),171,strike-slip,30
923,Calaveras (north),172,strike-slip,124
923,Calaveras (north),173,strike-slip,121
923,Calaveras (north),174,strike-slip,280
923,Calaveras (north),175,strike-slip,745
923,Calaveras (north),176,strike-slip,1057
923,Calaveras (north),177,strike-slip,1377
923,Calaveras (north),178,strike-slip,2105
923,Calaveras (north),179,strike-slip,1413
923,Calaveras (north),180,strike-slip,43890
1000,Antelope Valley,-90,normal,50
1002,Incline Village,-90,normal,12
2500,Goose Lake,-90,normal,1832
2502,South Klamath Lake (west),-90,normal,156
